[03апр.2025 21:12:21.147] [main/INFO] [cpw.mods.modlauncher.Launcher/MODLAUNCHER]: ModLauncher running: args [--launchTarget, forgeclientuserdev, --version, 21.1.137, --assetIndex, 17, --assetsDir, C:\\Users\\admin\\.gradle\\caches\\neoformruntime\\assets, --gameDir, ., --fml.neoForgeVersion, 21.1.137, --fml.fmlVersion, 4.0.38, --fml.mcVersion, 1.21.1, --fml.neoFormVersion, 20240808.144430]
[03апр.2025 21:12:21.151] [main/INFO] [cpw.mods.modlauncher.Launcher/MODLAUNCHER]: JVM identified as Amazon.com Inc. OpenJDK 64-Bit Server VM 21.0.6+7-LTS
[03апр.2025 21:12:21.152] [main/INFO] [cpw.mods.modlauncher.Launcher/MODLAUNCHER]: ModLauncher 11.0.4+main.d2e20e43 starting: java version 21.0.6 by Amazon.com Inc.; OS Windows 11 arch amd64 version 10.0
[03апр.2025 21:12:21.175] [main/DEBUG] [cpw.mods.modlauncher.LaunchServiceHandler/MODLAUNCHER]: Found launch services [minecraft,forgeclient,forgedatauserdev,testharness,forgeserverdev,forgeserveruserdev,forgejunitdev,forgeclientdev,forgeclientuserdev,forgeserver,forgejunituserdev,forgedatadev]
[03апр.2025 21:12:21.200] [main/DEBUG] [cpw.mods.modlauncher.LaunchPluginHandler/MODLAUNCHER]: Found launch plugins: [mixin,slf4jfixer,runtime_enum_extender,accesstransformer,runtimedistcleaner]
[03апр.2025 21:12:21.213] [main/DEBUG] [cpw.mods.modlauncher.TransformationServicesHandler/MODLAUNCHER]: Discovering transformation services
[03апр.2025 21:12:21.222] [main/DEBUG] [net.neoforged.fml.loading.FMLPaths/CORE]: Path GAMEDIR is C:\Users\admin\Desktop\No-Man-s-Delight\run
[03апр.2025 21:12:21.222] [main/DEBUG] [net.neoforged.fml.loading.FMLPaths/CORE]: Path MODSDIR is C:\Users\admin\Desktop\No-Man-s-Delight\run\mods
[03апр.2025 21:12:21.222] [main/DEBUG] [net.neoforged.fml.loading.FMLPaths/CORE]: Path CONFIGDIR is C:\Users\admin\Desktop\No-Man-s-Delight\run\config
[03апр.2025 21:12:21.223] [main/DEBUG] [net.neoforged.fml.loading.FMLPaths/CORE]: Path FMLCONFIG is C:\Users\admin\Desktop\No-Man-s-Delight\run\config\fml.toml
[03апр.2025 21:12:21.266] [main/DEBUG] [net.neoforged.fml.loading.targets.CommonLaunchHandler/CORE]: Got mod coordinates no_mans_delight%%C:\\Users\\admin\\Desktop\\No-Man-s-Delight\\build\\classes\\java\\main;no_mans_delight%%C:\\Users\\admin\\Desktop\\No-Man-s-Delight\\build\\resources\\main from env
[03апр.2025 21:12:21.267] [main/DEBUG] [net.neoforged.fml.loading.targets.CommonLaunchHandler/CORE]: Found supplied mod coordinates [{no_mans_delight=[C:\Users\admin\Desktop\No-Man-s-Delight\build\classes\java\main, C:\Users\admin\Desktop\No-Man-s-Delight\build\resources\main]}]
[03апр.2025 21:12:21.269] [main/DEBUG] [cpw.mods.modlauncher.TransformationServicesHandler/MODLAUNCHER]: Found additional transformation services from discovery services: 
[03апр.2025 21:12:21.276] [main/INFO] [net.neoforged.fml.loading.ImmediateWindowHandler/]: Loading ImmediateWindowProvider fmlearlywindow
[03апр.2025 21:12:21.400] [main/INFO] [EARLYDISPLAY/]: Trying GL version 4.6
[03апр.2025 21:12:21.502] [main/INFO] [EARLYDISPLAY/]: Requested GL version 4.6 got version 4.6
[03апр.2025 21:12:21.579] [main/DEBUG] [cpw.mods.modlauncher.TransformationServicesHandler/MODLAUNCHER]: Found transformer services : [mixin,fml]
[03апр.2025 21:12:21.581] [main/DEBUG] [cpw.mods.modlauncher.TransformationServicesHandler/MODLAUNCHER]: Transformation services loading
[03апр.2025 21:12:21.583] [main/DEBUG] [cpw.mods.modlauncher.TransformationServiceDecorator/MODLAUNCHER]: Loading service mixin
[03апр.2025 21:12:21.583] [main/DEBUG] [cpw.mods.modlauncher.TransformationServiceDecorator/MODLAUNCHER]: Loaded service mixin
[03апр.2025 21:12:21.584] [main/DEBUG] [cpw.mods.modlauncher.TransformationServiceDecorator/MODLAUNCHER]: Loading service fml
[03апр.2025 21:12:21.585] [main/DEBUG] [net.neoforged.fml.loading.FMLLoader/CORE]: FML 4.0.38 loading
[03апр.2025 21:12:21.585] [main/DEBUG] [net.neoforged.fml.loading.FMLLoader/CORE]: FML found ModLauncher version : 11.0.4+main.d2e20e43
[03апр.2025 21:12:21.586] [main/DEBUG] [net.neoforged.fml.loading.FMLLoader/CORE]: FML found AccessTransformer version : 10.0.1+139da711
[03апр.2025 21:12:21.587] [main/DEBUG] [net.neoforged.fml.loading.FMLLoader/CORE]: FML found EventBus version : null
[03апр.2025 21:12:21.588] [main/DEBUG] [net.neoforged.fml.loading.FMLLoader/CORE]: Found Runtime Dist Cleaner
[03апр.2025 21:12:21.588] [main/DEBUG] [cpw.mods.modlauncher.TransformationServiceDecorator/MODLAUNCHER]: Loaded service fml
[03апр.2025 21:12:21.589] [main/DEBUG] [cpw.mods.modlauncher.TransformationServicesHandler/MODLAUNCHER]: Configuring option handling for services
[03апр.2025 21:12:21.606] [main/DEBUG] [net.neoforged.fml.loading.FMLServiceProvider/CORE]: Received command line version data  : VersionInfo[neoForgeVersion=21.1.137, fmlVersion=4.0.38, mcVersion=1.21.1, neoFormVersion=20240808.144430]
[03апр.2025 21:12:21.606] [main/DEBUG] [cpw.mods.modlauncher.TransformationServicesHandler/MODLAUNCHER]: Transformation services initializing
[03апр.2025 21:12:21.607] [main/DEBUG] [cpw.mods.modlauncher.TransformationServiceDecorator/MODLAUNCHER]: Initializing transformation service mixin
[03апр.2025 21:12:21.630] [main/DEBUG] [mixin/]: MixinService [ModLauncher] was successfully booted in cpw.mods.cl.ModuleClassLoader@2de8284b
[03апр.2025 21:12:21.642] [main/INFO] [mixin/]: SpongePowered MIXIN Subsystem Version=0.8.7 Source=union:/C:/Users/admin/.gradle/caches/modules-2/files-2.1/net.fabricmc/sponge-mixin/0.15.2+mixin.0.8.7/2af2f021d8e02a0220dc27a7a72b4666d66d44ca/sponge-mixin-0.15.2+mixin.0.8.7.jar%23131!/ Service=ModLauncher Env=CLIENT
[03апр.2025 21:12:21.644] [main/DEBUG] [mixin/]: Initialising Mixin Platform Manager
[03апр.2025 21:12:21.644] [main/DEBUG] [mixin/]: Adding mixin platform agents for container ModLauncher Root Container(ModLauncher:4f56a0a2)
[03апр.2025 21:12:21.647] [main/DEBUG] [mixin/]: Instancing new MixinPlatformAgentMinecraftForge for ModLauncher Root Container(ModLauncher:4f56a0a2)
[03апр.2025 21:12:21.648] [main/DEBUG] [mixin/]: MixinPlatformAgentMinecraftForge rejected container ModLauncher Root Container(ModLauncher:4f56a0a2)
[03апр.2025 21:12:21.649] [main/DEBUG] [mixin/]: Instancing new MixinPlatformAgentDefault for ModLauncher Root Container(ModLauncher:4f56a0a2)
[03апр.2025 21:12:21.649] [main/DEBUG] [mixin/]: MixinPlatformAgentDefault accepted container ModLauncher Root Container(ModLauncher:4f56a0a2)
[03апр.2025 21:12:21.651] [main/DEBUG] [cpw.mods.modlauncher.TransformationServiceDecorator/MODLAUNCHER]: Initialized transformation service mixin
[03апр.2025 21:12:21.651] [main/DEBUG] [cpw.mods.modlauncher.TransformationServiceDecorator/MODLAUNCHER]: Initializing transformation service fml
[03апр.2025 21:12:21.651] [main/DEBUG] [net.neoforged.fml.loading.FMLServiceProvider/CORE]: Setting up basic FML game directories
[03апр.2025 21:12:21.652] [main/DEBUG] [net.neoforged.fml.loading.FMLPaths/CORE]: Path GAMEDIR is C:\Users\admin\Desktop\No-Man-s-Delight\run
[03апр.2025 21:12:21.652] [main/DEBUG] [net.neoforged.fml.loading.FMLPaths/CORE]: Path MODSDIR is C:\Users\admin\Desktop\No-Man-s-Delight\run\mods
[03апр.2025 21:12:21.652] [main/DEBUG] [net.neoforged.fml.loading.FMLPaths/CORE]: Path CONFIGDIR is C:\Users\admin\Desktop\No-Man-s-Delight\run\config
[03апр.2025 21:12:21.653] [main/DEBUG] [net.neoforged.fml.loading.FMLPaths/CORE]: Path FMLCONFIG is C:\Users\admin\Desktop\No-Man-s-Delight\run\config\fml.toml
[03апр.2025 21:12:21.653] [main/DEBUG] [net.neoforged.fml.loading.FMLServiceProvider/CORE]: Loading configuration
[03апр.2025 21:12:21.657] [main/DEBUG] [net.neoforged.fml.loading.FMLServiceProvider/CORE]: Preparing launch handler
[03апр.2025 21:12:21.658] [main/DEBUG] [net.neoforged.fml.loading.FMLLoader/CORE]: Using forgeclientuserdev as launch service
[03апр.2025 21:12:21.660] [main/DEBUG] [cpw.mods.modlauncher.TransformationServiceDecorator/MODLAUNCHER]: Initialized transformation service fml
[03апр.2025 21:12:21.661] [main/DEBUG] [cpw.mods.modlauncher.TransformationServicesHandler/MODLAUNCHER]: Transformation services begin scanning
[03апр.2025 21:12:21.661] [main/DEBUG] [cpw.mods.modlauncher.TransformationServiceDecorator/MODLAUNCHER]: Beginning scan trigger - transformation service mixin
[03апр.2025 21:12:21.662] [main/DEBUG] [cpw.mods.modlauncher.TransformationServiceDecorator/MODLAUNCHER]: End scan trigger - transformation service mixin
[03апр.2025 21:12:21.662] [main/DEBUG] [cpw.mods.modlauncher.TransformationServiceDecorator/MODLAUNCHER]: Beginning scan trigger - transformation service fml
[03апр.2025 21:12:21.662] [main/DEBUG] [net.neoforged.fml.loading.FMLServiceProvider/CORE]: Initiating mod scan
[03апр.2025 21:12:21.665] [main/DEBUG] [net.neoforged.fml.loading.targets.CommonLaunchHandler/CORE]: Got mod coordinates no_mans_delight%%C:\\Users\\admin\\Desktop\\No-Man-s-Delight\\build\\classes\\java\\main;no_mans_delight%%C:\\Users\\admin\\Desktop\\No-Man-s-Delight\\build\\resources\\main from env
[03апр.2025 21:12:21.666] [main/DEBUG] [net.neoforged.fml.loading.targets.CommonLaunchHandler/CORE]: Found supplied mod coordinates [{no_mans_delight=[C:\Users\admin\Desktop\No-Man-s-Delight\build\classes\java\main, C:\Users\admin\Desktop\No-Man-s-Delight\build\resources\main]}]
[03апр.2025 21:12:21.717] [main/DEBUG] [net.neoforged.fml.util.ServiceLoaderUtil/CORE]: Found 4 implementations of IModFileCandidateLocator:
[03апр.2025 21:12:21.718] [main/DEBUG] [net.neoforged.fml.util.ServiceLoaderUtil/CORE]: 	       0 - [built-in] net.neoforged.fml.loading.moddiscovery.locators.NeoForgeDevProvider from loader-4.0.38.jar
[03апр.2025 21:12:21.719] [main/DEBUG] [net.neoforged.fml.util.ServiceLoaderUtil/CORE]: 	       0 - net.neoforged.fml.loading.moddiscovery.locators.ModsFolderLocator from loader-4.0.38.jar
[03апр.2025 21:12:21.720] [main/DEBUG] [net.neoforged.fml.util.ServiceLoaderUtil/CORE]: 	       0 - net.neoforged.fml.loading.moddiscovery.locators.MavenDirectoryLocator from loader-4.0.38.jar
[03апр.2025 21:12:21.721] [main/DEBUG] [net.neoforged.fml.util.ServiceLoaderUtil/CORE]: 	   -1000 - [built-in] net.neoforged.fml.loading.moddiscovery.locators.UserdevLocator from loader-4.0.38.jar
[03апр.2025 21:12:21.725] [main/DEBUG] [net.neoforged.fml.util.ServiceLoaderUtil/CORE]: Found 2 implementations of IModFileReader:
[03апр.2025 21:12:21.726] [main/DEBUG] [net.neoforged.fml.util.ServiceLoaderUtil/CORE]: 	       0 - net.neoforged.fml.loading.moddiscovery.readers.JarModsDotTomlModFileReader from loader-4.0.38.jar
[03апр.2025 21:12:21.726] [main/DEBUG] [net.neoforged.fml.util.ServiceLoaderUtil/CORE]: 	   -1000 - net.neoforged.fml.loading.moddiscovery.readers.NestedLibraryModReader from loader-4.0.38.jar
[03апр.2025 21:12:21.728] [main/DEBUG] [net.neoforged.fml.util.ServiceLoaderUtil/CORE]: Found 1 implementations of IDependencyLocator:
[03апр.2025 21:12:21.729] [main/DEBUG] [net.neoforged.fml.util.ServiceLoaderUtil/CORE]: 	       0 - net.neoforged.fml.loading.moddiscovery.locators.JarInJarDependencyLocator from loader-4.0.38.jar
[03апр.2025 21:12:21.799] [main/DEBUG] [net.neoforged.fml.loading.moddiscovery.ModFileInfo/LOADING]: Found valid mod file neoforge-21.1.137.jar with {minecraft} mods - versions {1.21.1}
[03апр.2025 21:12:21.800] [pool-2-thread-1/INFO] [EARLYDISPLAY/]: GL info: Intel(R) UHD Graphics GL version 4.6.0 - Build 31.0.101.5081, Intel
[03апр.2025 21:12:21.808] [main/DEBUG] [net.neoforged.fml.loading.moddiscovery.ModFileParser/LOADING]: Considering mod file candidate C:\Users\admin\Desktop\No-Man-s-Delight\build\moddev\artifacts\neoforge-21.1.137.jar
[03апр.2025 21:12:21.831] [main/DEBUG] [net.neoforged.fml.loading.moddiscovery.ModFileInfo/LOADING]: Found valid mod file neoforge-21.1.137.jar with {neoforge} mods - versions {21.1.137}
[03апр.2025 21:12:21.838] [main/DEBUG] [net.neoforged.fml.loading.moddiscovery.ModListHandler/CORE]: Found mod coordinates from lists: []
[03апр.2025 21:12:21.843] [main/DEBUG] [net.neoforged.fml.loading.moddiscovery.ModFileParser/LOADING]: Considering mod file candidate C:\Users\admin\Desktop\No-Man-s-Delight\build\classes\java\main
[03апр.2025 21:12:21.853] [main/DEBUG] [net.neoforged.fml.loading.moddiscovery.ModFileInfo/LOADING]: Found valid mod file main with {no_mans_delight} mods - versions {0.0.1}
[03апр.2025 21:12:21.864] [main/DEBUG] [net.neoforged.fml.loading.moddiscovery.ModFileParser/LOADING]: Considering mod file candidate C:\Users\admin\Desktop\No-Man-s-Delight\build\moddev\artifacts\neoforge-21.1.137.jar
[03апр.2025 21:12:21.868] [main/DEBUG] [net.neoforged.fml.loading.moddiscovery.ModFileInfo/LOADING]: Found valid mod file neoforge-21.1.137.jar with {neoforge} mods - versions {21.1.137}
[03апр.2025 21:12:21.871] [main/DEBUG] [net.neoforged.fml.loading.moddiscovery.ModFileParser/LOADING]: Considering mod file candidate C:\Users\admin\.gradle\caches\modules-2\files-2.1\curse.maven\farmers-delight-398521\6154807\26c017b7900e3c97a58e58e4ec6a98b0ae74778d\farmers-delight-398521-6154807.jar
[03апр.2025 21:12:21.873] [main/DEBUG] [net.neoforged.fml.loading.moddiscovery.ModFileInfo/LOADING]: Found valid mod file farmers-delight-398521-6154807.jar with {farmersdelight} mods - versions {1.2.7}
[03апр.2025 21:12:21.879] [main/DEBUG] [net.neoforged.fml.loading.moddiscovery.ModFileParser/LOADING]: Considering mod file candidate C:\Users\admin\.gradle\caches\modules-2\files-2.1\curse.maven\no-mans-land-538493\6304277\3af33801ffaff7b2500ca687d52c4be2dafcb5a2\no-mans-land-538493-6304277.jar
[03апр.2025 21:12:21.882] [main/DEBUG] [net.neoforged.fml.loading.moddiscovery.ModFileInfo/LOADING]: Found valid mod file no-mans-land-538493-6304277.jar with {nomansland} mods - versions {1.0.3}
[03апр.2025 21:12:21.887] [main/DEBUG] [net.neoforged.fml.loading.moddiscovery.ModFileParser/LOADING]: Considering mod file candidate C:\Users\admin\.gradle\caches\modules-2\files-2.1\curse.maven\biolith-852512\6161386\8bb9ded5e29b7a21ab914f33500bd012abf16766\biolith-852512-6161386.jar
[03апр.2025 21:12:21.889] [main/DEBUG] [net.neoforged.fml.loading.moddiscovery.ModFileInfo/LOADING]: Found valid mod file biolith-852512-6161386.jar with {biolith} mods - versions {3.0.1}
[03апр.2025 21:12:21.892] [main/DEBUG] [net.neoforged.fml.loading.moddiscovery.ModFileParser/LOADING]: Considering mod file candidate C:\Users\admin\.gradle\caches\modules-2\files-2.1\curse.maven\jei-238222\5846880\4d9ed6b03c67148ffe7406a84deb168a632e0a60\jei-238222-5846880.jar
[03апр.2025 21:12:21.895] [main/DEBUG] [net.neoforged.fml.loading.moddiscovery.ModFileInfo/LOADING]: Found valid mod file jei-238222-5846880.jar with {jei} mods - versions {19.21.0.247}
[03апр.2025 21:12:21.898] [main/DEBUG] [net.neoforged.fml.loading.moddiscovery.ModFileParser/LOADING]: Considering mod file candidate C:\Users\admin\.gradle\caches\modules-2\files-2.1\curse.maven\appleskin-248787\5586600\57b483076431549ca8257095e498e42321abb60\appleskin-248787-5586600.jar
[03апр.2025 21:12:21.910] [main/DEBUG] [net.neoforged.fml.loading.moddiscovery.ModFileInfo/LOADING]: Found valid mod file appleskin-248787-5586600.jar with {appleskin} mods - versions {3.0.5+mc1.21}
[03апр.2025 21:12:21.931] [main/DEBUG] [net.neoforged.fml.loading.moddiscovery.ModDiscoverer/]: Skipping C:\Users\admin\.gradle\caches\modules-2\files-2.1\net.neoforged.fancymodloader\earlydisplay\4.0.38\4b040bd68cf05bc5f6025161e4187fcfd6168241\earlydisplay-4.0.38.jar because it was already located earlier
[03апр.2025 21:12:21.932] [main/DEBUG] [net.neoforged.fml.loading.moddiscovery.ModDiscoverer/]: Skipping C:\Users\admin\.gradle\caches\modules-2\files-2.1\net.neoforged.fancymodloader\loader\4.0.38\93c846ca0115811833d7f7351641f11aebf88ff4\loader-4.0.38.jar because it was already located earlier
[03апр.2025 21:12:21.932] [main/DEBUG] [net.neoforged.fml.loading.moddiscovery.ModDiscoverer/]: Skipping C:\Users\admin\.gradle\caches\modules-2\files-2.1\net.neoforged\coremods\7.0.3\9147e6f638b4272b3bd5fc8f92ad37802512c6c\coremods-7.0.3.jar because it was already located earlier
[03апр.2025 21:12:21.932] [main/DEBUG] [net.neoforged.fml.loading.moddiscovery.ModDiscoverer/]: Skipping C:\Users\admin\.gradle\caches\modules-2\files-2.1\cpw.mods\modlauncher\11.0.4\6619d4812a3c092310d521ebc4c9503727563df7\modlauncher-11.0.4.jar because it was already located earlier
[03апр.2025 21:12:21.932] [main/DEBUG] [net.neoforged.fml.loading.moddiscovery.ModDiscoverer/]: Skipping C:\Users\admin\.gradle\caches\modules-2\files-2.1\net.neoforged.accesstransformers\at-modlauncher\10.0.1\5aba50202aceead086bc09fbc2751c9f05cb4890\at-modlauncher-10.0.1.jar because it was already located earlier
[03апр.2025 21:12:21.932] [main/DEBUG] [net.neoforged.fml.loading.moddiscovery.ModDiscoverer/]: Skipping C:\Users\admin\.gradle\caches\modules-2\files-2.1\net.neoforged\accesstransformers\10.0.1\fd83b5725f76eae9115e9355fa1c456a6a441400\accesstransformers-10.0.1.jar because it was already located earlier
[03апр.2025 21:12:21.932] [main/DEBUG] [net.neoforged.fml.loading.moddiscovery.ModDiscoverer/]: Skipping C:\Users\admin\.gradle\caches\modules-2\files-2.1\org.openjdk.nashorn\nashorn-core\15.4\f67f5ffaa5f5130cf6fb9b133da00c7df3b532a5\nashorn-core-15.4.jar because it was already located earlier
[03апр.2025 21:12:21.932] [main/DEBUG] [net.neoforged.fml.loading.moddiscovery.ModDiscoverer/]: Skipping C:\Users\admin\.gradle\caches\modules-2\files-2.1\net.neoforged\mergetool\2.0.3\1275202cbbb248f49345cf6787ce299afd9a02fb\mergetool-2.0.3-api.jar because it was already located earlier
[03апр.2025 21:12:21.932] [main/DEBUG] [net.neoforged.fml.loading.moddiscovery.ModDiscoverer/]: Skipping C:\Users\admin\.gradle\caches\modules-2\files-2.1\net.neoforged\bus\8.0.2\163c9ef7c4bcca6d850c34e95261b606af91fe06\bus-8.0.2.jar because it was already located earlier
[03апр.2025 21:12:21.932] [main/DEBUG] [net.neoforged.fml.loading.moddiscovery.ModDiscoverer/]: Skipping C:\Users\admin\.gradle\caches\modules-2\files-2.1\com.electronwill.night-config\toml\3.8.0\861dbcf2757dd6701c98b3949198549ccb5f62ff\toml-3.8.0.jar because it was already located earlier
[03апр.2025 21:12:21.932] [main/DEBUG] [net.neoforged.fml.loading.moddiscovery.ModDiscoverer/]: Skipping C:\Users\admin\.gradle\caches\modules-2\files-2.1\com.electronwill.night-config\core\3.8.0\2498dd2b3120dd49e963e2feab8fa5d0c5f80e0a\core-3.8.0.jar because it was already located earlier
[03апр.2025 21:12:21.933] [main/DEBUG] [net.neoforged.fml.loading.moddiscovery.ModDiscoverer/]: Skipping C:\Users\admin\.gradle\caches\modules-2\files-2.1\net.neoforged\JarJarSelector\0.4.1\fb3cc7a58af22ad2880adb98af6d518128c47dae\JarJarSelector-0.4.1.jar because it was already located earlier
[03апр.2025 21:12:21.933] [main/DEBUG] [net.neoforged.fml.loading.moddiscovery.ModDiscoverer/]: Skipping C:\Users\admin\.gradle\caches\modules-2\files-2.1\net.neoforged\JarJarMetadata\0.4.1\f8da03683dc81694556dc3e177c5e3bb77ae6fcb\JarJarMetadata-0.4.1.jar because it was already located earlier
[03апр.2025 21:12:21.933] [main/DEBUG] [net.neoforged.fml.loading.moddiscovery.ModDiscoverer/]: Skipping C:\Users\admin\.gradle\caches\modules-2\files-2.1\org.apache.maven\maven-artifact\3.8.5\4433f50c07debefaed0553bd0068f4f48d449313\maven-artifact-3.8.5.jar because it was already located earlier
[03апр.2025 21:12:21.933] [main/DEBUG] [net.neoforged.fml.loading.moddiscovery.ModDiscoverer/]: Skipping C:\Users\admin\.gradle\caches\modules-2\files-2.1\net.jodah\typetools\0.6.3\a01aaa6ddaea9ec07ec4f209487b7a46a526283a\typetools-0.6.3.jar because it was already located earlier
[03апр.2025 21:12:21.933] [main/DEBUG] [net.neoforged.fml.loading.moddiscovery.ModDiscoverer/]: Skipping C:\Users\admin\.gradle\caches\modules-2\files-2.1\net.minecrell\terminalconsoleappender\1.3.0\b562e9bb61235c9520e26282cdee71f8f802d1fc\terminalconsoleappender-1.3.0.jar because it was already located earlier
[03апр.2025 21:12:21.933] [main/DEBUG] [net.neoforged.fml.loading.moddiscovery.ModDiscoverer/]: Skipping C:\Users\admin\.gradle\caches\modules-2\files-2.1\net.fabricmc\sponge-mixin\0.15.2+mixin.0.8.7\2af2f021d8e02a0220dc27a7a72b4666d66d44ca\sponge-mixin-0.15.2+mixin.0.8.7.jar because it was already located earlier
[03апр.2025 21:12:21.933] [main/DEBUG] [net.neoforged.fml.loading.moddiscovery.ModDiscoverer/]: Skipping C:\Users\admin\.gradle\caches\modules-2\files-2.1\org.apache.commons\commons-lang3\3.14.0\1ed471194b02f2c6cb734a0cd6f6f107c673afae\commons-lang3-3.14.0.jar because it was already located earlier
[03апр.2025 21:12:21.933] [main/DEBUG] [net.neoforged.fml.loading.moddiscovery.ModDiscoverer/]: Skipping C:\Users\admin\.gradle\caches\modules-2\files-2.1\com.mojang\logging\1.2.7\24cb95ffb0e3433fd6e844c04e68009e504ca1c0\logging-1.2.7.jar because it was already located earlier
[03апр.2025 21:12:21.933] [main/DEBUG] [net.neoforged.fml.loading.moddiscovery.ModDiscoverer/]: Skipping C:\Users\admin\.gradle\caches\modules-2\files-2.1\org.apache.logging.log4j\log4j-slf4j2-impl\2.22.1\d7e6693c2606cb7e7335047d7bb96dec52db5665\log4j-slf4j2-impl-2.22.1.jar because it was already located earlier
[03апр.2025 21:12:21.933] [main/DEBUG] [net.neoforged.fml.loading.moddiscovery.ModDiscoverer/]: Skipping C:\Users\admin\.gradle\caches\modules-2\files-2.1\org.apache.logging.log4j\log4j-core\2.22.1\7183a25510a02ad00cc6a95d3b3d2a7d3c5a8dc4\log4j-core-2.22.1.jar because it was already located earlier
[03апр.2025 21:12:21.933] [main/DEBUG] [net.neoforged.fml.loading.moddiscovery.ModDiscoverer/]: Skipping C:\Users\admin\.gradle\caches\modules-2\files-2.1\org.apache.logging.log4j\log4j-api\2.22.1\bea6fede6328fabafd7e68363161a7ea6605abd1\log4j-api-2.22.1.jar because it was already located earlier
[03апр.2025 21:12:21.933] [main/DEBUG] [net.neoforged.fml.loading.moddiscovery.ModDiscoverer/]: Skipping C:\Users\admin\.gradle\caches\modules-2\files-2.1\net.sf.jopt-simple\jopt-simple\5.0.4\4fdac2fbe92dfad86aa6e9301736f6b4342a3f5c\jopt-simple-5.0.4.jar because it was already located earlier
[03апр.2025 21:12:21.934] [main/DEBUG] [net.neoforged.fml.loading.moddiscovery.ModDiscoverer/]: Skipping C:\Users\admin\.gradle\caches\modules-2\files-2.1\commons-io\commons-io\2.15.1\f11560da189ab563a5c8e351941415430e9304ea\commons-io-2.15.1.jar because it was already located earlier
[03апр.2025 21:12:21.934] [main/DEBUG] [net.neoforged.fml.loading.moddiscovery.ModDiscoverer/]: Skipping C:\Users\admin\.gradle\caches\modules-2\files-2.1\com.google.guava\guava\32.1.2-jre\5e64ec7e056456bef3a4bc4c6fdaef71e8ab6318\guava-32.1.2-jre.jar because it was already located earlier
[03апр.2025 21:12:21.934] [main/DEBUG] [net.neoforged.fml.loading.moddiscovery.ModDiscoverer/]: Skipping C:\Users\admin\.gradle\caches\modules-2\files-2.1\com.google.code.gson\gson\2.10.1\b3add478d4382b78ea20b1671390a858002feb6c\gson-2.10.1.jar because it was already located earlier
[03апр.2025 21:12:21.934] [main/DEBUG] [net.neoforged.fml.loading.moddiscovery.ModDiscoverer/]: Skipping C:\Users\admin\.gradle\caches\modules-2\files-2.1\org.slf4j\slf4j-api\2.0.9\7cf2726fdcfbc8610f9a71fb3ed639871f315340\slf4j-api-2.0.9.jar because it was already located earlier
[03апр.2025 21:12:21.934] [main/DEBUG] [net.neoforged.fml.loading.moddiscovery.ModDiscoverer/]: Skipping C:\Users\admin\.gradle\caches\modules-2\files-2.1\org.antlr\antlr4-runtime\4.13.1\17125bae1d965624e265ef49552f6465a2bfa307\antlr4-runtime-4.13.1.jar because it was already located earlier
[03апр.2025 21:12:21.934] [main/DEBUG] [net.neoforged.fml.loading.moddiscovery.ModDiscoverer/]: Skipping C:\Users\admin\.gradle\caches\modules-2\files-2.1\net.minecraftforge\srgutils\0.4.15\ca408b131759478f164e010fae0d73997e125fb5\srgutils-0.4.15.jar because it was already located earlier
[03апр.2025 21:12:21.934] [main/DEBUG] [net.neoforged.fml.loading.moddiscovery.ModDiscoverer/]: Skipping C:\Users\admin\.gradle\caches\modules-2\files-2.1\org.codehaus.plexus\plexus-utils\3.3.0\cf43b5391de623b36fe066a21127baef82c64022\plexus-utils-3.3.0.jar because it was already located earlier
[03апр.2025 21:12:21.934] [main/DEBUG] [net.neoforged.fml.loading.moddiscovery.ModDiscoverer/]: Skipping C:\Users\admin\.gradle\caches\modules-2\files-2.1\org.jline\jline-reader\3.20.0\8f15415b022a25b473e8e16c28ae913186ffb9c4\jline-reader-3.20.0.jar because it was already located earlier
[03апр.2025 21:12:21.935] [main/DEBUG] [net.neoforged.fml.loading.moddiscovery.ModDiscoverer/]: Skipping C:\Users\admin\.gradle\caches\modules-2\files-2.1\com.machinezoo.noexception\noexception\1.7.1\b65330c98e38a1f915fa54a6e5eca496505e3f0a\noexception-1.7.1.jar because it was already located earlier
[03апр.2025 21:12:21.935] [main/DEBUG] [net.neoforged.fml.loading.moddiscovery.ModDiscoverer/]: Skipping C:\Users\admin\.gradle\caches\modules-2\files-2.1\com.github.oshi\oshi-core\6.4.10\b1d8ab82d11d92fd639b56d639f8f46f739dd5fa\oshi-core-6.4.10.jar because it was already located earlier
[03апр.2025 21:12:21.935] [main/DEBUG] [net.neoforged.fml.loading.moddiscovery.ModDiscoverer/]: Skipping C:\Users\admin\.gradle\caches\modules-2\files-2.1\com.google.guava\failureaccess\1.0.1\1dcf1de382a0bf95a3d8b0849546c88bac1292c9\failureaccess-1.0.1.jar because it was already located earlier
[03апр.2025 21:12:21.935] [main/DEBUG] [net.neoforged.fml.loading.moddiscovery.ModDiscoverer/]: Skipping C:\Users\admin\.gradle\caches\modules-2\files-2.1\com.ibm.icu\icu4j\73.2\61ad4ef7f9131fcf6d25c34b817f90d6da06c9e9\icu4j-73.2.jar because it was already located earlier
[03апр.2025 21:12:21.935] [main/DEBUG] [net.neoforged.fml.loading.moddiscovery.ModDiscoverer/]: Skipping C:\Users\admin\.gradle\caches\modules-2\files-2.1\com.mojang\authlib\6.0.54\de8bc95660e1b2fe8793fd427a7a10dcec5b3ea7\authlib-6.0.54.jar because it was already located earlier
[03апр.2025 21:12:21.935] [main/DEBUG] [net.neoforged.fml.loading.moddiscovery.ModDiscoverer/]: Skipping C:\Users\admin\.gradle\caches\modules-2\files-2.1\com.mojang\blocklist\1.0.10\5c685c5ffa94c4cd39496c7184c1d122e515ecef\blocklist-1.0.10.jar because it was already located earlier
[03апр.2025 21:12:21.935] [main/DEBUG] [net.neoforged.fml.loading.moddiscovery.ModDiscoverer/]: Skipping C:\Users\admin\.gradle\caches\modules-2\files-2.1\com.mojang\brigadier\1.3.10\d15b53a14cf20fdcaa98f731af5dda654452c010\brigadier-1.3.10.jar because it was already located earlier
[03апр.2025 21:12:21.935] [main/DEBUG] [net.neoforged.fml.loading.moddiscovery.ModDiscoverer/]: Skipping C:\Users\admin\.gradle\caches\modules-2\files-2.1\com.mojang\datafixerupper\8.0.16\67d4de6d7f95d89bcf5862995fb854ebaec02a34\datafixerupper-8.0.16.jar because it was already located earlier
[03апр.2025 21:12:21.935] [main/DEBUG] [net.neoforged.fml.loading.moddiscovery.ModDiscoverer/]: Skipping C:\Users\admin\.gradle\caches\modules-2\files-2.1\com.mojang\patchy\2.2.10\da05971b07cbb379d002cf7eaec6a2048211fefc\patchy-2.2.10.jar because it was already located earlier
[03апр.2025 21:12:21.935] [main/DEBUG] [net.neoforged.fml.loading.moddiscovery.ModDiscoverer/]: Skipping C:\Users\admin\.gradle\caches\modules-2\files-2.1\com.mojang\text2speech\1.17.9\3cad216e3a7f0c19b4b394388bc9ffc446f13b14\text2speech-1.17.9.jar because it was already located earlier
[03апр.2025 21:12:21.936] [main/DEBUG] [net.neoforged.fml.loading.moddiscovery.ModDiscoverer/]: Skipping C:\Users\admin\.gradle\caches\modules-2\files-2.1\commons-codec\commons-codec\1.16.0\4e3eb3d79888d76b54e28b350915b5dc3919c9de\commons-codec-1.16.0.jar because it was already located earlier
[03апр.2025 21:12:21.936] [main/DEBUG] [net.neoforged.fml.loading.moddiscovery.ModDiscoverer/]: Skipping C:\Users\admin\.gradle\caches\modules-2\files-2.1\commons-logging\commons-logging\1.2\4bfc12adfe4842bf07b657f0369c4cb522955686\commons-logging-1.2.jar because it was already located earlier
[03апр.2025 21:12:21.936] [main/DEBUG] [net.neoforged.fml.loading.moddiscovery.ModDiscoverer/]: Skipping C:\Users\admin\.gradle\caches\modules-2\files-2.1\io.netty\netty-buffer\4.1.97.Final\f8f3d8644afa5e6e1a40a3a6aeb9d9aa970ecb4f\netty-buffer-4.1.97.Final.jar because it was already located earlier
[03апр.2025 21:12:21.936] [main/DEBUG] [net.neoforged.fml.loading.moddiscovery.ModDiscoverer/]: Skipping C:\Users\admin\.gradle\caches\modules-2\files-2.1\io.netty\netty-codec\4.1.97.Final\384ba4d75670befbedb45c4d3b497a93639c206d\netty-codec-4.1.97.Final.jar because it was already located earlier
[03апр.2025 21:12:21.936] [main/DEBUG] [net.neoforged.fml.loading.moddiscovery.ModDiscoverer/]: Skipping C:\Users\admin\.gradle\caches\modules-2\files-2.1\io.netty\netty-common\4.1.97.Final\7cceacaf11df8dc63f23d0fb58e9d4640fc88404\netty-common-4.1.97.Final.jar because it was already located earlier
[03апр.2025 21:12:21.936] [main/DEBUG] [net.neoforged.fml.loading.moddiscovery.ModDiscoverer/]: Skipping C:\Users\admin\.gradle\caches\modules-2\files-2.1\io.netty\netty-handler\4.1.97.Final\abb86c6906bf512bf2b797a41cd7d2e8d3cd7c36\netty-handler-4.1.97.Final.jar because it was already located earlier
[03апр.2025 21:12:21.936] [main/DEBUG] [net.neoforged.fml.loading.moddiscovery.ModDiscoverer/]: Skipping C:\Users\admin\.gradle\caches\modules-2\files-2.1\io.netty\netty-resolver\4.1.97.Final\cec8348108dc76c47cf87c669d514be52c922144\netty-resolver-4.1.97.Final.jar because it was already located earlier
[03апр.2025 21:12:21.936] [main/DEBUG] [net.neoforged.fml.loading.moddiscovery.ModDiscoverer/]: Skipping C:\Users\admin\.gradle\caches\modules-2\files-2.1\io.netty\netty-transport-classes-epoll\4.1.97.Final\795da37ded759e862457a82d9d92c4d39ce8ecee\netty-transport-classes-epoll-4.1.97.Final.jar because it was already located earlier
[03апр.2025 21:12:21.936] [main/DEBUG] [net.neoforged.fml.loading.moddiscovery.ModDiscoverer/]: Skipping C:\Users\admin\.gradle\caches\modules-2\files-2.1\io.netty\netty-transport-native-unix-common\4.1.97.Final\d469d84265ab70095b01b40886cabdd433b6e664\netty-transport-native-unix-common-4.1.97.Final.jar because it was already located earlier
[03апр.2025 21:12:21.936] [main/DEBUG] [net.neoforged.fml.loading.moddiscovery.ModDiscoverer/]: Skipping C:\Users\admin\.gradle\caches\modules-2\files-2.1\io.netty\netty-transport\4.1.97.Final\f37380d23c9bb079bc702910833b2fd532c9abd0\netty-transport-4.1.97.Final.jar because it was already located earlier
[03апр.2025 21:12:21.936] [main/DEBUG] [net.neoforged.fml.loading.moddiscovery.ModDiscoverer/]: Skipping C:\Users\admin\.gradle\caches\modules-2\files-2.1\it.unimi.dsi\fastutil\8.5.12\c24946d46824bd528054bface3231d2ecb7e95e8\fastutil-8.5.12.jar because it was already located earlier
[03апр.2025 21:12:21.936] [main/DEBUG] [net.neoforged.fml.loading.moddiscovery.ModDiscoverer/]: Skipping C:\Users\admin\.gradle\caches\modules-2\files-2.1\net.java.dev.jna\jna-platform\5.14.0\28934d48aed814f11e4c584da55c49fa7032b31b\jna-platform-5.14.0.jar because it was already located earlier
[03апр.2025 21:12:21.937] [main/DEBUG] [net.neoforged.fml.loading.moddiscovery.ModDiscoverer/]: Skipping C:\Users\admin\.gradle\caches\modules-2\files-2.1\net.java.dev.jna\jna\5.14.0\67bf3eaea4f0718cb376a181a629e5f88fa1c9dd\jna-5.14.0.jar because it was already located earlier
[03апр.2025 21:12:21.937] [main/DEBUG] [net.neoforged.fml.loading.moddiscovery.ModDiscoverer/]: Skipping C:\Users\admin\.gradle\caches\modules-2\files-2.1\org.apache.commons\commons-compress\1.26.0\659feffdd12280201c8aacb8f7be94f9a883c824\commons-compress-1.26.0.jar because it was already located earlier
[03апр.2025 21:12:21.937] [main/DEBUG] [net.neoforged.fml.loading.moddiscovery.ModDiscoverer/]: Skipping C:\Users\admin\.gradle\caches\modules-2\files-2.1\org.apache.httpcomponents\httpclient\4.5.13\e5f6cae5ca7ecaac1ec2827a9e2d65ae2869cada\httpclient-4.5.13.jar because it was already located earlier
[03апр.2025 21:12:21.937] [main/DEBUG] [net.neoforged.fml.loading.moddiscovery.ModDiscoverer/]: Skipping C:\Users\admin\.gradle\caches\modules-2\files-2.1\org.apache.httpcomponents\httpcore\4.4.16\51cf043c87253c9f58b539c9f7e44c8894223850\httpcore-4.4.16.jar because it was already located earlier
[03апр.2025 21:12:21.937] [main/DEBUG] [net.neoforged.fml.loading.moddiscovery.ModDiscoverer/]: Skipping C:\Users\admin\.gradle\caches\modules-2\files-2.1\org.jcraft\jorbis\0.0.17\8872d22b293e8f5d7d56ff92be966e6dc28ebdc6\jorbis-0.0.17.jar because it was already located earlier
[03апр.2025 21:12:21.937] [main/DEBUG] [net.neoforged.fml.loading.moddiscovery.ModDiscoverer/]: Skipping C:\Users\admin\.gradle\caches\modules-2\files-2.1\org.joml\joml\1.10.5\22566d58af70ad3d72308bab63b8339906deb649\joml-1.10.5.jar because it was already located earlier
[03апр.2025 21:12:21.937] [main/DEBUG] [net.neoforged.fml.loading.moddiscovery.ModDiscoverer/]: Skipping C:\Users\admin\.gradle\caches\modules-2\files-2.1\org.lwjgl\lwjgl-freetype\3.3.3\a0db6c84a8becc8ca05f9dbfa985edc348a824c7\lwjgl-freetype-3.3.3.jar because it was already located earlier
[03апр.2025 21:12:21.941] [main/DEBUG] [net.neoforged.fml.loading.moddiscovery.ModDiscoverer/]: Skipping C:\Users\admin\.gradle\caches\modules-2\files-2.1\org.lwjgl\lwjgl-freetype\3.3.3\15a8c1de7f51d07a92eae7ce1222557073a0c0c3\lwjgl-freetype-3.3.3-natives-windows-x86.jar because it was already located earlier
[03апр.2025 21:12:21.941] [main/DEBUG] [net.neoforged.fml.loading.moddiscovery.ModDiscoverer/]: Skipping C:\Users\admin\.gradle\caches\modules-2\files-2.1\org.lwjgl\lwjgl-glfw\3.3.3\efa1eb78c5ccd840e9f329717109b5e892d72f8e\lwjgl-glfw-3.3.3.jar because it was already located earlier
[03апр.2025 21:12:21.946] [main/DEBUG] [net.neoforged.fml.loading.moddiscovery.ModDiscoverer/]: Skipping C:\Users\admin\.gradle\caches\modules-2\files-2.1\org.lwjgl\lwjgl-glfw\3.3.3\32334f3fd5270a59bad9939a93115acb6de36dcf\lwjgl-glfw-3.3.3-natives-windows-x86.jar because it was already located earlier
[03апр.2025 21:12:21.946] [main/DEBUG] [net.neoforged.fml.loading.moddiscovery.ModDiscoverer/]: Skipping C:\Users\admin\.gradle\caches\modules-2\files-2.1\org.lwjgl\lwjgl-jemalloc\3.3.3\b543467b7ff3c6920539a88ee602d34098628be5\lwjgl-jemalloc-3.3.3.jar because it was already located earlier
[03апр.2025 21:12:21.946] [main/DEBUG] [net.neoforged.fml.loading.moddiscovery.ModDiscoverer/]: Skipping C:\Users\admin\.gradle\caches\modules-2\files-2.1\org.lwjgl\lwjgl-jemalloc\3.3.3\426222fc027602a5f21b9c0fe79cde6a4c7a011f\lwjgl-jemalloc-3.3.3-natives-windows.jar because it was already located earlier
[03апр.2025 21:12:21.950] [main/DEBUG] [net.neoforged.fml.loading.moddiscovery.ModDiscoverer/]: Skipping C:\Users\admin\.gradle\caches\modules-2\files-2.1\org.lwjgl\lwjgl-openal\3.3.3\daada81ceb5fc0c291fbfdd4433cb8d9423577f2\lwjgl-openal-3.3.3.jar because it was already located earlier
[03апр.2025 21:12:21.956] [main/DEBUG] [net.neoforged.fml.loading.moddiscovery.ModDiscoverer/]: Skipping C:\Users\admin\.gradle\caches\modules-2\files-2.1\org.lwjgl\lwjgl-openal\3.3.3\87b8d5050e3adb46bb58fe1cb2669a4a48fce10d\lwjgl-openal-3.3.3-natives-windows-x86.jar because it was already located earlier
[03апр.2025 21:12:21.956] [main/DEBUG] [net.neoforged.fml.loading.moddiscovery.ModDiscoverer/]: Skipping C:\Users\admin\.gradle\caches\modules-2\files-2.1\org.lwjgl\lwjgl-opengl\3.3.3\2f6b0147078396a58979125a4c947664e98293a\lwjgl-opengl-3.3.3.jar because it was already located earlier
[03апр.2025 21:12:21.959] [main/DEBUG] [net.neoforged.fml.loading.moddiscovery.ModDiscoverer/]: Skipping C:\Users\admin\.gradle\caches\modules-2\files-2.1\org.lwjgl\lwjgl-opengl\3.3.3\65e956d3735a1abdc82eff4baec1b61174697d4b\lwjgl-opengl-3.3.3-natives-windows-arm64.jar because it was already located earlier
[03апр.2025 21:12:21.961] [main/DEBUG] [net.neoforged.fml.loading.moddiscovery.ModDiscoverer/]: Skipping C:\Users\admin\.gradle\caches\modules-2\files-2.1\org.lwjgl\lwjgl-stb\3.3.3\25dd6161988d7e65f71d5065c99902402ee32746\lwjgl-stb-3.3.3.jar because it was already located earlier
[03апр.2025 21:12:21.961] [main/DEBUG] [net.neoforged.fml.loading.moddiscovery.ModDiscoverer/]: Skipping C:\Users\admin\.gradle\caches\modules-2\files-2.1\org.lwjgl\lwjgl-stb\3.3.3\1d9facdf6541de114b0f963be33505b7679c78cb\lwjgl-stb-3.3.3-natives-windows.jar because it was already located earlier
[03апр.2025 21:12:21.966] [main/DEBUG] [net.neoforged.fml.loading.moddiscovery.ModDiscoverer/]: Skipping C:\Users\admin\.gradle\caches\modules-2\files-2.1\org.lwjgl\lwjgl-tinyfd\3.3.3\82d755ca94b102e9ca77283b9e2dc46d1b15fbe5\lwjgl-tinyfd-3.3.3.jar because it was already located earlier
[03апр.2025 21:12:21.966] [main/DEBUG] [net.neoforged.fml.loading.moddiscovery.ModDiscoverer/]: Skipping C:\Users\admin\.gradle\caches\modules-2\files-2.1\org.lwjgl\lwjgl-tinyfd\3.3.3\a6697981b0449a5087c1d546fc08b4f73e8f98c9\lwjgl-tinyfd-3.3.3-natives-windows.jar because it was already located earlier
[03апр.2025 21:12:21.971] [main/DEBUG] [net.neoforged.fml.loading.moddiscovery.ModDiscoverer/]: Skipping C:\Users\admin\.gradle\caches\modules-2\files-2.1\org.lwjgl\lwjgl\3.3.3\29589b5f87ed335a6c7e7ee6a5775f81f97ecb84\lwjgl-3.3.3.jar because it was already located earlier
[03апр.2025 21:12:21.976] [main/DEBUG] [net.neoforged.fml.loading.moddiscovery.ModDiscoverer/]: Skipping C:\Users\admin\.gradle\caches\modules-2\files-2.1\org.lwjgl\lwjgl\3.3.3\9e670718e050aeaeea0c2d5b907cffb142f2e58f\lwjgl-3.3.3-natives-windows-x86.jar because it was already located earlier
[03апр.2025 21:12:21.976] [main/DEBUG] [net.neoforged.fml.loading.moddiscovery.ModDiscoverer/]: Skipping C:\Users\admin\.gradle\caches\modules-2\files-2.1\org.lz4\lz4-java\1.8.0\4b986a99445e49ea5fbf5d149c4b63f6ed6c6780\lz4-java-1.8.0.jar because it was already located earlier
[03апр.2025 21:12:21.976] [main/DEBUG] [net.neoforged.fml.loading.moddiscovery.ModDiscoverer/]: Skipping C:\Users\admin\.gradle\caches\modules-2\files-2.1\org.jline\jline-terminal\3.20.0\d0ddcc708ddf527a3454c941b7b9225cc83a15ff\jline-terminal-3.20.0.jar because it was already located earlier
[03апр.2025 21:12:21.976] [main/DEBUG] [net.neoforged.fml.loading.moddiscovery.ModDiscoverer/]: Skipping C:\Users\admin\.gradle\caches\modules-2\files-2.1\com.google.guava\listenablefuture\9999.0-empty-to-avoid-conflict-with-guava\b421526c5f297295adef1c886e5246c39d4ac629\listenablefuture-9999.0-empty-to-avoid-conflict-with-guava.jar because it was already located earlier
[03апр.2025 21:12:21.976] [main/DEBUG] [net.neoforged.fml.loading.moddiscovery.ModDiscoverer/]: Skipping C:\Users\admin\.gradle\caches\modules-2\files-2.1\com.google.code.findbugs\jsr305\3.0.2\25ea2e8b0c338a877313bd4672d3fe056ea78f0d\jsr305-3.0.2.jar because it was already located earlier
[03апр.2025 21:12:21.976] [main/DEBUG] [net.neoforged.fml.loading.moddiscovery.ModDiscoverer/]: Skipping C:\Users\admin\.gradle\caches\modules-2\files-2.1\org.checkerframework\checker-qual\3.33.0\de2b60b62da487644fc11f734e73c8b0b431238f\checker-qual-3.33.0.jar because it was already located earlier
[03апр.2025 21:12:21.976] [main/DEBUG] [net.neoforged.fml.loading.moddiscovery.ModDiscoverer/]: Skipping C:\Users\admin\.gradle\caches\modules-2\files-2.1\com.google.errorprone\error_prone_annotations\2.18.0\89b684257096f548fa39a7df9fdaa409d4d4df91\error_prone_annotations-2.18.0.jar because it was already located earlier
[03апр.2025 21:12:21.976] [main/DEBUG] [net.neoforged.fml.loading.moddiscovery.ModDiscoverer/]: Skipping C:\Users\admin\.gradle\caches\modules-2\files-2.1\com.google.j2objc\j2objc-annotations\2.8\c85270e307e7b822f1086b93689124b89768e273\j2objc-annotations-2.8.jar because it was already located earlier
[03апр.2025 21:12:21.978] [main/DEBUG] [net.neoforged.fml.loading.UniqueModListBuilder/]: Found 2 mods for first modid neoforge, selecting most recent based on version data
[03апр.2025 21:12:21.979] [main/DEBUG] [net.neoforged.fml.loading.UniqueModListBuilder/]: Selected file neoforge-21.1.137.jar for modid neoforge with version 21.1.137
[03апр.2025 21:12:22.122] [main/INFO] [net.neoforged.fml.loading.moddiscovery.locators.JarInJarDependencyLocator/]: Found 3 dependencies adding them to mods collection
[03апр.2025 21:12:22.124] [main/INFO] [net.neoforged.fml.loading.moddiscovery.ModDiscoverer/]: 
     Mod List:
		Name Version (Mod Id)

		AppleSkin 3.0.5+mc1.21 (appleskin)
		Biolith 3.0.1 (biolith)
		Farmer's Delight 1.2.7 (farmersdelight)
		Just Enough Items 19.21.0.247 (jei)
		Minecraft 1.21.1 (minecraft)
		NeoForge 21.1.137 (neoforge)
		No Man's Delight 0.0.1 (no_mans_delight)
		No Man's Land 1.0.3 (nomansland)
[03апр.2025 21:12:22.126] [main/DEBUG] [net.neoforged.fml.loading.moddiscovery.ModFileInfo/LOADING]: Found valid mod file neoforge-21.1.137.jar with {minecraft} mods - versions {1.21.1}
[03апр.2025 21:12:22.129] [main/DEBUG] [net.neoforged.fml.loading.moddiscovery.ModFile/LOADING]: Loading mod file C:\Users\admin\Desktop\No-Man-s-Delight\build\moddev\artifacts\neoforge-21.1.137.jar with languages [LanguageSpec[languageName=minecraft, acceptedVersions=1]]
[03апр.2025 21:12:22.131] [main/DEBUG] [net.neoforged.fml.loading.moddiscovery.ModFileParser/LOADING]: Considering mod file candidate C:\Users\admin\.gradle\caches\modules-2\files-2.1\curse.maven\farmers-delight-398521\6154807\26c017b7900e3c97a58e58e4ec6a98b0ae74778d\farmers-delight-398521-6154807.jar
[03апр.2025 21:12:22.132] [main/DEBUG] [net.neoforged.fml.loading.moddiscovery.ModFileInfo/LOADING]: Found valid mod file farmers-delight-398521-6154807.jar with {farmersdelight} mods - versions {1.2.7}
[03апр.2025 21:12:22.132] [main/DEBUG] [net.neoforged.fml.loading.moddiscovery.ModFile/LOADING]: Loading mod file C:\Users\admin\.gradle\caches\modules-2\files-2.1\curse.maven\farmers-delight-398521\6154807\26c017b7900e3c97a58e58e4ec6a98b0ae74778d\farmers-delight-398521-6154807.jar with languages [LanguageSpec[languageName=javafml, acceptedVersions=[4,)]]
[03апр.2025 21:12:22.134] [main/DEBUG] [net.neoforged.fml.loading.moddiscovery.ModFile/LOADING]: Found mixin config MixinConfig[config=farmersdelight.mixins.json, requiredMods=[]]
[03апр.2025 21:12:22.134] [main/DEBUG] [net.neoforged.fml.loading.moddiscovery.ModFileParser/LOADING]: Considering mod file candidate C:\Users\admin\.gradle\caches\modules-2\files-2.1\curse.maven\no-mans-land-538493\6304277\3af33801ffaff7b2500ca687d52c4be2dafcb5a2\no-mans-land-538493-6304277.jar
[03апр.2025 21:12:22.137] [main/DEBUG] [net.neoforged.fml.loading.moddiscovery.ModFileInfo/LOADING]: Found valid mod file no-mans-land-538493-6304277.jar with {nomansland} mods - versions {1.0.3}
[03апр.2025 21:12:22.137] [main/DEBUG] [net.neoforged.fml.loading.moddiscovery.ModFile/LOADING]: Loading mod file C:\Users\admin\.gradle\caches\modules-2\files-2.1\curse.maven\no-mans-land-538493\6304277\3af33801ffaff7b2500ca687d52c4be2dafcb5a2\no-mans-land-538493-6304277.jar with languages [LanguageSpec[languageName=javafml, acceptedVersions=[4,)]]
[03апр.2025 21:12:22.137] [main/DEBUG] [net.neoforged.fml.loading.moddiscovery.ModFile/LOADING]: Found mixin config MixinConfig[config=nomansland.mixins.json, requiredMods=[]]
[03апр.2025 21:12:22.137] [main/DEBUG] [net.neoforged.fml.loading.moddiscovery.ModFileParser/LOADING]: Considering mod file candidate C:\Users\admin\.gradle\caches\modules-2\files-2.1\curse.maven\biolith-852512\6161386\8bb9ded5e29b7a21ab914f33500bd012abf16766\biolith-852512-6161386.jar
[03апр.2025 21:12:22.138] [main/DEBUG] [net.neoforged.fml.loading.moddiscovery.ModFileInfo/LOADING]: Found valid mod file biolith-852512-6161386.jar with {biolith} mods - versions {3.0.1}
[03апр.2025 21:12:22.139] [main/DEBUG] [net.neoforged.fml.loading.moddiscovery.ModFile/LOADING]: Loading mod file C:\Users\admin\.gradle\caches\modules-2\files-2.1\curse.maven\biolith-852512\6161386\8bb9ded5e29b7a21ab914f33500bd012abf16766\biolith-852512-6161386.jar with languages [LanguageSpec[languageName=javafml, acceptedVersions=[1,)]]
[03апр.2025 21:12:22.139] [main/DEBUG] [net.neoforged.fml.loading.moddiscovery.ModFile/LOADING]: Found mixin config MixinConfig[config=biolith.mixins.json, requiredMods=[]]
[03апр.2025 21:12:22.139] [main/DEBUG] [net.neoforged.fml.loading.moddiscovery.ModFile/LOADING]: Found mixin config MixinConfig[config=biolith.neoforge.mixins.json, requiredMods=[]]
[03апр.2025 21:12:22.139] [main/DEBUG] [net.neoforged.fml.loading.moddiscovery.ModFileParser/LOADING]: Considering mod file candidate C:\Users\admin\Desktop\No-Man-s-Delight\build\classes\java\main
[03апр.2025 21:12:22.141] [main/DEBUG] [net.neoforged.fml.loading.moddiscovery.ModFileInfo/LOADING]: Found valid mod file main with {no_mans_delight} mods - versions {0.0.1}
[03апр.2025 21:12:22.141] [main/DEBUG] [net.neoforged.fml.loading.moddiscovery.ModFile/LOADING]: Loading mod file C:\Users\admin\Desktop\No-Man-s-Delight\build\classes\java\main with languages [LanguageSpec[languageName=javafml, acceptedVersions=[4,)]]
[03апр.2025 21:12:22.141] [main/DEBUG] [net.neoforged.fml.loading.moddiscovery.ModFile/LOADING]: Found mixin config MixinConfig[config=no_mans_delight.mixins.json, requiredMods=[]]
[03апр.2025 21:12:22.141] [main/DEBUG] [net.neoforged.fml.loading.moddiscovery.ModFileParser/LOADING]: Considering mod file candidate C:\Users\admin\.gradle\caches\modules-2\files-2.1\curse.maven\appleskin-248787\5586600\57b483076431549ca8257095e498e42321abb60\appleskin-248787-5586600.jar
[03апр.2025 21:12:22.142] [main/DEBUG] [net.neoforged.fml.loading.moddiscovery.ModFileInfo/LOADING]: Found valid mod file appleskin-248787-5586600.jar with {appleskin} mods - versions {3.0.5+mc1.21}
[03апр.2025 21:12:22.143] [main/DEBUG] [net.neoforged.fml.loading.moddiscovery.ModFile/LOADING]: Loading mod file C:\Users\admin\.gradle\caches\modules-2\files-2.1\curse.maven\appleskin-248787\5586600\57b483076431549ca8257095e498e42321abb60\appleskin-248787-5586600.jar with languages [LanguageSpec[languageName=javafml, acceptedVersions=[2,)]]
[03апр.2025 21:12:22.143] [main/DEBUG] [net.neoforged.fml.loading.moddiscovery.ModFileParser/LOADING]: Considering mod file candidate C:\Users\admin\Desktop\No-Man-s-Delight\build\moddev\artifacts\neoforge-21.1.137.jar
[03апр.2025 21:12:22.144] [main/DEBUG] [net.neoforged.fml.loading.moddiscovery.ModFileInfo/LOADING]: Found valid mod file neoforge-21.1.137.jar with {neoforge} mods - versions {21.1.137}
[03апр.2025 21:12:22.144] [main/DEBUG] [net.neoforged.fml.loading.moddiscovery.ModFile/LOADING]: Loading mod file C:\Users\admin\Desktop\No-Man-s-Delight\build\moddev\artifacts\neoforge-21.1.137.jar with languages [LanguageSpec[languageName=javafml, acceptedVersions=[3,]]]
[03апр.2025 21:12:22.144] [main/DEBUG] [net.neoforged.fml.loading.moddiscovery.ModFile/LOADING]: Found mixin config MixinConfig[config=neoforge.mixins.json, requiredMods=[]]
[03апр.2025 21:12:22.144] [main/DEBUG] [net.neoforged.fml.loading.moddiscovery.ModFileParser/LOADING]: Considering mod file candidate C:\Users\admin\.gradle\caches\modules-2\files-2.1\curse.maven\jei-238222\5846880\4d9ed6b03c67148ffe7406a84deb168a632e0a60\jei-238222-5846880.jar
[03апр.2025 21:12:22.144] [main/DEBUG] [net.neoforged.fml.loading.moddiscovery.ModFileInfo/LOADING]: Found valid mod file jei-238222-5846880.jar with {jei} mods - versions {19.21.0.247}
[03апр.2025 21:12:22.146] [main/DEBUG] [net.neoforged.fml.loading.moddiscovery.ModFile/LOADING]: Loading mod file C:\Users\admin\.gradle\caches\modules-2\files-2.1\curse.maven\jei-238222\5846880\4d9ed6b03c67148ffe7406a84deb168a632e0a60\jei-238222-5846880.jar with languages [LanguageSpec[languageName=javafml, acceptedVersions=[4,)]]
[03апр.2025 21:12:22.146] [main/DEBUG] [net.neoforged.fml.loading.moddiscovery.ModFile/LOADING]: Loading mod file  with languages []
[03апр.2025 21:12:22.149] [main/DEBUG] [cpw.mods.modlauncher.TransformationServiceDecorator/MODLAUNCHER]: End scan trigger - transformation service fml
[03апр.2025 21:12:22.165] [main/DEBUG] [net.neoforged.fml.util.ServiceLoaderUtil/CORE]: Found 3 implementations of IModLanguageLoader:
[03апр.2025 21:12:22.165] [main/DEBUG] [net.neoforged.fml.util.ServiceLoaderUtil/CORE]: 	net.neoforged.fml.javafmlmod.FMLJavaModLanguageProvider from loader-4.0.38.jar
[03апр.2025 21:12:22.166] [main/DEBUG] [net.neoforged.fml.util.ServiceLoaderUtil/CORE]: 	net.neoforged.fml.lowcodemod.LowCodeModLanguageProvider from loader-4.0.38.jar
[03апр.2025 21:12:22.166] [main/DEBUG] [net.neoforged.fml.util.ServiceLoaderUtil/CORE]: 	net.neoforged.fml.mclanguageprovider.MinecraftModLanguageProvider from loader-4.0.38.jar
[03апр.2025 21:12:22.166] [main/DEBUG] [net.neoforged.fml.loading.LanguageProviderLoader/CORE]: Found language provider javafml, version 4.0.38
[03апр.2025 21:12:22.167] [main/DEBUG] [net.neoforged.fml.loading.LanguageProviderLoader/CORE]: Found language provider lowcodefml, version 4.0.38
[03апр.2025 21:12:22.167] [main/DEBUG] [net.neoforged.fml.loading.LanguageProviderLoader/CORE]: Found language provider minecraft, version 4.0.38
[03апр.2025 21:12:22.174] [main/DEBUG] [net.neoforged.fml.loading.ModSorter/]: Configured system mods: [minecraft, neoforge]
[03апр.2025 21:12:22.174] [main/DEBUG] [net.neoforged.fml.loading.ModSorter/]: Found system mod: minecraft
[03апр.2025 21:12:22.174] [main/DEBUG] [net.neoforged.fml.loading.ModSorter/]: Found system mod: neoforge
[03апр.2025 21:12:22.178] [main/DEBUG] [net.neoforged.fml.loading.ModSorter/LOADING]: Found 19 mod requirements (14 mandatory, 5 optional)
[03апр.2025 21:12:22.180] [main/DEBUG] [net.neoforged.fml.loading.ModSorter/LOADING]: Found 0 mod requirements missing (0 mandatory, 0 optional)
[03апр.2025 21:12:22.296] [main/DEBUG] [mixin/]: Adding mixin platform agents for container net.neoforged.fml.loading.mixin.FMLMixinContainerHandle@10667848
[03апр.2025 21:12:22.296] [main/DEBUG] [mixin/]: Instancing new MixinPlatformAgentMinecraftForge for net.neoforged.fml.loading.mixin.FMLMixinContainerHandle@10667848
[03апр.2025 21:12:22.296] [main/DEBUG] [mixin/]: MixinPlatformAgentMinecraftForge rejected container net.neoforged.fml.loading.mixin.FMLMixinContainerHandle@10667848
[03апр.2025 21:12:22.296] [main/DEBUG] [mixin/]: Instancing new MixinPlatformAgentDefault for net.neoforged.fml.loading.mixin.FMLMixinContainerHandle@10667848
[03апр.2025 21:12:22.296] [main/DEBUG] [mixin/]: MixinPlatformAgentDefault accepted container net.neoforged.fml.loading.mixin.FMLMixinContainerHandle@10667848
[03апр.2025 21:12:22.297] [main/DEBUG] [mixin/]: Instancing new FMLMixinPlatformAgent for net.neoforged.fml.loading.mixin.FMLMixinContainerHandle@10667848
[03апр.2025 21:12:22.297] [main/DEBUG] [mixin/]: FMLMixinPlatformAgent accepted container net.neoforged.fml.loading.mixin.FMLMixinContainerHandle@10667848
[03апр.2025 21:12:22.308] [main/DEBUG] [cpw.mods.modlauncher.TransformationServicesHandler/MODLAUNCHER]: Transformation services loading transformers
[03апр.2025 21:12:22.309] [main/DEBUG] [cpw.mods.modlauncher.TransformationServiceDecorator/MODLAUNCHER]: Initializing transformers for transformation service mixin
[03апр.2025 21:12:22.309] [main/DEBUG] [cpw.mods.modlauncher.TransformationServiceDecorator/MODLAUNCHER]: Initialized transformers for transformation service mixin
[03апр.2025 21:12:22.309] [main/DEBUG] [cpw.mods.modlauncher.TransformationServiceDecorator/MODLAUNCHER]: Initializing transformers for transformation service fml
[03апр.2025 21:12:22.309] [main/DEBUG] [net.neoforged.fml.loading.FMLServiceProvider/LOADING]: Loading coremod transformers
[03апр.2025 21:12:22.310] [main/DEBUG] [net.neoforged.fml.loading.FMLServiceProvider/CORE]: Not loading coremod script-engine since no mod requested it
[03апр.2025 21:12:22.313] [main/DEBUG] [net.neoforged.fml.util.ServiceLoaderUtil/CORE]: Found 1 implementations of ICoreMod:
[03апр.2025 21:12:22.314] [main/DEBUG] [net.neoforged.fml.util.ServiceLoaderUtil/CORE]: 	net.neoforged.neoforge.coremods.NeoForgeCoreMod from neoforge-21.1.137.jar > neoforge-coremods-21.1.137.jar
[03апр.2025 21:12:22.332] [main/DEBUG] [net.neoforged.fml.loading.FMLServiceProvider/CORE]: Adding [Target[className=net.minecraft.world.level.biome.Biome, elementName=, elementDescriptor=, targetType=cpw.mods.modlauncher.api.TargetType@3a393455]] transformer from core-mod net.neoforged.neoforge.coremods.NeoForgeCoreMod@a52ca2e in neoforge-21.1.137.jar > neoforge-coremods-21.1.137.jar
[03апр.2025 21:12:22.332] [main/DEBUG] [net.neoforged.fml.loading.FMLServiceProvider/CORE]: Adding [Target[className=net.minecraft.world.level.levelgen.structure.Structure, elementName=, elementDescriptor=, targetType=cpw.mods.modlauncher.api.TargetType@3a393455]] transformer from core-mod net.neoforged.neoforge.coremods.NeoForgeCoreMod@a52ca2e in neoforge-21.1.137.jar > neoforge-coremods-21.1.137.jar
[03апр.2025 21:12:22.332] [main/DEBUG] [net.neoforged.fml.loading.FMLServiceProvider/CORE]: Adding [Target[className=net.minecraft.world.level.block.FlowerPotBlock, elementName=, elementDescriptor=, targetType=cpw.mods.modlauncher.api.TargetType@3a393455]] transformer from core-mod net.neoforged.neoforge.coremods.NeoForgeCoreMod@a52ca2e in neoforge-21.1.137.jar > neoforge-coremods-21.1.137.jar
[03апр.2025 21:12:22.332] [main/DEBUG] [net.neoforged.fml.loading.FMLServiceProvider/CORE]: Adding [Target[className=net/minecraft/world/level/NaturalSpawner, elementName=, elementDescriptor=, targetType=cpw.mods.modlauncher.api.TargetType@3a393455], Target[className=net/minecraft/world/entity/ai/village/VillageSiege, elementName=, elementDescriptor=, targetType=cpw.mods.modlauncher.api.TargetType@3a393455], Target[className=net/minecraft/world/level/levelgen/PatrolSpawner, elementName=, elementDescriptor=, targetType=cpw.mods.modlauncher.api.TargetType@3a393455], Target[className=net/minecraft/world/entity/monster/Zombie, elementName=, elementDescriptor=, targetType=cpw.mods.modlauncher.api.TargetType@3a393455], Target[className=net/minecraft/server/commands/SummonCommand, elementName=, elementDescriptor=, targetType=cpw.mods.modlauncher.api.TargetType@3a393455], Target[className=net/minecraft/world/entity/EntityType, elementName=, elementDescriptor=, targetType=cpw.mods.modlauncher.api.TargetType@3a393455], Target[className=net/minecraft/world/entity/monster/Strider, elementName=, elementDescriptor=, targetType=cpw.mods.modlauncher.api.TargetType@3a393455], Target[className=net/minecraft/world/level/levelgen/structure/structures/WoodlandMansionPieces$WoodlandMansionPiece, elementName=, elementDescriptor=, targetType=cpw.mods.modlauncher.api.TargetType@3a393455], Target[className=net/minecraft/world/entity/animal/horse/SkeletonTrapGoal, elementName=, elementDescriptor=, targetType=cpw.mods.modlauncher.api.TargetType@3a393455], Target[className=net/minecraft/server/commands/RaidCommand, elementName=, elementDescriptor=, targetType=cpw.mods.modlauncher.api.TargetType@3a393455], Target[className=net/minecraft/world/entity/npc/CatSpawner, elementName=, elementDescriptor=, targetType=cpw.mods.modlauncher.api.TargetType@3a393455], Target[className=net/minecraft/world/level/levelgen/structure/structures/SwampHutPiece, elementName=, elementDescriptor=, targetType=cpw.mods.modlauncher.api.TargetType@3a393455], Target[className=net/minecraft/world/entity/monster/Evoker$EvokerSummonSpellGoal, elementName=, elementDescriptor=, targetType=cpw.mods.modlauncher.api.TargetType@3a393455], Target[className=net/minecraft/world/entity/raid/Raid, elementName=, elementDescriptor=, targetType=cpw.mods.modlauncher.api.TargetType@3a393455], Target[className=net/minecraft/world/level/levelgen/structure/structures/OceanMonumentPieces$OceanMonumentPiece, elementName=, elementDescriptor=, targetType=cpw.mods.modlauncher.api.TargetType@3a393455], Target[className=net/minecraft/world/level/levelgen/structure/templatesystem/StructureTemplate, elementName=, elementDescriptor=, targetType=cpw.mods.modlauncher.api.TargetType@3a393455], Target[className=net/minecraft/world/level/levelgen/structure/structures/OceanRuinPieces$OceanRuinPiece, elementName=, elementDescriptor=, targetType=cpw.mods.modlauncher.api.TargetType@3a393455], Target[className=net/minecraft/world/entity/monster/Spider, elementName=, elementDescriptor=, targetType=cpw.mods.modlauncher.api.TargetType@3a393455], Target[className=net/minecraft/world/entity/monster/ZombieVillager, elementName=, elementDescriptor=, targetType=cpw.mods.modlauncher.api.TargetType@3a393455], Target[className=net/minecraft/world/entity/npc/Villager, elementName=, elementDescriptor=, targetType=cpw.mods.modlauncher.api.TargetType@3a393455], Target[className=net/minecraft/world/level/levelgen/PhantomSpawner, elementName=, elementDescriptor=, targetType=cpw.mods.modlauncher.api.TargetType@3a393455], Target[className=net/minecraft/world/entity/animal/frog/Tadpole, elementName=, elementDescriptor=, targetType=cpw.mods.modlauncher.api.TargetType@3a393455]] transformer from core-mod net.neoforged.neoforge.coremods.NeoForgeCoreMod@a52ca2e in neoforge-21.1.137.jar > neoforge-coremods-21.1.137.jar
[03апр.2025 21:12:22.340] [main/DEBUG] [cpw.mods.modlauncher.TransformStore/MODLAUNCHER]: Adding transformer net.neoforged.neoforge.coremods.ReplaceFieldWithGetterAccess@78b41097 to Target : cpw.mods.modlauncher.api.TargetType@3a393455 {Lnet/minecraft/world/level/biome/Biome;} {} {V}
[03апр.2025 21:12:22.342] [main/DEBUG] [cpw.mods.modlauncher.TransformStore/MODLAUNCHER]: Adding transformer net.neoforged.neoforge.coremods.ReplaceFieldWithGetterAccess@7cf283e1 to Target : cpw.mods.modlauncher.api.TargetType@3a393455 {Lnet/minecraft/world/level/levelgen/structure/Structure;} {} {V}
[03апр.2025 21:12:22.344] [main/DEBUG] [cpw.mods.modlauncher.TransformStore/MODLAUNCHER]: Adding transformer net.neoforged.neoforge.coremods.ReplaceFieldWithGetterAccess@20e6c4dc to Target : cpw.mods.modlauncher.api.TargetType@3a393455 {Lnet/minecraft/world/level/block/FlowerPotBlock;} {} {V}
[03апр.2025 21:12:22.346] [main/DEBUG] [cpw.mods.modlauncher.TransformStore/MODLAUNCHER]: Adding transformer net.neoforged.neoforge.coremods.MethodRedirector@60737b23 to Target : cpw.mods.modlauncher.api.TargetType@3a393455 {Lnet/minecraft/world/level/NaturalSpawner;} {} {V}
[03апр.2025 21:12:22.346] [main/DEBUG] [cpw.mods.modlauncher.TransformStore/MODLAUNCHER]: Adding transformer net.neoforged.neoforge.coremods.MethodRedirector@60737b23 to Target : cpw.mods.modlauncher.api.TargetType@3a393455 {Lnet/minecraft/world/entity/ai/village/VillageSiege;} {} {V}
[03апр.2025 21:12:22.346] [main/DEBUG] [cpw.mods.modlauncher.TransformStore/MODLAUNCHER]: Adding transformer net.neoforged.neoforge.coremods.MethodRedirector@60737b23 to Target : cpw.mods.modlauncher.api.TargetType@3a393455 {Lnet/minecraft/world/level/levelgen/PatrolSpawner;} {} {V}
[03апр.2025 21:12:22.347] [main/DEBUG] [cpw.mods.modlauncher.TransformStore/MODLAUNCHER]: Adding transformer net.neoforged.neoforge.coremods.MethodRedirector@60737b23 to Target : cpw.mods.modlauncher.api.TargetType@3a393455 {Lnet/minecraft/world/entity/monster/Zombie;} {} {V}
[03апр.2025 21:12:22.347] [main/DEBUG] [cpw.mods.modlauncher.TransformStore/MODLAUNCHER]: Adding transformer net.neoforged.neoforge.coremods.MethodRedirector@60737b23 to Target : cpw.mods.modlauncher.api.TargetType@3a393455 {Lnet/minecraft/server/commands/SummonCommand;} {} {V}
[03апр.2025 21:12:22.347] [main/DEBUG] [cpw.mods.modlauncher.TransformStore/MODLAUNCHER]: Adding transformer net.neoforged.neoforge.coremods.MethodRedirector@60737b23 to Target : cpw.mods.modlauncher.api.TargetType@3a393455 {Lnet/minecraft/world/entity/EntityType;} {} {V}
[03апр.2025 21:12:22.347] [main/DEBUG] [cpw.mods.modlauncher.TransformStore/MODLAUNCHER]: Adding transformer net.neoforged.neoforge.coremods.MethodRedirector@60737b23 to Target : cpw.mods.modlauncher.api.TargetType@3a393455 {Lnet/minecraft/world/entity/monster/Strider;} {} {V}
[03апр.2025 21:12:22.347] [main/DEBUG] [cpw.mods.modlauncher.TransformStore/MODLAUNCHER]: Adding transformer net.neoforged.neoforge.coremods.MethodRedirector@60737b23 to Target : cpw.mods.modlauncher.api.TargetType@3a393455 {Lnet/minecraft/world/level/levelgen/structure/structures/WoodlandMansionPieces$WoodlandMansionPiece;} {} {V}
[03апр.2025 21:12:22.348] [main/DEBUG] [cpw.mods.modlauncher.TransformStore/MODLAUNCHER]: Adding transformer net.neoforged.neoforge.coremods.MethodRedirector@60737b23 to Target : cpw.mods.modlauncher.api.TargetType@3a393455 {Lnet/minecraft/world/entity/animal/horse/SkeletonTrapGoal;} {} {V}
[03апр.2025 21:12:22.348] [main/DEBUG] [cpw.mods.modlauncher.TransformStore/MODLAUNCHER]: Adding transformer net.neoforged.neoforge.coremods.MethodRedirector@60737b23 to Target : cpw.mods.modlauncher.api.TargetType@3a393455 {Lnet/minecraft/server/commands/RaidCommand;} {} {V}
[03апр.2025 21:12:22.348] [main/DEBUG] [cpw.mods.modlauncher.TransformStore/MODLAUNCHER]: Adding transformer net.neoforged.neoforge.coremods.MethodRedirector@60737b23 to Target : cpw.mods.modlauncher.api.TargetType@3a393455 {Lnet/minecraft/world/entity/npc/CatSpawner;} {} {V}
[03апр.2025 21:12:22.348] [main/DEBUG] [cpw.mods.modlauncher.TransformStore/MODLAUNCHER]: Adding transformer net.neoforged.neoforge.coremods.MethodRedirector@60737b23 to Target : cpw.mods.modlauncher.api.TargetType@3a393455 {Lnet/minecraft/world/level/levelgen/structure/structures/SwampHutPiece;} {} {V}
[03апр.2025 21:12:22.349] [main/DEBUG] [cpw.mods.modlauncher.TransformStore/MODLAUNCHER]: Adding transformer net.neoforged.neoforge.coremods.MethodRedirector@60737b23 to Target : cpw.mods.modlauncher.api.TargetType@3a393455 {Lnet/minecraft/world/entity/monster/Evoker$EvokerSummonSpellGoal;} {} {V}
[03апр.2025 21:12:22.349] [main/DEBUG] [cpw.mods.modlauncher.TransformStore/MODLAUNCHER]: Adding transformer net.neoforged.neoforge.coremods.MethodRedirector@60737b23 to Target : cpw.mods.modlauncher.api.TargetType@3a393455 {Lnet/minecraft/world/entity/raid/Raid;} {} {V}
[03апр.2025 21:12:22.349] [main/DEBUG] [cpw.mods.modlauncher.TransformStore/MODLAUNCHER]: Adding transformer net.neoforged.neoforge.coremods.MethodRedirector@60737b23 to Target : cpw.mods.modlauncher.api.TargetType@3a393455 {Lnet/minecraft/world/level/levelgen/structure/structures/OceanMonumentPieces$OceanMonumentPiece;} {} {V}
[03апр.2025 21:12:22.349] [main/DEBUG] [cpw.mods.modlauncher.TransformStore/MODLAUNCHER]: Adding transformer net.neoforged.neoforge.coremods.MethodRedirector@60737b23 to Target : cpw.mods.modlauncher.api.TargetType@3a393455 {Lnet/minecraft/world/level/levelgen/structure/templatesystem/StructureTemplate;} {} {V}
[03апр.2025 21:12:22.350] [main/DEBUG] [cpw.mods.modlauncher.TransformStore/MODLAUNCHER]: Adding transformer net.neoforged.neoforge.coremods.MethodRedirector@60737b23 to Target : cpw.mods.modlauncher.api.TargetType@3a393455 {Lnet/minecraft/world/level/levelgen/structure/structures/OceanRuinPieces$OceanRuinPiece;} {} {V}
[03апр.2025 21:12:22.350] [main/DEBUG] [cpw.mods.modlauncher.TransformStore/MODLAUNCHER]: Adding transformer net.neoforged.neoforge.coremods.MethodRedirector@60737b23 to Target : cpw.mods.modlauncher.api.TargetType@3a393455 {Lnet/minecraft/world/entity/monster/Spider;} {} {V}
[03апр.2025 21:12:22.352] [main/DEBUG] [cpw.mods.modlauncher.TransformStore/MODLAUNCHER]: Adding transformer net.neoforged.neoforge.coremods.MethodRedirector@60737b23 to Target : cpw.mods.modlauncher.api.TargetType@3a393455 {Lnet/minecraft/world/entity/monster/ZombieVillager;} {} {V}
[03апр.2025 21:12:22.353] [main/DEBUG] [cpw.mods.modlauncher.TransformStore/MODLAUNCHER]: Adding transformer net.neoforged.neoforge.coremods.MethodRedirector@60737b23 to Target : cpw.mods.modlauncher.api.TargetType@3a393455 {Lnet/minecraft/world/entity/npc/Villager;} {} {V}
[03апр.2025 21:12:22.353] [main/DEBUG] [cpw.mods.modlauncher.TransformStore/MODLAUNCHER]: Adding transformer net.neoforged.neoforge.coremods.MethodRedirector@60737b23 to Target : cpw.mods.modlauncher.api.TargetType@3a393455 {Lnet/minecraft/world/level/levelgen/PhantomSpawner;} {} {V}
[03апр.2025 21:12:22.353] [main/DEBUG] [cpw.mods.modlauncher.TransformStore/MODLAUNCHER]: Adding transformer net.neoforged.neoforge.coremods.MethodRedirector@60737b23 to Target : cpw.mods.modlauncher.api.TargetType@3a393455 {Lnet/minecraft/world/entity/animal/frog/Tadpole;} {} {V}
[03апр.2025 21:12:22.353] [main/DEBUG] [cpw.mods.modlauncher.TransformationServiceDecorator/MODLAUNCHER]: Initialized transformers for transformation service fml
[03апр.2025 21:12:22.940] [main/DEBUG] [mixin/]: Processing prepare() for PlatformAgent[MixinPlatformAgentDefault:ModLauncher Root Container(ModLauncher:4f56a0a2)]
[03апр.2025 21:12:22.941] [main/DEBUG] [mixin/]: Processing prepare() for PlatformAgent[MixinPlatformAgentDefault:net.neoforged.fml.loading.mixin.FMLMixinContainerHandle@10667848]
[03апр.2025 21:12:22.941] [main/DEBUG] [mixin/]: Processing prepare() for PlatformAgent[FMLMixinPlatformAgent:null]
[03апр.2025 21:12:23.074] [main/DEBUG] [mixin/]: Compatibility level JAVA_21 specified by farmersdelight.mixins.json is higher than the maximum level supported by this version of mixin (JAVA_13).
[03апр.2025 21:12:23.082] [main/INFO] [mixin/]: Compatibility level set to JAVA_21
[03апр.2025 21:12:23.084] [main/DEBUG] [mixin/]: Compatibility level JAVA_17 specified by biolith.mixins.json is higher than the maximum level supported by this version of mixin (JAVA_13).
[03апр.2025 21:12:23.086] [main/DEBUG] [mixin/]: Compatibility level JAVA_17 specified by biolith.neoforge.mixins.json is higher than the maximum level supported by this version of mixin (JAVA_13).
[03апр.2025 21:12:23.094] [main/DEBUG] [mixin/]: Compatibility level JAVA_8 specified by no_mans_delight.mixins.json is lower than the default level supported by the current mixin service (JAVA_16).
[03апр.2025 21:12:23.099] [main/DEBUG] [mixin/]: Processing launch tasks for PlatformAgent[MixinPlatformAgentDefault:ModLauncher Root Container(ModLauncher:4f56a0a2)]
[03апр.2025 21:12:23.100] [main/DEBUG] [mixin/]: Adding mixin platform agents for container SecureJarResource(mixin_synthetic)
[03апр.2025 21:12:23.100] [main/DEBUG] [mixin/]: Instancing new MixinPlatformAgentMinecraftForge for SecureJarResource(mixin_synthetic)
[03апр.2025 21:12:23.100] [main/DEBUG] [mixin/]: MixinPlatformAgentMinecraftForge rejected container SecureJarResource(mixin_synthetic)
[03апр.2025 21:12:23.100] [main/DEBUG] [mixin/]: Instancing new MixinPlatformAgentDefault for SecureJarResource(mixin_synthetic)
[03апр.2025 21:12:23.101] [main/DEBUG] [mixin/]: MixinPlatformAgentDefault accepted container SecureJarResource(mixin_synthetic)
[03апр.2025 21:12:23.101] [main/DEBUG] [mixin/]: Instancing new FMLMixinPlatformAgent for SecureJarResource(mixin_synthetic)
[03апр.2025 21:12:23.105] [main/DEBUG] [mixin/]: FMLMixinPlatformAgent rejected container SecureJarResource(mixin_synthetic)
[03апр.2025 21:12:23.106] [main/DEBUG] [mixin/]: Processing prepare() for PlatformAgent[MixinPlatformAgentDefault:SecureJarResource(mixin_synthetic)]
[03апр.2025 21:12:23.106] [main/DEBUG] [mixin/]: Adding mixin platform agents for container SecureJarResource(farmersdelight)
[03апр.2025 21:12:23.107] [main/DEBUG] [mixin/]: Instancing new MixinPlatformAgentMinecraftForge for SecureJarResource(farmersdelight)
[03апр.2025 21:12:23.108] [main/DEBUG] [mixin/]: MixinPlatformAgentMinecraftForge rejected container SecureJarResource(farmersdelight)
[03апр.2025 21:12:23.108] [main/DEBUG] [mixin/]: Instancing new MixinPlatformAgentDefault for SecureJarResource(farmersdelight)
[03апр.2025 21:12:23.108] [main/DEBUG] [mixin/]: MixinPlatformAgentDefault accepted container SecureJarResource(farmersdelight)
[03апр.2025 21:12:23.108] [main/DEBUG] [mixin/]: Instancing new FMLMixinPlatformAgent for SecureJarResource(farmersdelight)
[03апр.2025 21:12:23.109] [main/DEBUG] [mixin/]: FMLMixinPlatformAgent rejected container SecureJarResource(farmersdelight)
[03апр.2025 21:12:23.109] [main/DEBUG] [mixin/]: Processing prepare() for PlatformAgent[MixinPlatformAgentDefault:SecureJarResource(farmersdelight)]
[03апр.2025 21:12:23.109] [main/DEBUG] [mixin/]: Adding mixin platform agents for container SecureJarResource(minecraft)
[03апр.2025 21:12:23.110] [main/DEBUG] [mixin/]: Instancing new MixinPlatformAgentMinecraftForge for SecureJarResource(minecraft)
[03апр.2025 21:12:23.110] [main/DEBUG] [mixin/]: MixinPlatformAgentMinecraftForge rejected container SecureJarResource(minecraft)
[03апр.2025 21:12:23.110] [main/DEBUG] [mixin/]: Instancing new MixinPlatformAgentDefault for SecureJarResource(minecraft)
[03апр.2025 21:12:23.111] [main/DEBUG] [mixin/]: MixinPlatformAgentDefault accepted container SecureJarResource(minecraft)
[03апр.2025 21:12:23.111] [main/DEBUG] [mixin/]: Instancing new FMLMixinPlatformAgent for SecureJarResource(minecraft)
[03апр.2025 21:12:23.111] [main/DEBUG] [mixin/]: FMLMixinPlatformAgent rejected container SecureJarResource(minecraft)
[03апр.2025 21:12:23.112] [main/DEBUG] [mixin/]: Processing prepare() for PlatformAgent[MixinPlatformAgentDefault:SecureJarResource(minecraft)]
[03апр.2025 21:12:23.112] [main/DEBUG] [mixin/]: Adding mixin platform agents for container SecureJarResource(biolith)
[03апр.2025 21:12:23.112] [main/DEBUG] [mixin/]: Instancing new MixinPlatformAgentMinecraftForge for SecureJarResource(biolith)
[03апр.2025 21:12:23.112] [main/DEBUG] [mixin/]: MixinPlatformAgentMinecraftForge rejected container SecureJarResource(biolith)
[03апр.2025 21:12:23.112] [main/DEBUG] [mixin/]: Instancing new MixinPlatformAgentDefault for SecureJarResource(biolith)
[03апр.2025 21:12:23.114] [main/DEBUG] [mixin/]: MixinPlatformAgentDefault accepted container SecureJarResource(biolith)
[03апр.2025 21:12:23.114] [main/DEBUG] [mixin/]: Instancing new FMLMixinPlatformAgent for SecureJarResource(biolith)
[03апр.2025 21:12:23.114] [main/DEBUG] [mixin/]: FMLMixinPlatformAgent rejected container SecureJarResource(biolith)
[03апр.2025 21:12:23.114] [main/DEBUG] [mixin/]: Processing prepare() for PlatformAgent[MixinPlatformAgentDefault:SecureJarResource(biolith)]
[03апр.2025 21:12:23.114] [main/DEBUG] [mixin/]: Adding mixin platform agents for container SecureJarResource(appleskin)
[03апр.2025 21:12:23.114] [main/DEBUG] [mixin/]: Instancing new MixinPlatformAgentMinecraftForge for SecureJarResource(appleskin)
[03апр.2025 21:12:23.114] [main/DEBUG] [mixin/]: MixinPlatformAgentMinecraftForge rejected container SecureJarResource(appleskin)
[03апр.2025 21:12:23.114] [main/DEBUG] [mixin/]: Instancing new MixinPlatformAgentDefault for SecureJarResource(appleskin)
[03апр.2025 21:12:23.114] [main/DEBUG] [mixin/]: MixinPlatformAgentDefault accepted container SecureJarResource(appleskin)
[03апр.2025 21:12:23.114] [main/DEBUG] [mixin/]: Instancing new FMLMixinPlatformAgent for SecureJarResource(appleskin)
[03апр.2025 21:12:23.115] [main/DEBUG] [mixin/]: FMLMixinPlatformAgent rejected container SecureJarResource(appleskin)
[03апр.2025 21:12:23.115] [main/DEBUG] [mixin/]: Processing prepare() for PlatformAgent[MixinPlatformAgentDefault:SecureJarResource(appleskin)]
[03апр.2025 21:12:23.115] [main/DEBUG] [mixin/]: Adding mixin platform agents for container SecureJarResource(nomansland)
[03апр.2025 21:12:23.115] [main/DEBUG] [mixin/]: Instancing new MixinPlatformAgentMinecraftForge for SecureJarResource(nomansland)
[03апр.2025 21:12:23.115] [main/DEBUG] [mixin/]: MixinPlatformAgentMinecraftForge rejected container SecureJarResource(nomansland)
[03апр.2025 21:12:23.115] [main/DEBUG] [mixin/]: Instancing new MixinPlatformAgentDefault for SecureJarResource(nomansland)
[03апр.2025 21:12:23.115] [main/DEBUG] [mixin/]: MixinPlatformAgentDefault accepted container SecureJarResource(nomansland)
[03апр.2025 21:12:23.115] [main/DEBUG] [mixin/]: Instancing new FMLMixinPlatformAgent for SecureJarResource(nomansland)
[03апр.2025 21:12:23.115] [main/DEBUG] [mixin/]: FMLMixinPlatformAgent rejected container SecureJarResource(nomansland)
[03апр.2025 21:12:23.116] [main/DEBUG] [mixin/]: Processing prepare() for PlatformAgent[MixinPlatformAgentDefault:SecureJarResource(nomansland)]
[03апр.2025 21:12:23.116] [main/DEBUG] [mixin/]: Adding mixin platform agents for container SecureJarResource(no_mans_delight)
[03апр.2025 21:12:23.116] [main/DEBUG] [mixin/]: Instancing new MixinPlatformAgentMinecraftForge for SecureJarResource(no_mans_delight)
[03апр.2025 21:12:23.116] [main/DEBUG] [mixin/]: MixinPlatformAgentMinecraftForge rejected container SecureJarResource(no_mans_delight)
[03апр.2025 21:12:23.116] [main/DEBUG] [mixin/]: Instancing new MixinPlatformAgentDefault for SecureJarResource(no_mans_delight)
[03апр.2025 21:12:23.116] [main/DEBUG] [mixin/]: MixinPlatformAgentDefault accepted container SecureJarResource(no_mans_delight)
[03апр.2025 21:12:23.116] [main/DEBUG] [mixin/]: Instancing new FMLMixinPlatformAgent for SecureJarResource(no_mans_delight)
[03апр.2025 21:12:23.117] [main/DEBUG] [mixin/]: FMLMixinPlatformAgent rejected container SecureJarResource(no_mans_delight)
[03апр.2025 21:12:23.117] [main/DEBUG] [mixin/]: Processing prepare() for PlatformAgent[MixinPlatformAgentDefault:SecureJarResource(no_mans_delight)]
[03апр.2025 21:12:23.117] [main/DEBUG] [mixin/]: Adding mixin platform agents for container SecureJarResource(jei)
[03апр.2025 21:12:23.117] [main/DEBUG] [mixin/]: Instancing new MixinPlatformAgentMinecraftForge for SecureJarResource(jei)
[03апр.2025 21:12:23.117] [main/DEBUG] [mixin/]: MixinPlatformAgentMinecraftForge rejected container SecureJarResource(jei)
[03апр.2025 21:12:23.118] [main/DEBUG] [mixin/]: Instancing new MixinPlatformAgentDefault for SecureJarResource(jei)
[03апр.2025 21:12:23.118] [main/DEBUG] [mixin/]: MixinPlatformAgentDefault accepted container SecureJarResource(jei)
[03апр.2025 21:12:23.118] [main/DEBUG] [mixin/]: Instancing new FMLMixinPlatformAgent for SecureJarResource(jei)
[03апр.2025 21:12:23.118] [main/DEBUG] [mixin/]: FMLMixinPlatformAgent rejected container SecureJarResource(jei)
[03апр.2025 21:12:23.118] [main/DEBUG] [mixin/]: Processing prepare() for PlatformAgent[MixinPlatformAgentDefault:SecureJarResource(jei)]
[03апр.2025 21:12:23.118] [main/DEBUG] [mixin/]: Adding mixin platform agents for container SecureJarResource(mixinextras.neoforge)
[03апр.2025 21:12:23.118] [main/DEBUG] [mixin/]: Instancing new MixinPlatformAgentMinecraftForge for SecureJarResource(mixinextras.neoforge)
[03апр.2025 21:12:23.118] [main/DEBUG] [mixin/]: MixinPlatformAgentMinecraftForge rejected container SecureJarResource(mixinextras.neoforge)
[03апр.2025 21:12:23.118] [main/DEBUG] [mixin/]: Instancing new MixinPlatformAgentDefault for SecureJarResource(mixinextras.neoforge)
[03апр.2025 21:12:23.118] [main/DEBUG] [mixin/]: MixinPlatformAgentDefault accepted container SecureJarResource(mixinextras.neoforge)
[03апр.2025 21:12:23.119] [main/DEBUG] [mixin/]: Instancing new FMLMixinPlatformAgent for SecureJarResource(mixinextras.neoforge)
[03апр.2025 21:12:23.119] [main/DEBUG] [mixin/]: FMLMixinPlatformAgent rejected container SecureJarResource(mixinextras.neoforge)
[03апр.2025 21:12:23.119] [main/DEBUG] [mixin/]: Processing prepare() for PlatformAgent[MixinPlatformAgentDefault:SecureJarResource(mixinextras.neoforge)]
[03апр.2025 21:12:23.119] [main/DEBUG] [mixin/]: Registering mixin config: mixinextras.init.mixins.json source=SecureJarResource(mixinextras.neoforge)
[03апр.2025 21:12:23.120] [main/DEBUG] [mixin/]: inject() running with 11 agents
[03апр.2025 21:12:23.121] [main/DEBUG] [mixin/]: Processing inject() for PlatformAgent[MixinPlatformAgentDefault:ModLauncher Root Container(ModLauncher:4f56a0a2)]
[03апр.2025 21:12:23.121] [main/DEBUG] [mixin/]: Processing inject() for PlatformAgent[MixinPlatformAgentDefault:net.neoforged.fml.loading.mixin.FMLMixinContainerHandle@10667848]
[03апр.2025 21:12:23.122] [main/DEBUG] [mixin/]: Processing inject() for PlatformAgent[FMLMixinPlatformAgent:null]
[03апр.2025 21:12:23.122] [main/DEBUG] [mixin/]: Processing inject() for PlatformAgent[MixinPlatformAgentDefault:SecureJarResource(mixin_synthetic)]
[03апр.2025 21:12:23.122] [main/DEBUG] [mixin/]: Processing inject() for PlatformAgent[MixinPlatformAgentDefault:SecureJarResource(farmersdelight)]
[03апр.2025 21:12:23.122] [main/DEBUG] [mixin/]: Processing inject() for PlatformAgent[MixinPlatformAgentDefault:SecureJarResource(minecraft)]
[03апр.2025 21:12:23.122] [main/DEBUG] [mixin/]: Processing inject() for PlatformAgent[MixinPlatformAgentDefault:SecureJarResource(biolith)]
[03апр.2025 21:12:23.122] [main/DEBUG] [mixin/]: Processing inject() for PlatformAgent[MixinPlatformAgentDefault:SecureJarResource(appleskin)]
[03апр.2025 21:12:23.122] [main/DEBUG] [mixin/]: Processing inject() for PlatformAgent[MixinPlatformAgentDefault:SecureJarResource(nomansland)]
[03апр.2025 21:12:23.122] [main/DEBUG] [mixin/]: Processing inject() for PlatformAgent[MixinPlatformAgentDefault:SecureJarResource(no_mans_delight)]
[03апр.2025 21:12:23.122] [main/DEBUG] [mixin/]: Processing inject() for PlatformAgent[MixinPlatformAgentDefault:SecureJarResource(jei)]
[03апр.2025 21:12:23.122] [main/DEBUG] [mixin/]: Processing inject() for PlatformAgent[MixinPlatformAgentDefault:SecureJarResource(mixinextras.neoforge)]
[03апр.2025 21:12:23.124] [main/INFO] [cpw.mods.modlauncher.LaunchServiceHandler/MODLAUNCHER]: Launching target 'forgeclientuserdev' with arguments [--version, 21.1.137, --gameDir, ., --assetsDir, C:\Users\admin\.gradle\caches\neoformruntime\assets, --assetIndex, 17]
[03апр.2025 21:12:23.196] [main/DEBUG] [mixin/]: Preparing mixins for MixinEnvironment[DEFAULT]
[03апр.2025 21:12:23.197] [main/DEBUG] [mixin/]: Selecting config farmersdelight.mixins.json
[03апр.2025 21:12:23.202] [main/DEBUG] [mixin/]: Selecting config biolith.mixins.json
[03апр.2025 21:12:23.203] [main/DEBUG] [mixin/]: Selecting config biolith.neoforge.mixins.json
[03апр.2025 21:12:23.209] [main/DEBUG] [mixin/]: Selecting config neoforge.mixins.json
[03апр.2025 21:12:23.211] [main/DEBUG] [mixin/]: Selecting config nomansland.mixins.json
[03апр.2025 21:12:23.223] [main/WARN] [mixin/]: Reference map 'nomansland.refmap.json' for nomansland.mixins.json could not be read. If this is a development environment you can ignore this message
[03апр.2025 21:12:23.223] [main/DEBUG] [mixin/]: Selecting config no_mans_delight.mixins.json
[03апр.2025 21:12:23.224] [main/WARN] [mixin/]: Reference map 'no_mans_delight.refmap.json' for no_mans_delight.mixins.json could not be read. If this is a development environment you can ignore this message
[03апр.2025 21:12:23.224] [main/DEBUG] [mixin/]: Selecting config mixinextras.init.mixins.json
[03апр.2025 21:12:23.265] [main/DEBUG] [MixinExtras|Service/]: com.llamalad7.mixinextras.service.MixinExtrasServiceImpl(version=0.4.1) is taking over from null
[03апр.2025 21:12:23.303] [main/DEBUG] [mixin/]: Registering new injector for @Inject with org.spongepowered.asm.mixin.injection.struct.CallbackInjectionInfo
[03апр.2025 21:12:23.304] [main/DEBUG] [mixin/]: Registering new injector for @ModifyArg with org.spongepowered.asm.mixin.injection.struct.ModifyArgInjectionInfo
[03апр.2025 21:12:23.306] [main/DEBUG] [mixin/]: Registering new injector for @ModifyArgs with org.spongepowered.asm.mixin.injection.struct.ModifyArgsInjectionInfo
[03апр.2025 21:12:23.308] [main/DEBUG] [mixin/]: Registering new injector for @Redirect with org.spongepowered.asm.mixin.injection.struct.RedirectInjectionInfo
[03апр.2025 21:12:23.310] [main/DEBUG] [mixin/]: Registering new injector for @ModifyVariable with org.spongepowered.asm.mixin.injection.struct.ModifyVariableInjectionInfo
[03апр.2025 21:12:23.312] [main/DEBUG] [mixin/]: Registering new injector for @ModifyConstant with org.spongepowered.asm.mixin.injection.struct.ModifyConstantInjectionInfo
[03апр.2025 21:12:23.328] [main/DEBUG] [mixin/]: Preparing farmersdelight.mixins.json (6)
[03апр.2025 21:12:23.387] [main/DEBUG] [mixin/]: Preparing biolith.mixins.json (11)
[03апр.2025 21:12:23.432] [main/DEBUG] [mixin/]: Preparing biolith.neoforge.mixins.json (2)
[03апр.2025 21:12:23.433] [main/DEBUG] [mixin/]: Preparing neoforge.mixins.json (2)
[03апр.2025 21:12:23.439] [main/DEBUG] [mixin/]: Preparing nomansland.mixins.json (78)
[03апр.2025 21:12:23.620] [main/DEBUG] [mixin/]: Preparing no_mans_delight.mixins.json (0)
[03апр.2025 21:12:23.620] [main/DEBUG] [mixin/]: Preparing mixinextras.init.mixins.json (0)
[03апр.2025 21:12:23.673] [main/DEBUG] [mixin/]: Prepared 98 mixins in 0,474 sec (4,8ms avg) (0ms load, 0ms transform, 0ms plugin)
[03апр.2025 21:12:23.836] [main/DEBUG] [io.netty.util.internal.logging.InternalLoggerFactory/]: Using SLF4J as the default logging framework
[03апр.2025 21:12:23.843] [main/DEBUG] [io.netty.util.ResourceLeakDetector/]: -Dio.netty.leakDetection.level: simple
[03апр.2025 21:12:23.844] [main/DEBUG] [io.netty.util.ResourceLeakDetector/]: -Dio.netty.leakDetection.targetRecords: 4
[03апр.2025 21:12:24.659] [main/DEBUG] [oshi.util.FileUtil/]: No oshi.properties file found from ClassLoader cpw.mods.modlauncher.TransformingClassLoader@36f1046f
[03апр.2025 21:12:24.980] [Datafixer Bootstrap/INFO] [com.mojang.datafixers.DataFixerBuilder/]: 229 Datafixer optimizations took 348 milliseconds
[03апр.2025 21:12:25.069] [main/DEBUG] [oshi.util.FileUtil/]: No oshi.architecture.properties file found from ClassLoader cpw.mods.modlauncher.TransformingClassLoader@36f1046f
[03апр.2025 21:12:25.158] [pool-12-thread-1/INFO] [MixinExtras|Service/]: Initializing MixinExtras via com.llamalad7.mixinextras.service.MixinExtrasServiceImpl(version=0.4.1).
[03апр.2025 21:12:25.159] [pool-12-thread-1/DEBUG] [mixin/]: Registering new injector for @SugarWrapper with com.llamalad7.mixinextras.sugar.impl.SugarWrapperInjectionInfo
[03апр.2025 21:12:25.160] [pool-12-thread-1/DEBUG] [mixin/]: Registering new injector for @FactoryRedirectWrapper with com.llamalad7.mixinextras.wrapper.factory.FactoryRedirectWrapperInjectionInfo
[03апр.2025 21:12:25.163] [pool-12-thread-1/DEBUG] [mixin/]: Mixing MappedRegistryAccessor from neoforge.mixins.json into net.minecraft.core.MappedRegistry
[03апр.2025 21:12:25.260] [pool-12-thread-1/DEBUG] [mixin/]: Mixing BlockBehaviourMixin from nomansland.mixins.json into net.minecraft.world.level.block.state.BlockBehaviour
[03апр.2025 21:12:25.287] [pool-12-thread-1/DEBUG] [mixin/]: nomansland.mixins.json:BlockBehaviourMixin from mod nomansland->@Inject::getCollisionShape(Lnet/minecraft/world/level/block/state/BlockState;Lnet/minecraft/world/level/BlockGetter;Lnet/minecraft/core/BlockPos;Lnet/minecraft/world/phys/shapes/CollisionContext;Lorg/spongepowered/asm/mixin/injection/callback/CallbackInfoReturnable;)V doesn't use it's CallbackInfoReturnable
[03апр.2025 21:12:25.288] [pool-12-thread-1/DEBUG] [mixin/]: nomansland.mixins.json:BlockBehaviourMixin from mod nomansland->@Inject::getCollisionShape(Lnet/minecraft/world/level/block/state/BlockState;Lnet/minecraft/world/level/BlockGetter;Lnet/minecraft/core/BlockPos;Lnet/minecraft/world/phys/shapes/CollisionContext;Lorg/spongepowered/asm/mixin/injection/callback/CallbackInfoReturnable;)V has 1 override(s) in child classes
[03апр.2025 21:12:25.288] [pool-12-thread-1/DEBUG] [mixin/]: nomansland.mixins.json:BlockBehaviourMixin from mod nomansland->@Inject::getCollisionShape(Lnet/minecraft/world/level/block/state/BlockState;Lnet/minecraft/world/level/BlockGetter;Lnet/minecraft/core/BlockPos;Lnet/minecraft/world/phys/shapes/CollisionContext;Lorg/spongepowered/asm/mixin/injection/callback/CallbackInfoReturnable;)V will be passed a CallbackInfoReturnable as a result
[03апр.2025 21:12:25.310] [pool-12-thread-1/DEBUG] [mixin/]: Mixing EntityMixin from nomansland.mixins.json into net.minecraft.world.entity.Entity
[03апр.2025 21:12:25.311] [pool-12-thread-1/DEBUG] [mixin/]: Renaming synthetic method lambda$resetFallDistance$0(Lnet/minecraft/world/entity/Entity;)V to mda92d0d$nomansland$lambda$resetFallDistance$0$0 in nomansland.mixins.json:EntityMixin from mod nomansland
[03апр.2025 21:12:25.363] [pool-12-thread-1/DEBUG] [mixin/]: nomansland.mixins.json:EntityMixin from mod nomansland->@Inject::init(Lnet/minecraft/world/entity/EntityType;Lnet/minecraft/world/level/Level;Lorg/spongepowered/asm/mixin/injection/callback/CallbackInfo;)V doesn't use it's CallbackInfo
[03апр.2025 21:12:25.364] [pool-12-thread-1/DEBUG] [mixin/]: nomansland.mixins.json:EntityMixin from mod nomansland->@Inject::init(Lnet/minecraft/world/entity/EntityType;Lnet/minecraft/world/level/Level;Lorg/spongepowered/asm/mixin/injection/callback/CallbackInfo;)V has 0 override(s) in child classes
[03апр.2025 21:12:25.364] [pool-12-thread-1/DEBUG] [mixin/]: nomansland.mixins.json:EntityMixin from mod nomansland->@Inject::init(Lnet/minecraft/world/entity/EntityType;Lnet/minecraft/world/level/Level;Lorg/spongepowered/asm/mixin/injection/callback/CallbackInfo;)V won't be passed a CallbackInfo as a result
[03апр.2025 21:12:25.364] [pool-12-thread-1/DEBUG] [mixin/]: nomansland.mixins.json:EntityMixin from mod nomansland->@Inject::getOnPosLegacy(Lorg/spongepowered/asm/mixin/injection/callback/CallbackInfoReturnable;)V does use it's CallbackInfoReturnable
[03апр.2025 21:12:25.364] [pool-12-thread-1/DEBUG] [mixin/]: nomansland.mixins.json:EntityMixin from mod nomansland->@Inject::resetFallDistance(Lorg/spongepowered/asm/mixin/injection/callback/CallbackInfo;)V doesn't use it's CallbackInfo
[03апр.2025 21:12:25.365] [pool-12-thread-1/DEBUG] [mixin/]: nomansland.mixins.json:EntityMixin from mod nomansland->@Inject::resetFallDistance(Lorg/spongepowered/asm/mixin/injection/callback/CallbackInfo;)V has 0 override(s) in child classes
[03апр.2025 21:12:25.365] [pool-12-thread-1/DEBUG] [mixin/]: nomansland.mixins.json:EntityMixin from mod nomansland->@Inject::resetFallDistance(Lorg/spongepowered/asm/mixin/injection/callback/CallbackInfo;)V won't be passed a CallbackInfo as a result
[03апр.2025 21:12:25.365] [pool-12-thread-1/DEBUG] [mixin/]: nomansland.mixins.json:EntityMixin from mod nomansland->@Inject::tick(Lorg/spongepowered/asm/mixin/injection/callback/CallbackInfo;)V doesn't use it's CallbackInfo
[03апр.2025 21:12:25.365] [pool-12-thread-1/DEBUG] [mixin/]: nomansland.mixins.json:EntityMixin from mod nomansland->@Inject::tick(Lorg/spongepowered/asm/mixin/injection/callback/CallbackInfo;)V has 0 override(s) in child classes
[03апр.2025 21:12:25.366] [pool-12-thread-1/DEBUG] [mixin/]: nomansland.mixins.json:EntityMixin from mod nomansland->@Inject::tick(Lorg/spongepowered/asm/mixin/injection/callback/CallbackInfo;)V won't be passed a CallbackInfo as a result
[03апр.2025 21:12:25.396] [pool-12-thread-1/DEBUG] [mixin/]: Mixing LivingEntityMixin from nomansland.mixins.json into net.minecraft.world.entity.LivingEntity
[03апр.2025 21:12:25.437] [pool-12-thread-1/DEBUG] [mixin/]: nomansland.mixins.json:LivingEntityMixin from mod nomansland->@Inject::trySkipDroppingDeathLoot(Lnet/minecraft/server/level/ServerLevel;Lnet/minecraft/world/damagesource/DamageSource;Lorg/spongepowered/asm/mixin/injection/callback/CallbackInfo;)V does use it's CallbackInfo
[03апр.2025 21:12:25.438] [pool-12-thread-1/DEBUG] [mixin/]: nomansland.mixins.json:LivingEntityMixin from mod nomansland->@Inject::tryReduceBlockSpeedFactor(Lorg/spongepowered/asm/mixin/injection/callback/CallbackInfoReturnable;)V does use it's CallbackInfoReturnable
[03апр.2025 21:12:25.466] [pool-12-thread-1/DEBUG] [mixin/]: Mixing MixinServerWorld from biolith.mixins.json into net.minecraft.server.level.ServerLevel
[03апр.2025 21:12:25.466] [pool-12-thread-1/DEBUG] [mixin/]: biolith.mixins.json:MixinServerWorld from mod biolith: Class version 65 required is higher than the class version supported by the current version of Mixin (JAVA_17 supports class version 61)
[03апр.2025 21:12:25.468] [pool-12-thread-1/DEBUG] [mixin/]: Mixing ServerLevelMixin from nomansland.mixins.json into net.minecraft.server.level.ServerLevel
[03апр.2025 21:12:25.497] [pool-12-thread-1/DEBUG] [mixin/]: nomansland.mixins.json:ServerLevelMixin from mod nomansland->@Inject::nml$tickPrecipitation(Lnet/minecraft/core/BlockPos;Lorg/spongepowered/asm/mixin/injection/callback/CallbackInfo;)V does use it's CallbackInfo
[03апр.2025 21:12:25.687] [pool-12-thread-1/DEBUG] [mixin/]: Mixing SpreadingSnowyDirtBlockMixin from nomansland.mixins.json into net.minecraft.world.level.block.SpreadingSnowyDirtBlock
[03апр.2025 21:12:25.692] [pool-12-thread-1/DEBUG] [mixin/]: nomansland.mixins.json:SpreadingSnowyDirtBlockMixin from mod nomansland->@Inject::injected(Lnet/minecraft/world/level/block/state/BlockState;Lnet/minecraft/world/level/LevelReader;Lnet/minecraft/core/BlockPos;Lorg/spongepowered/asm/mixin/injection/callback/CallbackInfoReturnable;)V does use it's CallbackInfoReturnable
[03апр.2025 21:12:25.693] [pool-12-thread-1/DEBUG] [mixin/]: Mixing SnowyDirtBlockMixin from nomansland.mixins.json into net.minecraft.world.level.block.SnowyDirtBlock
[03апр.2025 21:12:25.696] [pool-12-thread-1/DEBUG] [mixin/]: nomansland.mixins.json:SnowyDirtBlockMixin from mod nomansland->@Inject::isSnowLogged(Lnet/minecraft/world/level/block/state/BlockState;Lorg/spongepowered/asm/mixin/injection/callback/CallbackInfoReturnable;)V does use it's CallbackInfoReturnable
[03апр.2025 21:12:25.709] [pool-12-thread-1/DEBUG] [mixin/]: Mixing CuttingBoardDispenserMixin from farmersdelight.mixins.json into net.minecraft.world.level.block.DispenserBlock
[03апр.2025 21:12:25.713] [pool-12-thread-1/DEBUG] [mixin/]: Mixing DispenserBlockMixin from nomansland.mixins.json into net.minecraft.world.level.block.DispenserBlock
[03апр.2025 21:12:25.728] [pool-12-thread-1/DEBUG] [mixin/]: farmersdelight.mixins.json:CuttingBoardDispenserMixin from mod farmersdelight->@Inject::onCuttingBoardDispenseFromInject(Lnet/minecraft/server/level/ServerLevel;Lnet/minecraft/world/level/block/state/BlockState;Lnet/minecraft/core/BlockPos;Lorg/spongepowered/asm/mixin/injection/callback/CallbackInfo;Lnet/minecraft/world/level/block/entity/DispenserBlockEntity;Lnet/minecraft/core/dispenser/BlockSource;ILnet/minecraft/world/item/ItemStack;)V does use it's CallbackInfo
[03апр.2025 21:12:25.730] [pool-12-thread-1/DEBUG] [mixin/]: nomansland.mixins.json:DispenserBlockMixin from mod nomansland->@Inject::addBombDispensing(Lnet/minecraft/server/level/ServerLevel;Lnet/minecraft/world/level/block/state/BlockState;Lnet/minecraft/core/BlockPos;Lorg/spongepowered/asm/mixin/injection/callback/CallbackInfo;)V does use it's CallbackInfo
[03апр.2025 21:12:25.733] [pool-12-thread-1/DEBUG] [mixin/]: Mixing BaseRailBlockMixin from nomansland.mixins.json into net.minecraft.world.level.block.BaseRailBlock
[03апр.2025 21:12:25.748] [pool-12-thread-1/DEBUG] [mixin/]: nomansland.mixins.json:BaseRailBlockMixin from mod nomansland->@Inject::nml$canSurvive(Lnet/minecraft/world/level/block/state/BlockState;Lnet/minecraft/world/level/LevelReader;Lnet/minecraft/core/BlockPos;Lorg/spongepowered/asm/mixin/injection/callback/CallbackInfoReturnable;)V does use it's CallbackInfoReturnable
[03апр.2025 21:12:25.749] [pool-12-thread-1/DEBUG] [mixin/]: nomansland.mixins.json:BaseRailBlockMixin from mod nomansland->@Inject::nml$shouldBeRemoved(Lnet/minecraft/core/BlockPos;Lnet/minecraft/world/level/Level;Lnet/minecraft/world/level/block/state/properties/RailShape;Lorg/spongepowered/asm/mixin/injection/callback/CallbackInfoReturnable;)V does use it's CallbackInfoReturnable
[03апр.2025 21:12:25.766] [pool-12-thread-1/DEBUG] [mixin/]: Mixing LadderBlockMixin from nomansland.mixins.json into net.minecraft.world.level.block.LadderBlock
[03апр.2025 21:12:25.772] [pool-12-thread-1/DEBUG] [mixin/]: nomansland.mixins.json:LadderBlockMixin from mod nomansland->@Inject::nml$canAttachTo(Lnet/minecraft/world/level/BlockGetter;Lnet/minecraft/core/BlockPos;Lnet/minecraft/core/Direction;Lorg/spongepowered/asm/mixin/injection/callback/CallbackInfoReturnable;)V does use it's CallbackInfoReturnable
[03апр.2025 21:12:25.772] [pool-12-thread-1/DEBUG] [mixin/]: nomansland.mixins.json:LadderBlockMixin from mod nomansland->@Inject::nml$updateShape(Lnet/minecraft/world/level/block/state/BlockState;Lnet/minecraft/core/Direction;Lnet/minecraft/world/level/block/state/BlockState;Lnet/minecraft/world/level/LevelAccessor;Lnet/minecraft/core/BlockPos;Lnet/minecraft/core/BlockPos;Lorg/spongepowered/asm/mixin/injection/callback/CallbackInfoReturnable;)V does use it's CallbackInfoReturnable
[03апр.2025 21:12:25.798] [pool-12-thread-1/DEBUG] [mixin/]: Mixing VineBlockMixin from nomansland.mixins.json into net.minecraft.world.level.block.VineBlock
[03апр.2025 21:12:25.810] [pool-12-thread-1/DEBUG] [mixin/]: Mixing AbstractCauldronBlockMixin from nomansland.mixins.json into net.minecraft.world.level.block.AbstractCauldronBlock
[03апр.2025 21:12:25.810] [pool-12-thread-1/DEBUG] [mixin/]: Renaming synthetic method lambda$addCustomNMLCauldrons$0(Lnet/minecraft/world/item/ItemStack;)Z to mda92d0d$nomansland$lambda$addCustomNMLCauldrons$0$0 in nomansland.mixins.json:AbstractCauldronBlockMixin from mod nomansland
[03апр.2025 21:12:25.841] [pool-12-thread-1/DEBUG] [mixin/]: nomansland.mixins.json:AbstractCauldronBlockMixin from mod nomansland->@Inject::addCustomNMLCauldrons(Lnet/minecraft/world/item/ItemStack;Lnet/minecraft/world/level/block/state/BlockState;Lnet/minecraft/world/level/Level;Lnet/minecraft/core/BlockPos;Lnet/minecraft/world/entity/player/Player;Lnet/minecraft/world/InteractionHand;Lnet/minecraft/world/phys/BlockHitResult;Lorg/spongepowered/asm/mixin/injection/callback/CallbackInfoReturnable;)V does use it's CallbackInfoReturnable
[03апр.2025 21:12:25.906] [pool-12-thread-1/DEBUG] [mixin/]: Mixing CampfireBaleMixin from farmersdelight.mixins.json into net.minecraft.world.level.block.CampfireBlock
[03апр.2025 21:12:25.909] [pool-12-thread-1/DEBUG] [mixin/]: farmersdelight.mixins.json:CampfireBaleMixin from mod farmersdelight->@Inject::isFDSmokeSource(Lnet/minecraft/world/level/block/state/BlockState;Lorg/spongepowered/asm/mixin/injection/callback/CallbackInfoReturnable;)V does use it's CallbackInfoReturnable
[03апр.2025 21:12:26.087] [pool-12-thread-1/DEBUG] [mixin/]: Mixing KeepRichSoilTreeMixin from farmersdelight.mixins.json into net.minecraft.world.level.levelgen.feature.trunkplacers.TrunkPlacer
[03апр.2025 21:12:26.087] [pool-12-thread-1/DEBUG] [mixin/]: Renaming synthetic method lambda$cancelSetDirtIfRichSoil$0(Lnet/minecraft/world/level/block/state/BlockState;)Z to mda92d0d$farmersdelight$lambda$cancelSetDirtIfRichSoil$0$0 in farmersdelight.mixins.json:KeepRichSoilTreeMixin from mod farmersdelight
[03апр.2025 21:12:26.090] [pool-12-thread-1/DEBUG] [mixin/]: farmersdelight.mixins.json:KeepRichSoilTreeMixin from mod farmersdelight->@Inject::cancelSetDirtIfRichSoil(Lnet/minecraft/world/level/LevelSimulatedReader;Ljava/util/function/BiConsumer;Lnet/minecraft/util/RandomSource;Lnet/minecraft/core/BlockPos;Lnet/minecraft/world/level/levelgen/feature/configurations/TreeConfiguration;Lorg/spongepowered/asm/mixin/injection/callback/CallbackInfo;)V does use it's CallbackInfo
[03апр.2025 21:12:26.108] [pool-12-thread-1/DEBUG] [mixin/]: Mixing BlockEntityAccessor from nomansland.mixins.json into net.minecraft.world.level.block.entity.BlockEntity
[03апр.2025 21:12:26.270] [pool-12-thread-1/DEBUG] [mixin/]: Mixing MobMixin from nomansland.mixins.json into net.minecraft.world.entity.Mob
[03апр.2025 21:12:26.272] [pool-12-thread-1/DEBUG] [mixin/]: nomansland.mixins.json:MobMixin from mod nomansland->@Inject::defineVariantData(Lnet/minecraft/network/syncher/SynchedEntityData$Builder;Lorg/spongepowered/asm/mixin/injection/callback/CallbackInfo;)V doesn't use it's CallbackInfo
[03апр.2025 21:12:26.274] [pool-12-thread-1/DEBUG] [mixin/]: nomansland.mixins.json:MobMixin from mod nomansland->@Inject::defineVariantData(Lnet/minecraft/network/syncher/SynchedEntityData$Builder;Lorg/spongepowered/asm/mixin/injection/callback/CallbackInfo;)V has 16 override(s) in child classes
[03апр.2025 21:12:26.274] [pool-12-thread-1/DEBUG] [mixin/]: nomansland.mixins.json:MobMixin from mod nomansland->@Inject::defineVariantData(Lnet/minecraft/network/syncher/SynchedEntityData$Builder;Lorg/spongepowered/asm/mixin/injection/callback/CallbackInfo;)V won't be passed a CallbackInfo as a result
[03апр.2025 21:12:26.274] [pool-12-thread-1/DEBUG] [mixin/]: nomansland.mixins.json:MobMixin from mod nomansland->@Inject::addVariantData(Lnet/minecraft/nbt/CompoundTag;Lorg/spongepowered/asm/mixin/injection/callback/CallbackInfo;)V doesn't use it's CallbackInfo
[03апр.2025 21:12:26.274] [pool-12-thread-1/DEBUG] [mixin/]: nomansland.mixins.json:MobMixin from mod nomansland->@Inject::addVariantData(Lnet/minecraft/nbt/CompoundTag;Lorg/spongepowered/asm/mixin/injection/callback/CallbackInfo;)V has 16 override(s) in child classes
[03апр.2025 21:12:26.274] [pool-12-thread-1/DEBUG] [mixin/]: nomansland.mixins.json:MobMixin from mod nomansland->@Inject::addVariantData(Lnet/minecraft/nbt/CompoundTag;Lorg/spongepowered/asm/mixin/injection/callback/CallbackInfo;)V won't be passed a CallbackInfo as a result
[03апр.2025 21:12:26.274] [pool-12-thread-1/DEBUG] [mixin/]: nomansland.mixins.json:MobMixin from mod nomansland->@Inject::readVariantData(Lnet/minecraft/nbt/CompoundTag;Lorg/spongepowered/asm/mixin/injection/callback/CallbackInfo;)V doesn't use it's CallbackInfo
[03апр.2025 21:12:26.275] [pool-12-thread-1/DEBUG] [mixin/]: nomansland.mixins.json:MobMixin from mod nomansland->@Inject::readVariantData(Lnet/minecraft/nbt/CompoundTag;Lorg/spongepowered/asm/mixin/injection/callback/CallbackInfo;)V has 16 override(s) in child classes
[03апр.2025 21:12:26.275] [pool-12-thread-1/DEBUG] [mixin/]: nomansland.mixins.json:MobMixin from mod nomansland->@Inject::readVariantData(Lnet/minecraft/nbt/CompoundTag;Lorg/spongepowered/asm/mixin/injection/callback/CallbackInfo;)V won't be passed a CallbackInfo as a result
[03апр.2025 21:12:26.275] [pool-12-thread-1/DEBUG] [mixin/]: nomansland.mixins.json:MobMixin from mod nomansland->@Inject::finalizeSpawnVariant(Lnet/minecraft/world/level/ServerLevelAccessor;Lnet/minecraft/world/DifficultyInstance;Lnet/minecraft/world/entity/MobSpawnType;Lnet/minecraft/world/entity/SpawnGroupData;Lorg/spongepowered/asm/mixin/injection/callback/CallbackInfoReturnable;)V doesn't use it's CallbackInfoReturnable
[03апр.2025 21:12:26.276] [pool-12-thread-1/DEBUG] [mixin/]: nomansland.mixins.json:MobMixin from mod nomansland->@Inject::finalizeSpawnVariant(Lnet/minecraft/world/level/ServerLevelAccessor;Lnet/minecraft/world/DifficultyInstance;Lnet/minecraft/world/entity/MobSpawnType;Lnet/minecraft/world/entity/SpawnGroupData;Lorg/spongepowered/asm/mixin/injection/callback/CallbackInfoReturnable;)V has 16 override(s) in child classes
[03апр.2025 21:12:26.276] [pool-12-thread-1/DEBUG] [mixin/]: nomansland.mixins.json:MobMixin from mod nomansland->@Inject::finalizeSpawnVariant(Lnet/minecraft/world/level/ServerLevelAccessor;Lnet/minecraft/world/DifficultyInstance;Lnet/minecraft/world/entity/MobSpawnType;Lnet/minecraft/world/entity/SpawnGroupData;Lorg/spongepowered/asm/mixin/injection/callback/CallbackInfoReturnable;)V won't be passed a CallbackInfoReturnable as a result
[03апр.2025 21:12:26.327] [pool-12-thread-1/DEBUG] [mixin/]: Mixing BlockEntityTypeAccessor from neoforge.mixins.json into net.minecraft.world.level.block.entity.BlockEntityType
[03апр.2025 21:12:26.401] [pool-12-thread-1/DEBUG] [mixin/]: Mixing ProjectileMixin from nomansland.mixins.json into net.minecraft.world.entity.projectile.Projectile
[03апр.2025 21:12:26.482] [pool-12-thread-1/DEBUG] [mixin/]: Mixing BiomeMixin from nomansland.mixins.json into net.minecraft.world.level.biome.Biome
[03апр.2025 21:12:26.485] [pool-12-thread-1/DEBUG] [mixin/]: nomansland.mixins.json:BiomeMixin from mod nomansland->@Inject::snowOnShortGrass(Lnet/minecraft/world/level/LevelReader;Lnet/minecraft/core/BlockPos;Lorg/spongepowered/asm/mixin/injection/callback/CallbackInfoReturnable;)V does use it's CallbackInfoReturnable
[03апр.2025 21:12:26.604] [pool-12-thread-1/DEBUG] [mixin/]: Mixing mob_variants.TurtleMixin from nomansland.mixins.json into net.minecraft.world.entity.animal.Turtle
[03апр.2025 21:12:26.606] [pool-12-thread-1/DEBUG] [mixin/]: Renaming synthetic method lambda$readVariantData$2(Lnet/minecraft/resources/ResourceKey;)Ljava/util/Optional; to mda92d0d$nomansland$lambda$readVariantData$2$0 in nomansland.mixins.json:mob_variants.TurtleMixin from mod nomansland
[03апр.2025 21:12:26.606] [pool-12-thread-1/DEBUG] [mixin/]: Renaming synthetic method lambda$readVariantData$1(Lnet/minecraft/resources/ResourceLocation;)Lnet/minecraft/resources/ResourceKey; to mda92d0d$nomansland$lambda$readVariantData$1$1 in nomansland.mixins.json:mob_variants.TurtleMixin from mod nomansland
[03апр.2025 21:12:26.607] [pool-12-thread-1/DEBUG] [mixin/]: Renaming synthetic method lambda$addVariantData$0(Lnet/minecraft/nbt/CompoundTag;Lnet/minecraft/resources/ResourceKey;)V to mda92d0d$nomansland$lambda$addVariantData$0$2 in nomansland.mixins.json:mob_variants.TurtleMixin from mod nomansland
[03апр.2025 21:12:26.617] [pool-12-thread-1/DEBUG] [mixin/]: nomansland.mixins.json:mob_variants.TurtleMixin from mod nomansland->@Inject::getOffspringVariant(Lnet/minecraft/server/level/ServerLevel;Lnet/minecraft/world/entity/AgeableMob;Lorg/spongepowered/asm/mixin/injection/callback/CallbackInfoReturnable;)V does use it's CallbackInfoReturnable
[03апр.2025 21:12:26.886] [pool-12-thread-1/DEBUG] [mixin/]: Mixing mob_variants.AbstractFishMixin from nomansland.mixins.json into net.minecraft.world.entity.animal.AbstractFish
[03апр.2025 21:12:26.886] [pool-12-thread-1/DEBUG] [mixin/]: Renaming synthetic method lambda$loadFromBucketTag$2(Lnet/minecraft/nbt/CompoundTag;Lnet/minecraft/core/Holder$Reference;)Z to mda92d0d$nomansland$lambda$loadFromBucketTag$2$0 in nomansland.mixins.json:mob_variants.AbstractFishMixin from mod nomansland
[03апр.2025 21:12:26.888] [pool-12-thread-1/DEBUG] [mixin/]: Renaming synthetic method lambda$saveToBucketTag$1(Lnet/minecraft/nbt/CompoundTag;)V to mda92d0d$nomansland$lambda$saveToBucketTag$1$1 in nomansland.mixins.json:mob_variants.AbstractFishMixin from mod nomansland
[03апр.2025 21:12:26.888] [pool-12-thread-1/DEBUG] [mixin/]: Renaming synthetic method lambda$saveToBucketTag$0(Lnet/minecraft/nbt/CompoundTag;Lnet/minecraft/resources/ResourceKey;)V to mda92d0d$nomansland$lambda$saveToBucketTag$0$2 in nomansland.mixins.json:mob_variants.AbstractFishMixin from mod nomansland
[03апр.2025 21:12:26.893] [pool-12-thread-1/DEBUG] [mixin/]: nomansland.mixins.json:mob_variants.AbstractFishMixin from mod nomansland->@Inject::registerGoals(Lorg/spongepowered/asm/mixin/injection/callback/CallbackInfo;)V doesn't use it's CallbackInfo
[03апр.2025 21:12:26.893] [pool-12-thread-1/DEBUG] [mixin/]: nomansland.mixins.json:mob_variants.AbstractFishMixin from mod nomansland->@Inject::registerGoals(Lorg/spongepowered/asm/mixin/injection/callback/CallbackInfo;)V has 0 override(s) in child classes
[03апр.2025 21:12:26.893] [pool-12-thread-1/DEBUG] [mixin/]: nomansland.mixins.json:mob_variants.AbstractFishMixin from mod nomansland->@Inject::registerGoals(Lorg/spongepowered/asm/mixin/injection/callback/CallbackInfo;)V won't be passed a CallbackInfo as a result
[03апр.2025 21:12:26.893] [pool-12-thread-1/DEBUG] [mixin/]: nomansland.mixins.json:mob_variants.AbstractFishMixin from mod nomansland->@Inject::saveToBucketTag(Lnet/minecraft/world/item/ItemStack;Lorg/spongepowered/asm/mixin/injection/callback/CallbackInfo;)V doesn't use it's CallbackInfo
[03апр.2025 21:12:26.893] [pool-12-thread-1/DEBUG] [mixin/]: nomansland.mixins.json:mob_variants.AbstractFishMixin from mod nomansland->@Inject::saveToBucketTag(Lnet/minecraft/world/item/ItemStack;Lorg/spongepowered/asm/mixin/injection/callback/CallbackInfo;)V has 0 override(s) in child classes
[03апр.2025 21:12:26.893] [pool-12-thread-1/DEBUG] [mixin/]: nomansland.mixins.json:mob_variants.AbstractFishMixin from mod nomansland->@Inject::saveToBucketTag(Lnet/minecraft/world/item/ItemStack;Lorg/spongepowered/asm/mixin/injection/callback/CallbackInfo;)V won't be passed a CallbackInfo as a result
[03апр.2025 21:12:26.893] [pool-12-thread-1/DEBUG] [mixin/]: nomansland.mixins.json:mob_variants.AbstractFishMixin from mod nomansland->@Inject::loadFromBucketTag(Lnet/minecraft/nbt/CompoundTag;Lorg/spongepowered/asm/mixin/injection/callback/CallbackInfo;)V doesn't use it's CallbackInfo
[03апр.2025 21:12:26.893] [pool-12-thread-1/DEBUG] [mixin/]: nomansland.mixins.json:mob_variants.AbstractFishMixin from mod nomansland->@Inject::loadFromBucketTag(Lnet/minecraft/nbt/CompoundTag;Lorg/spongepowered/asm/mixin/injection/callback/CallbackInfo;)V has 0 override(s) in child classes
[03апр.2025 21:12:26.893] [pool-12-thread-1/DEBUG] [mixin/]: nomansland.mixins.json:mob_variants.AbstractFishMixin from mod nomansland->@Inject::loadFromBucketTag(Lnet/minecraft/nbt/CompoundTag;Lorg/spongepowered/asm/mixin/injection/callback/CallbackInfo;)V won't be passed a CallbackInfo as a result
[03апр.2025 21:12:27.400] [pool-12-thread-1/DEBUG] [io.netty.util.internal.PlatformDependent0/]: -Dio.netty.noUnsafe: false
[03апр.2025 21:12:27.400] [pool-12-thread-1/DEBUG] [io.netty.util.internal.PlatformDependent0/]: Java version: 21
[03апр.2025 21:12:27.401] [pool-12-thread-1/DEBUG] [io.netty.util.internal.PlatformDependent0/]: sun.misc.Unsafe.theUnsafe: available
[03апр.2025 21:12:27.401] [pool-12-thread-1/DEBUG] [io.netty.util.internal.PlatformDependent0/]: sun.misc.Unsafe.copyMemory: available
[03апр.2025 21:12:27.401] [pool-12-thread-1/DEBUG] [io.netty.util.internal.PlatformDependent0/]: sun.misc.Unsafe.storeFence: available
[03апр.2025 21:12:27.402] [pool-12-thread-1/DEBUG] [io.netty.util.internal.PlatformDependent0/]: java.nio.Buffer.address: available
[03апр.2025 21:12:27.402] [pool-12-thread-1/DEBUG] [io.netty.util.internal.PlatformDependent0/]: direct buffer constructor: unavailable: Reflective setAccessible(true) disabled
[03апр.2025 21:12:27.402] [pool-12-thread-1/DEBUG] [io.netty.util.internal.PlatformDependent0/]: java.nio.Bits.unaligned: available, true
[03апр.2025 21:12:27.403] [pool-12-thread-1/DEBUG] [io.netty.util.internal.PlatformDependent0/]: jdk.internal.misc.Unsafe.allocateUninitializedArray(int): unavailable: class io.netty.util.internal.PlatformDependent0$7 (in module io.netty.common) cannot access class jdk.internal.misc.Unsafe (in module java.base) because module java.base does not export jdk.internal.misc to module io.netty.common
[03апр.2025 21:12:27.404] [pool-12-thread-1/DEBUG] [io.netty.util.internal.PlatformDependent0/]: java.nio.DirectByteBuffer.<init>(long, {int,long}): unavailable
[03апр.2025 21:12:27.404] [pool-12-thread-1/DEBUG] [io.netty.util.internal.PlatformDependent/]: sun.misc.Unsafe: available
[03апр.2025 21:12:27.404] [pool-12-thread-1/DEBUG] [io.netty.util.internal.PlatformDependent/]: maxDirectMemory: 4219469824 bytes (maybe)
[03апр.2025 21:12:27.406] [pool-12-thread-1/DEBUG] [io.netty.util.internal.PlatformDependent/]: -Dio.netty.tmpdir: C:\Users\admin\AppData\Local\Temp (java.io.tmpdir)
[03апр.2025 21:12:27.406] [pool-12-thread-1/DEBUG] [io.netty.util.internal.PlatformDependent/]: -Dio.netty.bitMode: 64 (sun.arch.data.model)
[03апр.2025 21:12:27.406] [pool-12-thread-1/DEBUG] [io.netty.util.internal.PlatformDependent/]: Platform: Windows
[03апр.2025 21:12:27.406] [pool-12-thread-1/DEBUG] [io.netty.util.internal.PlatformDependent/]: -Dio.netty.maxDirectMemory: -1 bytes
[03апр.2025 21:12:27.406] [pool-12-thread-1/DEBUG] [io.netty.util.internal.PlatformDependent/]: -Dio.netty.uninitializedArrayAllocationThreshold: -1
[03апр.2025 21:12:27.407] [pool-12-thread-1/DEBUG] [io.netty.util.internal.CleanerJava9/]: java.nio.ByteBuffer.cleaner(): available
[03апр.2025 21:12:27.408] [pool-12-thread-1/DEBUG] [io.netty.util.internal.PlatformDependent/]: -Dio.netty.noPreferDirect: false
[03апр.2025 21:12:27.671] [pool-12-thread-1/DEBUG] [mixin/]: Mixing mob_variants.BeeMixin from nomansland.mixins.json into net.minecraft.world.entity.animal.Bee
[03апр.2025 21:12:27.671] [pool-12-thread-1/DEBUG] [mixin/]: Renaming synthetic method lambda$readVariantData$2(Lnet/minecraft/resources/ResourceKey;)Ljava/util/Optional; to mda92d0d$nomansland$lambda$readVariantData$2$0 in nomansland.mixins.json:mob_variants.BeeMixin from mod nomansland
[03апр.2025 21:12:27.672] [pool-12-thread-1/DEBUG] [mixin/]: Renaming synthetic method lambda$readVariantData$1(Lnet/minecraft/resources/ResourceLocation;)Lnet/minecraft/resources/ResourceKey; to mda92d0d$nomansland$lambda$readVariantData$1$1 in nomansland.mixins.json:mob_variants.BeeMixin from mod nomansland
[03апр.2025 21:12:27.672] [pool-12-thread-1/DEBUG] [mixin/]: Renaming synthetic method lambda$addVariantData$0(Lnet/minecraft/nbt/CompoundTag;Lnet/minecraft/resources/ResourceKey;)V to mda92d0d$nomansland$lambda$addVariantData$0$2 in nomansland.mixins.json:mob_variants.BeeMixin from mod nomansland
[03апр.2025 21:12:27.681] [pool-12-thread-1/DEBUG] [mixin/]: nomansland.mixins.json:mob_variants.BeeMixin from mod nomansland->@Inject::getBreedOffspring(Lnet/minecraft/server/level/ServerLevel;Lnet/minecraft/world/entity/AgeableMob;Lorg/spongepowered/asm/mixin/injection/callback/CallbackInfoReturnable;)V does use it's CallbackInfoReturnable
[03апр.2025 21:12:27.682] [pool-12-thread-1/DEBUG] [mixin/]: nomansland.mixins.json:mob_variants.BeeMixin from mod nomansland->@Inject::getBreedOffspring(Lnet/minecraft/server/level/ServerLevel;Lnet/minecraft/world/entity/AgeableMob;Lorg/spongepowered/asm/mixin/injection/callback/CallbackInfoReturnable;)V does use it's CallbackInfoReturnable
[03апр.2025 21:12:27.710] [pool-12-thread-1/DEBUG] [mixin/]: Mixing mob_variants.CamelMixin from nomansland.mixins.json into net.minecraft.world.entity.animal.camel.Camel
[03апр.2025 21:12:27.711] [pool-12-thread-1/DEBUG] [mixin/]: Renaming synthetic method lambda$readVariantData$2(Lnet/minecraft/resources/ResourceKey;)Ljava/util/Optional; to mda92d0d$nomansland$lambda$readVariantData$2$0 in nomansland.mixins.json:mob_variants.CamelMixin from mod nomansland
[03апр.2025 21:12:27.712] [pool-12-thread-1/DEBUG] [mixin/]: Renaming synthetic method lambda$readVariantData$1(Lnet/minecraft/resources/ResourceLocation;)Lnet/minecraft/resources/ResourceKey; to mda92d0d$nomansland$lambda$readVariantData$1$1 in nomansland.mixins.json:mob_variants.CamelMixin from mod nomansland
[03апр.2025 21:12:27.714] [pool-12-thread-1/DEBUG] [mixin/]: Renaming synthetic method lambda$addVariantData$0(Lnet/minecraft/nbt/CompoundTag;Lnet/minecraft/resources/ResourceKey;)V to mda92d0d$nomansland$lambda$addVariantData$0$2 in nomansland.mixins.json:mob_variants.CamelMixin from mod nomansland
[03апр.2025 21:12:27.719] [pool-12-thread-1/DEBUG] [mixin/]: nomansland.mixins.json:mob_variants.CamelMixin from mod nomansland->@Inject::getOffspringVariant(Lnet/minecraft/server/level/ServerLevel;Lnet/minecraft/world/entity/AgeableMob;Lorg/spongepowered/asm/mixin/injection/callback/CallbackInfoReturnable;)V does use it's CallbackInfoReturnable
[03апр.2025 21:12:27.720] [pool-12-thread-1/DEBUG] [mixin/]: nomansland.mixins.json:mob_variants.CamelMixin from mod nomansland->@Inject::getOffspringVariant(Lnet/minecraft/server/level/ServerLevel;Lnet/minecraft/world/entity/AgeableMob;Lorg/spongepowered/asm/mixin/injection/callback/CallbackInfoReturnable;)V does use it's CallbackInfoReturnable
[03апр.2025 21:12:27.751] [pool-12-thread-1/DEBUG] [mixin/]: Mixing mob_variants.ChickenMixin from nomansland.mixins.json into net.minecraft.world.entity.animal.Chicken
[03апр.2025 21:12:27.752] [pool-12-thread-1/DEBUG] [mixin/]: Renaming synthetic method lambda$readVariantData$2(Lnet/minecraft/resources/ResourceKey;)Ljava/util/Optional; to mda92d0d$nomansland$lambda$readVariantData$2$0 in nomansland.mixins.json:mob_variants.ChickenMixin from mod nomansland
[03апр.2025 21:12:27.752] [pool-12-thread-1/DEBUG] [mixin/]: Renaming synthetic method lambda$readVariantData$1(Lnet/minecraft/resources/ResourceLocation;)Lnet/minecraft/resources/ResourceKey; to mda92d0d$nomansland$lambda$readVariantData$1$1 in nomansland.mixins.json:mob_variants.ChickenMixin from mod nomansland
[03апр.2025 21:12:27.752] [pool-12-thread-1/DEBUG] [mixin/]: Renaming synthetic method lambda$addVariantData$0(Lnet/minecraft/nbt/CompoundTag;Lnet/minecraft/resources/ResourceKey;)V to mda92d0d$nomansland$lambda$addVariantData$0$2 in nomansland.mixins.json:mob_variants.ChickenMixin from mod nomansland
[03апр.2025 21:12:27.766] [pool-12-thread-1/DEBUG] [mixin/]: nomansland.mixins.json:mob_variants.ChickenMixin from mod nomansland->@Inject::getOffspringVariant(Lnet/minecraft/server/level/ServerLevel;Lnet/minecraft/world/entity/AgeableMob;Lorg/spongepowered/asm/mixin/injection/callback/CallbackInfoReturnable;)V does use it's CallbackInfoReturnable
[03апр.2025 21:12:27.767] [pool-12-thread-1/DEBUG] [mixin/]: nomansland.mixins.json:mob_variants.ChickenMixin from mod nomansland->@Inject::getOffspringVariant(Lnet/minecraft/server/level/ServerLevel;Lnet/minecraft/world/entity/AgeableMob;Lorg/spongepowered/asm/mixin/injection/callback/CallbackInfoReturnable;)V does use it's CallbackInfoReturnable
[03апр.2025 21:12:27.773] [pool-12-thread-1/DEBUG] [mixin/]: Mixing mob_variants.CodMixin from nomansland.mixins.json into net.minecraft.world.entity.animal.Cod
[03апр.2025 21:12:27.777] [pool-12-thread-1/DEBUG] [mixin/]: Renaming synthetic method lambda$readVariantData$2(Lnet/minecraft/resources/ResourceKey;)Ljava/util/Optional; to mda92d0d$nomansland$lambda$readVariantData$2$0 in nomansland.mixins.json:mob_variants.CodMixin from mod nomansland
[03апр.2025 21:12:27.777] [pool-12-thread-1/DEBUG] [mixin/]: Renaming synthetic method lambda$readVariantData$1(Lnet/minecraft/resources/ResourceLocation;)Lnet/minecraft/resources/ResourceKey; to mda92d0d$nomansland$lambda$readVariantData$1$1 in nomansland.mixins.json:mob_variants.CodMixin from mod nomansland
[03апр.2025 21:12:27.778] [pool-12-thread-1/DEBUG] [mixin/]: Renaming synthetic method lambda$addVariantData$0(Lnet/minecraft/nbt/CompoundTag;Lnet/minecraft/resources/ResourceKey;)V to mda92d0d$nomansland$lambda$addVariantData$0$2 in nomansland.mixins.json:mob_variants.CodMixin from mod nomansland
[03апр.2025 21:12:27.797] [pool-12-thread-1/DEBUG] [mixin/]: Mixing mob_variants.CowMixin from nomansland.mixins.json into net.minecraft.world.entity.animal.Cow
[03апр.2025 21:12:27.798] [pool-12-thread-1/DEBUG] [mixin/]: Renaming synthetic method lambda$readVariantData$5(Lnet/minecraft/resources/ResourceKey;)Ljava/util/Optional; to mda92d0d$nomansland$lambda$readVariantData$5$0 in nomansland.mixins.json:mob_variants.CowMixin from mod nomansland
[03апр.2025 21:12:27.798] [pool-12-thread-1/DEBUG] [mixin/]: Renaming synthetic method lambda$readVariantData$4(Lnet/minecraft/resources/ResourceLocation;)Lnet/minecraft/resources/ResourceKey; to mda92d0d$nomansland$lambda$readVariantData$4$1 in nomansland.mixins.json:mob_variants.CowMixin from mod nomansland
[03апр.2025 21:12:27.798] [pool-12-thread-1/DEBUG] [mixin/]: Renaming synthetic method lambda$readVariantData$3(Lnet/minecraft/resources/ResourceKey;)Ljava/util/Optional; to mda92d0d$nomansland$lambda$readVariantData$3$2 in nomansland.mixins.json:mob_variants.CowMixin from mod nomansland
[03апр.2025 21:12:27.798] [pool-12-thread-1/DEBUG] [mixin/]: Renaming synthetic method lambda$readVariantData$2(Lnet/minecraft/resources/ResourceLocation;)Lnet/minecraft/resources/ResourceKey; to mda92d0d$nomansland$lambda$readVariantData$2$3 in nomansland.mixins.json:mob_variants.CowMixin from mod nomansland
[03апр.2025 21:12:27.799] [pool-12-thread-1/DEBUG] [mixin/]: Renaming synthetic method lambda$addVariantData$1(Lnet/minecraft/nbt/CompoundTag;Lnet/minecraft/resources/ResourceKey;)V to mda92d0d$nomansland$lambda$addVariantData$1$4 in nomansland.mixins.json:mob_variants.CowMixin from mod nomansland
[03апр.2025 21:12:27.799] [pool-12-thread-1/DEBUG] [mixin/]: Renaming synthetic method lambda$addVariantData$0(Lnet/minecraft/nbt/CompoundTag;Lnet/minecraft/resources/ResourceKey;)V to mda92d0d$nomansland$lambda$addVariantData$0$5 in nomansland.mixins.json:mob_variants.CowMixin from mod nomansland
[03апр.2025 21:12:27.809] [pool-12-thread-1/DEBUG] [mixin/]: nomansland.mixins.json:mob_variants.CowMixin from mod nomansland->@Inject::getOffspringVariant(Lnet/minecraft/server/level/ServerLevel;Lnet/minecraft/world/entity/AgeableMob;Lorg/spongepowered/asm/mixin/injection/callback/CallbackInfoReturnable;)V does use it's CallbackInfoReturnable
[03апр.2025 21:12:27.809] [pool-12-thread-1/DEBUG] [mixin/]: nomansland.mixins.json:mob_variants.CowMixin from mod nomansland->@Inject::getOffspringVariant(Lnet/minecraft/server/level/ServerLevel;Lnet/minecraft/world/entity/AgeableMob;Lorg/spongepowered/asm/mixin/injection/callback/CallbackInfoReturnable;)V does use it's CallbackInfoReturnable
[03апр.2025 21:12:27.809] [pool-12-thread-1/DEBUG] [mixin/]: nomansland.mixins.json:mob_variants.CowMixin from mod nomansland->@Inject::getDefaultDimensions(Lnet/minecraft/world/entity/Pose;Lorg/spongepowered/asm/mixin/injection/callback/CallbackInfoReturnable;)V does use it's CallbackInfoReturnable
[03апр.2025 21:12:27.813] [pool-12-thread-1/DEBUG] [mixin/]: Mixing mob_variants.MushroomCowMixin from nomansland.mixins.json into net.minecraft.world.entity.animal.MushroomCow
[03апр.2025 21:12:27.815] [pool-12-thread-1/DEBUG] [mixin/]: Renaming synthetic method lambda$nml$shear$6(Lnet/minecraft/core/Holder$Reference;)Z to mda92d0d$nomansland$lambda$nml$shear$6$0 in nomansland.mixins.json:mob_variants.MushroomCowMixin from mod nomansland
[03апр.2025 21:12:27.816] [pool-12-thread-1/DEBUG] [mixin/]: Renaming synthetic method lambda$nml$shear$5(Lnet/minecraft/core/Holder$Reference;)Z to mda92d0d$nomansland$lambda$nml$shear$5$1 in nomansland.mixins.json:mob_variants.MushroomCowMixin from mod nomansland
[03апр.2025 21:12:27.816] [pool-12-thread-1/DEBUG] [mixin/]: Renaming synthetic method lambda$nml$shear$4(Lnet/minecraft/core/Holder$Reference;)Z to mda92d0d$nomansland$lambda$nml$shear$4$2 in nomansland.mixins.json:mob_variants.MushroomCowMixin from mod nomansland
[03апр.2025 21:12:27.816] [pool-12-thread-1/DEBUG] [mixin/]: Renaming synthetic method lambda$nml$shear$3(Lnet/minecraft/core/Holder$Reference;)Z to mda92d0d$nomansland$lambda$nml$shear$3$3 in nomansland.mixins.json:mob_variants.MushroomCowMixin from mod nomansland
[03апр.2025 21:12:27.816] [pool-12-thread-1/DEBUG] [mixin/]: Renaming synthetic method lambda$nml$shear$2(Ljava/lang/Integer;)V to mda92d0d$nomansland$lambda$nml$shear$2$4 in nomansland.mixins.json:mob_variants.MushroomCowMixin from mod nomansland
[03апр.2025 21:12:27.817] [pool-12-thread-1/DEBUG] [mixin/]: Renaming synthetic method lambda$thunderRandomisesVariant$1(Lnet/minecraft/core/Holder$Reference;)Z to mda92d0d$nomansland$lambda$thunderRandomisesVariant$1$5 in nomansland.mixins.json:mob_variants.MushroomCowMixin from mod nomansland
[03апр.2025 21:12:27.817] [pool-12-thread-1/DEBUG] [mixin/]: Renaming synthetic method lambda$thunderRandomisesVariant$0(Lnet/minecraft/server/level/ServerLevel;Lnet/minecraft/core/Holder$Reference;)Z to mda92d0d$nomansland$lambda$thunderRandomisesVariant$0$6 in nomansland.mixins.json:mob_variants.MushroomCowMixin from mod nomansland
[03апр.2025 21:12:27.847] [pool-12-thread-1/DEBUG] [mixin/]: nomansland.mixins.json:mob_variants.MushroomCowMixin from mod nomansland->@Inject::getOffspringVariant(Lnet/minecraft/server/level/ServerLevel;Lnet/minecraft/world/entity/AgeableMob;Lorg/spongepowered/asm/mixin/injection/callback/CallbackInfoReturnable;)V does use it's CallbackInfoReturnable
[03апр.2025 21:12:27.847] [pool-12-thread-1/DEBUG] [mixin/]: nomansland.mixins.json:mob_variants.MushroomCowMixin from mod nomansland->@Inject::thunderRandomisesVariant(Lnet/minecraft/server/level/ServerLevel;Lnet/minecraft/world/entity/LightningBolt;Lorg/spongepowered/asm/mixin/injection/callback/CallbackInfo;)V does use it's CallbackInfo
[03апр.2025 21:12:27.847] [pool-12-thread-1/DEBUG] [mixin/]: nomansland.mixins.json:mob_variants.MushroomCowMixin from mod nomansland->@Inject::nml$shear(Lnet/minecraft/sounds/SoundSource;Lorg/spongepowered/asm/mixin/injection/callback/CallbackInfo;)V does use it's CallbackInfo
[03апр.2025 21:12:27.856] [pool-12-thread-1/DEBUG] [mixin/]: Mixing mob_variants.DolphinMixin from nomansland.mixins.json into net.minecraft.world.entity.animal.Dolphin
[03апр.2025 21:12:27.857] [pool-12-thread-1/DEBUG] [mixin/]: Renaming synthetic method lambda$readVariantData$2(Lnet/minecraft/resources/ResourceKey;)Ljava/util/Optional; to mda92d0d$nomansland$lambda$readVariantData$2$0 in nomansland.mixins.json:mob_variants.DolphinMixin from mod nomansland
[03апр.2025 21:12:27.857] [pool-12-thread-1/DEBUG] [mixin/]: Renaming synthetic method lambda$readVariantData$1(Lnet/minecraft/resources/ResourceLocation;)Lnet/minecraft/resources/ResourceKey; to mda92d0d$nomansland$lambda$readVariantData$1$1 in nomansland.mixins.json:mob_variants.DolphinMixin from mod nomansland
[03апр.2025 21:12:27.857] [pool-12-thread-1/DEBUG] [mixin/]: Renaming synthetic method lambda$addVariantData$0(Lnet/minecraft/nbt/CompoundTag;Lnet/minecraft/resources/ResourceKey;)V to mda92d0d$nomansland$lambda$addVariantData$0$2 in nomansland.mixins.json:mob_variants.DolphinMixin from mod nomansland
[03апр.2025 21:12:27.879] [pool-12-thread-1/DEBUG] [mixin/]: Mixing mob_variants.ZombieMixin from nomansland.mixins.json into net.minecraft.world.entity.monster.Zombie
[03апр.2025 21:12:27.880] [pool-12-thread-1/DEBUG] [mixin/]: Renaming synthetic method lambda$readVariantData$8(Lnet/minecraft/resources/ResourceKey;)Ljava/util/Optional; to mda92d0d$nomansland$lambda$readVariantData$8$0 in nomansland.mixins.json:mob_variants.ZombieMixin from mod nomansland
[03апр.2025 21:12:27.880] [pool-12-thread-1/DEBUG] [mixin/]: Renaming synthetic method lambda$readVariantData$7(Lnet/minecraft/resources/ResourceLocation;)Lnet/minecraft/resources/ResourceKey; to mda92d0d$nomansland$lambda$readVariantData$7$1 in nomansland.mixins.json:mob_variants.ZombieMixin from mod nomansland
[03апр.2025 21:12:27.880] [pool-12-thread-1/DEBUG] [mixin/]: Renaming synthetic method lambda$readVariantData$6(Lnet/minecraft/resources/ResourceKey;)Ljava/util/Optional; to mda92d0d$nomansland$lambda$readVariantData$6$2 in nomansland.mixins.json:mob_variants.ZombieMixin from mod nomansland
[03апр.2025 21:12:27.881] [pool-12-thread-1/DEBUG] [mixin/]: Renaming synthetic method lambda$readVariantData$5(Lnet/minecraft/resources/ResourceLocation;)Lnet/minecraft/resources/ResourceKey; to mda92d0d$nomansland$lambda$readVariantData$5$3 in nomansland.mixins.json:mob_variants.ZombieMixin from mod nomansland
[03апр.2025 21:12:27.881] [pool-12-thread-1/DEBUG] [mixin/]: Renaming synthetic method lambda$readVariantData$4(Lnet/minecraft/resources/ResourceKey;)Ljava/util/Optional; to mda92d0d$nomansland$lambda$readVariantData$4$4 in nomansland.mixins.json:mob_variants.ZombieMixin from mod nomansland
[03апр.2025 21:12:27.881] [pool-12-thread-1/DEBUG] [mixin/]: Renaming synthetic method lambda$readVariantData$3(Lnet/minecraft/resources/ResourceLocation;)Lnet/minecraft/resources/ResourceKey; to mda92d0d$nomansland$lambda$readVariantData$3$5 in nomansland.mixins.json:mob_variants.ZombieMixin from mod nomansland
[03апр.2025 21:12:27.881] [pool-12-thread-1/DEBUG] [mixin/]: Renaming synthetic method lambda$addVariantData$2(Lnet/minecraft/nbt/CompoundTag;Lnet/minecraft/resources/ResourceKey;)V to mda92d0d$nomansland$lambda$addVariantData$2$6 in nomansland.mixins.json:mob_variants.ZombieMixin from mod nomansland
[03апр.2025 21:12:27.881] [pool-12-thread-1/DEBUG] [mixin/]: Renaming synthetic method lambda$addVariantData$1(Lnet/minecraft/nbt/CompoundTag;Lnet/minecraft/resources/ResourceKey;)V to mda92d0d$nomansland$lambda$addVariantData$1$7 in nomansland.mixins.json:mob_variants.ZombieMixin from mod nomansland
[03апр.2025 21:12:27.882] [pool-12-thread-1/DEBUG] [mixin/]: Renaming synthetic method lambda$addVariantData$0(Lnet/minecraft/nbt/CompoundTag;Lnet/minecraft/resources/ResourceKey;)V to mda92d0d$nomansland$lambda$addVariantData$0$8 in nomansland.mixins.json:mob_variants.ZombieMixin from mod nomansland
[03апр.2025 21:12:27.942] [pool-12-thread-1/DEBUG] [mixin/]: Mixing mob_variants.FoxMixin from nomansland.mixins.json into net.minecraft.world.entity.animal.Fox
[03апр.2025 21:12:27.942] [pool-12-thread-1/DEBUG] [mixin/]: Renaming synthetic method lambda$readVariantData$2(Lnet/minecraft/resources/ResourceKey;)Ljava/util/Optional; to mda92d0d$nomansland$lambda$readVariantData$2$0 in nomansland.mixins.json:mob_variants.FoxMixin from mod nomansland
[03апр.2025 21:12:27.943] [pool-12-thread-1/DEBUG] [mixin/]: Renaming synthetic method lambda$readVariantData$1(Lnet/minecraft/resources/ResourceLocation;)Lnet/minecraft/resources/ResourceKey; to mda92d0d$nomansland$lambda$readVariantData$1$1 in nomansland.mixins.json:mob_variants.FoxMixin from mod nomansland
[03апр.2025 21:12:27.943] [pool-12-thread-1/DEBUG] [mixin/]: Renaming synthetic method lambda$addVariantData$0(Lnet/minecraft/nbt/CompoundTag;Lnet/minecraft/resources/ResourceKey;)V to mda92d0d$nomansland$lambda$addVariantData$0$2 in nomansland.mixins.json:mob_variants.FoxMixin from mod nomansland
[03апр.2025 21:12:27.950] [pool-12-thread-1/DEBUG] [mixin/]: nomansland.mixins.json:mob_variants.FoxMixin from mod nomansland->@Inject::getOffspringVariant(Lnet/minecraft/server/level/ServerLevel;Lnet/minecraft/world/entity/AgeableMob;Lorg/spongepowered/asm/mixin/injection/callback/CallbackInfoReturnable;)V does use it's CallbackInfoReturnable
[03апр.2025 21:12:27.950] [pool-12-thread-1/DEBUG] [mixin/]: nomansland.mixins.json:mob_variants.FoxMixin from mod nomansland->@Inject::getOffspringVariant(Lnet/minecraft/server/level/ServerLevel;Lnet/minecraft/world/entity/AgeableMob;Lorg/spongepowered/asm/mixin/injection/callback/CallbackInfoReturnable;)V does use it's CallbackInfoReturnable
[03апр.2025 21:12:27.960] [pool-12-thread-1/DEBUG] [mixin/]: Mixing mob_variants.FrogMixin from nomansland.mixins.json into net.minecraft.world.entity.animal.frog.Frog
[03апр.2025 21:12:27.963] [pool-12-thread-1/DEBUG] [mixin/]: nomansland.mixins.json:mob_variants.FrogMixin from mod nomansland->@Inject::finalizeSpawnVariant(Lnet/minecraft/world/level/ServerLevelAccessor;Lnet/minecraft/world/DifficultyInstance;Lnet/minecraft/world/entity/MobSpawnType;Lnet/minecraft/world/entity/SpawnGroupData;Lorg/spongepowered/asm/mixin/injection/callback/CallbackInfoReturnable;)V doesn't use it's CallbackInfoReturnable
[03апр.2025 21:12:27.963] [pool-12-thread-1/DEBUG] [mixin/]: nomansland.mixins.json:mob_variants.FrogMixin from mod nomansland->@Inject::finalizeSpawnVariant(Lnet/minecraft/world/level/ServerLevelAccessor;Lnet/minecraft/world/DifficultyInstance;Lnet/minecraft/world/entity/MobSpawnType;Lnet/minecraft/world/entity/SpawnGroupData;Lorg/spongepowered/asm/mixin/injection/callback/CallbackInfoReturnable;)V has 0 override(s) in child classes
[03апр.2025 21:12:27.963] [pool-12-thread-1/DEBUG] [mixin/]: nomansland.mixins.json:mob_variants.FrogMixin from mod nomansland->@Inject::finalizeSpawnVariant(Lnet/minecraft/world/level/ServerLevelAccessor;Lnet/minecraft/world/DifficultyInstance;Lnet/minecraft/world/entity/MobSpawnType;Lnet/minecraft/world/entity/SpawnGroupData;Lorg/spongepowered/asm/mixin/injection/callback/CallbackInfoReturnable;)V won't be passed a CallbackInfoReturnable as a result
[03апр.2025 21:12:27.974] [pool-12-thread-1/DEBUG] [mixin/]: Mixing mob_variants.SquidMixin from nomansland.mixins.json into net.minecraft.world.entity.animal.Squid
[03апр.2025 21:12:27.974] [pool-12-thread-1/DEBUG] [mixin/]: Renaming synthetic method lambda$readVariantData$5(Lnet/minecraft/resources/ResourceKey;)Ljava/util/Optional; to mda92d0d$nomansland$lambda$readVariantData$5$0 in nomansland.mixins.json:mob_variants.SquidMixin from mod nomansland
[03апр.2025 21:12:27.975] [pool-12-thread-1/DEBUG] [mixin/]: Renaming synthetic method lambda$readVariantData$4(Lnet/minecraft/resources/ResourceLocation;)Lnet/minecraft/resources/ResourceKey; to mda92d0d$nomansland$lambda$readVariantData$4$1 in nomansland.mixins.json:mob_variants.SquidMixin from mod nomansland
[03апр.2025 21:12:27.975] [pool-12-thread-1/DEBUG] [mixin/]: Renaming synthetic method lambda$readVariantData$3(Lnet/minecraft/resources/ResourceKey;)Ljava/util/Optional; to mda92d0d$nomansland$lambda$readVariantData$3$2 in nomansland.mixins.json:mob_variants.SquidMixin from mod nomansland
[03апр.2025 21:12:27.975] [pool-12-thread-1/DEBUG] [mixin/]: Renaming synthetic method lambda$readVariantData$2(Lnet/minecraft/resources/ResourceLocation;)Lnet/minecraft/resources/ResourceKey; to mda92d0d$nomansland$lambda$readVariantData$2$3 in nomansland.mixins.json:mob_variants.SquidMixin from mod nomansland
[03апр.2025 21:12:27.975] [pool-12-thread-1/DEBUG] [mixin/]: Renaming synthetic method lambda$addVariantData$1(Lnet/minecraft/nbt/CompoundTag;Lnet/minecraft/resources/ResourceKey;)V to mda92d0d$nomansland$lambda$addVariantData$1$4 in nomansland.mixins.json:mob_variants.SquidMixin from mod nomansland
[03апр.2025 21:12:27.975] [pool-12-thread-1/DEBUG] [mixin/]: Renaming synthetic method lambda$addVariantData$0(Lnet/minecraft/nbt/CompoundTag;Lnet/minecraft/resources/ResourceKey;)V to mda92d0d$nomansland$lambda$addVariantData$0$5 in nomansland.mixins.json:mob_variants.SquidMixin from mod nomansland
[03апр.2025 21:12:27.986] [pool-12-thread-1/DEBUG] [mixin/]: Mixing mob_variants.GoatMixin from nomansland.mixins.json into net.minecraft.world.entity.animal.goat.Goat
[03апр.2025 21:12:27.987] [pool-12-thread-1/DEBUG] [mixin/]: Renaming synthetic method lambda$readVariantData$2(Lnet/minecraft/resources/ResourceKey;)Ljava/util/Optional; to mda92d0d$nomansland$lambda$readVariantData$2$0 in nomansland.mixins.json:mob_variants.GoatMixin from mod nomansland
[03апр.2025 21:12:27.987] [pool-12-thread-1/DEBUG] [mixin/]: Renaming synthetic method lambda$readVariantData$1(Lnet/minecraft/resources/ResourceLocation;)Lnet/minecraft/resources/ResourceKey; to mda92d0d$nomansland$lambda$readVariantData$1$1 in nomansland.mixins.json:mob_variants.GoatMixin from mod nomansland
[03апр.2025 21:12:27.987] [pool-12-thread-1/DEBUG] [mixin/]: Renaming synthetic method lambda$addVariantData$0(Lnet/minecraft/nbt/CompoundTag;Lnet/minecraft/resources/ResourceKey;)V to mda92d0d$nomansland$lambda$addVariantData$0$2 in nomansland.mixins.json:mob_variants.GoatMixin from mod nomansland
[03апр.2025 21:12:27.991] [pool-12-thread-1/DEBUG] [mixin/]: nomansland.mixins.json:mob_variants.GoatMixin from mod nomansland->@Inject::getOffspringVariant(Lnet/minecraft/server/level/ServerLevel;Lnet/minecraft/world/entity/AgeableMob;Lorg/spongepowered/asm/mixin/injection/callback/CallbackInfoReturnable;)V does use it's CallbackInfoReturnable
[03апр.2025 21:12:27.992] [pool-12-thread-1/DEBUG] [mixin/]: nomansland.mixins.json:mob_variants.GoatMixin from mod nomansland->@Inject::getOffspringVariant(Lnet/minecraft/server/level/ServerLevel;Lnet/minecraft/world/entity/AgeableMob;Lorg/spongepowered/asm/mixin/injection/callback/CallbackInfoReturnable;)V does use it's CallbackInfoReturnable
[03апр.2025 21:12:28.018] [pool-12-thread-1/DEBUG] [mixin/]: Mixing mob_variants.LlamaMixin from nomansland.mixins.json into net.minecraft.world.entity.animal.horse.Llama
[03апр.2025 21:12:28.019] [pool-12-thread-1/DEBUG] [mixin/]: Renaming synthetic method lambda$readVariantData$2(Lnet/minecraft/resources/ResourceKey;)Ljava/util/Optional; to mda92d0d$nomansland$lambda$readVariantData$2$0 in nomansland.mixins.json:mob_variants.LlamaMixin from mod nomansland
[03апр.2025 21:12:28.020] [pool-12-thread-1/DEBUG] [mixin/]: Renaming synthetic method lambda$readVariantData$1(Lnet/minecraft/resources/ResourceLocation;)Lnet/minecraft/resources/ResourceKey; to mda92d0d$nomansland$lambda$readVariantData$1$1 in nomansland.mixins.json:mob_variants.LlamaMixin from mod nomansland
[03апр.2025 21:12:28.020] [pool-12-thread-1/DEBUG] [mixin/]: Renaming synthetic method lambda$addVariantData$0(Lnet/minecraft/nbt/CompoundTag;Lnet/minecraft/resources/ResourceKey;)V to mda92d0d$nomansland$lambda$addVariantData$0$2 in nomansland.mixins.json:mob_variants.LlamaMixin from mod nomansland
[03апр.2025 21:12:28.020] [pool-12-thread-1/DEBUG] [mixin/]: Renaming @Unique field DATA_VARIANT_IDLnet/minecraft/network/syncher/EntityDataAccessor; to fda92d0d$nomansland$DATA_VARIANT_ID$0 in nomansland.mixins.json:mob_variants.LlamaMixin from mod nomansland
[03апр.2025 21:12:28.024] [pool-12-thread-1/DEBUG] [mixin/]: nomansland.mixins.json:mob_variants.LlamaMixin from mod nomansland->@Inject::getOffspringVariant(Lnet/minecraft/server/level/ServerLevel;Lnet/minecraft/world/entity/AgeableMob;Lorg/spongepowered/asm/mixin/injection/callback/CallbackInfoReturnable;)V does use it's CallbackInfoReturnable
[03апр.2025 21:12:28.024] [pool-12-thread-1/DEBUG] [mixin/]: nomansland.mixins.json:mob_variants.LlamaMixin from mod nomansland->@Inject::getOffspringVariant(Lnet/minecraft/server/level/ServerLevel;Lnet/minecraft/world/entity/AgeableMob;Lorg/spongepowered/asm/mixin/injection/callback/CallbackInfoReturnable;)V does use it's CallbackInfoReturnable
[03апр.2025 21:12:28.057] [pool-12-thread-1/DEBUG] [mixin/]: Mixing mob_variants.PigMixin from nomansland.mixins.json into net.minecraft.world.entity.animal.Pig
[03апр.2025 21:12:28.058] [pool-12-thread-1/DEBUG] [mixin/]: Renaming synthetic method lambda$readVariantData$5(Lnet/minecraft/resources/ResourceKey;)Ljava/util/Optional; to mda92d0d$nomansland$lambda$readVariantData$5$0 in nomansland.mixins.json:mob_variants.PigMixin from mod nomansland
[03апр.2025 21:12:28.058] [pool-12-thread-1/DEBUG] [mixin/]: Renaming synthetic method lambda$readVariantData$4(Lnet/minecraft/resources/ResourceLocation;)Lnet/minecraft/resources/ResourceKey; to mda92d0d$nomansland$lambda$readVariantData$4$1 in nomansland.mixins.json:mob_variants.PigMixin from mod nomansland
[03апр.2025 21:12:28.059] [pool-12-thread-1/DEBUG] [mixin/]: Renaming synthetic method lambda$readVariantData$3(Lnet/minecraft/resources/ResourceKey;)Ljava/util/Optional; to mda92d0d$nomansland$lambda$readVariantData$3$2 in nomansland.mixins.json:mob_variants.PigMixin from mod nomansland
[03апр.2025 21:12:28.059] [pool-12-thread-1/DEBUG] [mixin/]: Renaming synthetic method lambda$readVariantData$2(Lnet/minecraft/resources/ResourceLocation;)Lnet/minecraft/resources/ResourceKey; to mda92d0d$nomansland$lambda$readVariantData$2$3 in nomansland.mixins.json:mob_variants.PigMixin from mod nomansland
[03апр.2025 21:12:28.059] [pool-12-thread-1/DEBUG] [mixin/]: Renaming synthetic method lambda$addVariantData$1(Lnet/minecraft/nbt/CompoundTag;Lnet/minecraft/resources/ResourceKey;)V to mda92d0d$nomansland$lambda$addVariantData$1$4 in nomansland.mixins.json:mob_variants.PigMixin from mod nomansland
[03апр.2025 21:12:28.059] [pool-12-thread-1/DEBUG] [mixin/]: Renaming synthetic method lambda$addVariantData$0(Lnet/minecraft/nbt/CompoundTag;Lnet/minecraft/resources/ResourceKey;)V to mda92d0d$nomansland$lambda$addVariantData$0$5 in nomansland.mixins.json:mob_variants.PigMixin from mod nomansland
[03апр.2025 21:12:28.064] [pool-12-thread-1/DEBUG] [mixin/]: nomansland.mixins.json:mob_variants.PigMixin from mod nomansland->@Inject::getOffspringVariant(Lnet/minecraft/server/level/ServerLevel;Lnet/minecraft/world/entity/AgeableMob;Lorg/spongepowered/asm/mixin/injection/callback/CallbackInfoReturnable;)V does use it's CallbackInfoReturnable
[03апр.2025 21:12:28.064] [pool-12-thread-1/DEBUG] [mixin/]: nomansland.mixins.json:mob_variants.PigMixin from mod nomansland->@Inject::getOffspringVariant(Lnet/minecraft/server/level/ServerLevel;Lnet/minecraft/world/entity/AgeableMob;Lorg/spongepowered/asm/mixin/injection/callback/CallbackInfoReturnable;)V does use it's CallbackInfoReturnable
[03апр.2025 21:12:28.081] [pool-12-thread-1/DEBUG] [mixin/]: Mixing ThrownPotionMixin from nomansland.mixins.json into net.minecraft.world.entity.projectile.ThrownPotion
[03апр.2025 21:12:28.087] [pool-12-thread-1/DEBUG] [mixin/]: nomansland.mixins.json:ThrownPotionMixin from mod nomansland->@Inject::extinguishTorches(Lnet/minecraft/core/BlockPos;Lorg/spongepowered/asm/mixin/injection/callback/CallbackInfo;)V doesn't use it's CallbackInfo
[03апр.2025 21:12:28.087] [pool-12-thread-1/DEBUG] [mixin/]: nomansland.mixins.json:ThrownPotionMixin from mod nomansland->@Inject::extinguishTorches(Lnet/minecraft/core/BlockPos;Lorg/spongepowered/asm/mixin/injection/callback/CallbackInfo;)V has 0 override(s) in child classes
[03апр.2025 21:12:28.087] [pool-12-thread-1/DEBUG] [mixin/]: nomansland.mixins.json:ThrownPotionMixin from mod nomansland->@Inject::extinguishTorches(Lnet/minecraft/core/BlockPos;Lorg/spongepowered/asm/mixin/injection/callback/CallbackInfo;)V won't be passed a CallbackInfo as a result
[03апр.2025 21:12:28.091] [pool-12-thread-1/DEBUG] [mixin/]: Mixing mob_variants.RabbitMixin from nomansland.mixins.json into net.minecraft.world.entity.animal.Rabbit
[03апр.2025 21:12:28.092] [pool-12-thread-1/DEBUG] [mixin/]: Renaming synthetic method lambda$readVariantData$2(Lnet/minecraft/resources/ResourceKey;)Ljava/util/Optional; to mda92d0d$nomansland$lambda$readVariantData$2$0 in nomansland.mixins.json:mob_variants.RabbitMixin from mod nomansland
[03апр.2025 21:12:28.092] [pool-12-thread-1/DEBUG] [mixin/]: Renaming synthetic method lambda$readVariantData$1(Lnet/minecraft/resources/ResourceLocation;)Lnet/minecraft/resources/ResourceKey; to mda92d0d$nomansland$lambda$readVariantData$1$1 in nomansland.mixins.json:mob_variants.RabbitMixin from mod nomansland
[03апр.2025 21:12:28.092] [pool-12-thread-1/DEBUG] [mixin/]: Renaming synthetic method lambda$addVariantData$0(Lnet/minecraft/nbt/CompoundTag;Lnet/minecraft/resources/ResourceKey;)V to mda92d0d$nomansland$lambda$addVariantData$0$2 in nomansland.mixins.json:mob_variants.RabbitMixin from mod nomansland
[03апр.2025 21:12:28.096] [pool-12-thread-1/DEBUG] [mixin/]: nomansland.mixins.json:mob_variants.RabbitMixin from mod nomansland->@Inject::getOffspringVariant(Lnet/minecraft/server/level/ServerLevel;Lnet/minecraft/world/entity/AgeableMob;Lorg/spongepowered/asm/mixin/injection/callback/CallbackInfoReturnable;)V does use it's CallbackInfoReturnable
[03апр.2025 21:12:28.096] [pool-12-thread-1/DEBUG] [mixin/]: nomansland.mixins.json:mob_variants.RabbitMixin from mod nomansland->@Inject::getOffspringVariant(Lnet/minecraft/server/level/ServerLevel;Lnet/minecraft/world/entity/AgeableMob;Lorg/spongepowered/asm/mixin/injection/callback/CallbackInfoReturnable;)V does use it's CallbackInfoReturnable
[03апр.2025 21:12:28.103] [pool-12-thread-1/DEBUG] [mixin/]: Mixing mob_variants.SalmonMixin from nomansland.mixins.json into net.minecraft.world.entity.animal.Salmon
[03апр.2025 21:12:28.104] [pool-12-thread-1/DEBUG] [mixin/]: Renaming synthetic method lambda$readVariantData$2(Lnet/minecraft/resources/ResourceKey;)Ljava/util/Optional; to mda92d0d$nomansland$lambda$readVariantData$2$0 in nomansland.mixins.json:mob_variants.SalmonMixin from mod nomansland
[03апр.2025 21:12:28.104] [pool-12-thread-1/DEBUG] [mixin/]: Renaming synthetic method lambda$readVariantData$1(Lnet/minecraft/resources/ResourceLocation;)Lnet/minecraft/resources/ResourceKey; to mda92d0d$nomansland$lambda$readVariantData$1$1 in nomansland.mixins.json:mob_variants.SalmonMixin from mod nomansland
[03апр.2025 21:12:28.104] [pool-12-thread-1/DEBUG] [mixin/]: Renaming synthetic method lambda$addVariantData$0(Lnet/minecraft/nbt/CompoundTag;Lnet/minecraft/resources/ResourceKey;)V to mda92d0d$nomansland$lambda$addVariantData$0$2 in nomansland.mixins.json:mob_variants.SalmonMixin from mod nomansland
[03апр.2025 21:12:28.109] [pool-12-thread-1/DEBUG] [mixin/]: Mixing mob_variants.SheepMixin from nomansland.mixins.json into net.minecraft.world.entity.animal.Sheep
[03апр.2025 21:12:28.109] [pool-12-thread-1/DEBUG] [mixin/]: Renaming synthetic method lambda$readVariantData$2(Lnet/minecraft/resources/ResourceKey;)Ljava/util/Optional; to mda92d0d$nomansland$lambda$readVariantData$2$0 in nomansland.mixins.json:mob_variants.SheepMixin from mod nomansland
[03апр.2025 21:12:28.110] [pool-12-thread-1/DEBUG] [mixin/]: Renaming synthetic method lambda$readVariantData$1(Lnet/minecraft/resources/ResourceLocation;)Lnet/minecraft/resources/ResourceKey; to mda92d0d$nomansland$lambda$readVariantData$1$1 in nomansland.mixins.json:mob_variants.SheepMixin from mod nomansland
[03апр.2025 21:12:28.110] [pool-12-thread-1/DEBUG] [mixin/]: Renaming synthetic method lambda$addVariantData$0(Lnet/minecraft/nbt/CompoundTag;Lnet/minecraft/resources/ResourceKey;)V to mda92d0d$nomansland$lambda$addVariantData$0$2 in nomansland.mixins.json:mob_variants.SheepMixin from mod nomansland
[03апр.2025 21:12:28.116] [pool-12-thread-1/DEBUG] [mixin/]: nomansland.mixins.json:mob_variants.SheepMixin from mod nomansland->@Inject::getOffspringVariant(Lnet/minecraft/server/level/ServerLevel;Lnet/minecraft/world/entity/AgeableMob;Lorg/spongepowered/asm/mixin/injection/callback/CallbackInfoReturnable;)V does use it's CallbackInfoReturnable
[03апр.2025 21:12:28.116] [pool-12-thread-1/DEBUG] [mixin/]: nomansland.mixins.json:mob_variants.SheepMixin from mod nomansland->@Inject::getOffspringVariant(Lnet/minecraft/server/level/ServerLevel;Lnet/minecraft/world/entity/AgeableMob;Lorg/spongepowered/asm/mixin/injection/callback/CallbackInfoReturnable;)V does use it's CallbackInfoReturnable
[03апр.2025 21:12:28.140] [pool-12-thread-1/DEBUG] [mixin/]: Mixing BaseSpawnerMixin from nomansland.mixins.json into net.minecraft.world.level.BaseSpawner
[03апр.2025 21:12:28.190] [pool-12-thread-1/DEBUG] [mixin/]: Mixing WolfMixin from nomansland.mixins.json into net.minecraft.world.entity.animal.Wolf
[03апр.2025 21:12:28.191] [pool-12-thread-1/DEBUG] [mixin/]: Renaming synthetic method lambda$targetDeerGoal$0(Lnet/minecraft/world/entity/LivingEntity;)Z to mda92d0d$nomansland$lambda$targetDeerGoal$0$0 in nomansland.mixins.json:WolfMixin from mod nomansland
[03апр.2025 21:12:28.193] [pool-12-thread-1/DEBUG] [mixin/]: nomansland.mixins.json:WolfMixin from mod nomansland->@Inject::targetDeerGoal(Lorg/spongepowered/asm/mixin/injection/callback/CallbackInfo;)V doesn't use it's CallbackInfo
[03апр.2025 21:12:28.193] [pool-12-thread-1/DEBUG] [mixin/]: nomansland.mixins.json:WolfMixin from mod nomansland->@Inject::targetDeerGoal(Lorg/spongepowered/asm/mixin/injection/callback/CallbackInfo;)V has 0 override(s) in child classes
[03апр.2025 21:12:28.193] [pool-12-thread-1/DEBUG] [mixin/]: nomansland.mixins.json:WolfMixin from mod nomansland->@Inject::targetDeerGoal(Lorg/spongepowered/asm/mixin/injection/callback/CallbackInfo;)V won't be passed a CallbackInfo as a result
[03апр.2025 21:12:28.869] [pool-12-thread-1/DEBUG] [mixin/]: Mixing KeepRichSoilGiantTreeMixin from farmersdelight.mixins.json into net.minecraft.world.level.levelgen.feature.Feature
[03апр.2025 21:12:28.870] [pool-12-thread-1/DEBUG] [mixin/]: Renaming synthetic method lambda$keepRichSoil$0(Lnet/minecraft/world/level/block/state/BlockState;)Z to mda92d0d$farmersdelight$lambda$keepRichSoil$0$0 in farmersdelight.mixins.json:KeepRichSoilGiantTreeMixin from mod farmersdelight
[03апр.2025 21:12:28.871] [pool-12-thread-1/DEBUG] [mixin/]: farmersdelight.mixins.json:KeepRichSoilGiantTreeMixin from mod farmersdelight->@Inject::keepRichSoil(Lnet/minecraft/world/level/LevelSimulatedReader;Lnet/minecraft/core/BlockPos;Lorg/spongepowered/asm/mixin/injection/callback/CallbackInfoReturnable;)V does use it's CallbackInfoReturnable
[03апр.2025 21:12:28.873] [pool-12-thread-1/DEBUG] [mixin/]: Mixing TreeFeatureMixin from nomansland.mixins.json into net.minecraft.world.level.levelgen.feature.TreeFeature
[03апр.2025 21:12:28.873] [pool-12-thread-1/DEBUG] [mixin/]: Renaming synthetic method lambda$isReplaceableByTrees$0(Lnet/minecraft/world/level/block/state/BlockState;)Z to mda92d0d$nomansland$lambda$isReplaceableByTrees$0$0 in nomansland.mixins.json:TreeFeatureMixin from mod nomansland
[03апр.2025 21:12:28.875] [pool-12-thread-1/DEBUG] [mixin/]: nomansland.mixins.json:TreeFeatureMixin from mod nomansland->@Inject::isReplaceableByTrees(Lnet/minecraft/world/level/LevelSimulatedReader;Lnet/minecraft/core/BlockPos;Lorg/spongepowered/asm/mixin/injection/callback/CallbackInfoReturnable;)V does use it's CallbackInfoReturnable
[03апр.2025 21:12:28.878] [pool-12-thread-1/DEBUG] [mixin/]: Mixing SnowAndFreezeFeatureMixin from nomansland.mixins.json into net.minecraft.world.level.levelgen.feature.SnowAndFreezeFeature
[03апр.2025 21:12:28.882] [pool-12-thread-1/DEBUG] [mixin/]: nomansland.mixins.json:SnowAndFreezeFeatureMixin from mod nomansland->@Inject::place(Lnet/minecraft/world/level/levelgen/feature/FeaturePlaceContext;Lorg/spongepowered/asm/mixin/injection/callback/CallbackInfoReturnable;)V does use it's CallbackInfoReturnable
[03апр.2025 21:12:29.095] [pool-12-thread-1/DEBUG] [mixin/]: Mixing LeaveVineDecoratorMixin from nomansland.mixins.json into net.minecraft.world.level.levelgen.feature.treedecorators.LeaveVineDecorator
[03апр.2025 21:12:29.096] [pool-12-thread-1/DEBUG] [mixin/]: Renaming synthetic method lambda$nml$place$2(Lnet/minecraft/world/level/block/state/BlockState;)Z to mda92d0d$nomansland$lambda$nml$place$2$0 in nomansland.mixins.json:LeaveVineDecoratorMixin from mod nomansland
[03апр.2025 21:12:29.096] [pool-12-thread-1/DEBUG] [mixin/]: Renaming synthetic method lambda$nml$place$1(Lnet/minecraft/world/level/block/state/BlockState;)Z to mda92d0d$nomansland$lambda$nml$place$1$1 in nomansland.mixins.json:LeaveVineDecoratorMixin from mod nomansland
[03апр.2025 21:12:29.096] [pool-12-thread-1/DEBUG] [mixin/]: Renaming synthetic method lambda$nml$place$0(Lnet/minecraft/world/level/block/state/BlockState;)Z to mda92d0d$nomansland$lambda$nml$place$0$2 in nomansland.mixins.json:LeaveVineDecoratorMixin from mod nomansland
[03апр.2025 21:12:29.100] [pool-12-thread-1/DEBUG] [mixin/]: nomansland.mixins.json:LeaveVineDecoratorMixin from mod nomansland->@Inject::nml$place(Lnet/minecraft/world/level/levelgen/feature/treedecorators/TreeDecorator$Context;Lorg/spongepowered/asm/mixin/injection/callback/CallbackInfo;)V doesn't use it's CallbackInfo
[03апр.2025 21:12:29.101] [pool-12-thread-1/DEBUG] [mixin/]: nomansland.mixins.json:LeaveVineDecoratorMixin from mod nomansland->@Inject::nml$place(Lnet/minecraft/world/level/levelgen/feature/treedecorators/TreeDecorator$Context;Lorg/spongepowered/asm/mixin/injection/callback/CallbackInfo;)V has 0 override(s) in child classes
[03апр.2025 21:12:29.101] [pool-12-thread-1/DEBUG] [mixin/]: nomansland.mixins.json:LeaveVineDecoratorMixin from mod nomansland->@Inject::nml$place(Lnet/minecraft/world/level/levelgen/feature/treedecorators/TreeDecorator$Context;Lorg/spongepowered/asm/mixin/injection/callback/CallbackInfo;)V won't be passed a CallbackInfo as a result
[03апр.2025 21:12:29.112] [pool-12-thread-1/DEBUG] [mixin/]: Mixing MixinBiomeSource from biolith.mixins.json into net.minecraft.world.level.biome.BiomeSource
[03апр.2025 21:12:29.112] [pool-12-thread-1/DEBUG] [mixin/]: biolith.mixins.json:MixinBiomeSource from mod biolith: Class version 65 required is higher than the class version supported by the current version of Mixin (JAVA_17 supports class version 61)
[03апр.2025 21:12:29.149] [pool-12-thread-1/DEBUG] [mixin/]: Mixing MixinMultiNoiseBiomeSource from biolith.mixins.json into net.minecraft.world.level.biome.MultiNoiseBiomeSource
[03апр.2025 21:12:29.149] [pool-12-thread-1/DEBUG] [mixin/]: biolith.mixins.json:MixinMultiNoiseBiomeSource from mod biolith: Class version 65 required is higher than the class version supported by the current version of Mixin (JAVA_17 supports class version 61)
[03апр.2025 21:12:29.157] [pool-12-thread-1/DEBUG] [mixin/]: biolith.mixins.json:MixinMultiNoiseBiomeSource from mod biolith->@Inject::biolith$getBiome(IIILnet/minecraft/world/level/biome/Climate$Sampler;Lorg/spongepowered/asm/mixin/injection/callback/CallbackInfoReturnable;)V does use it's CallbackInfoReturnable
[03апр.2025 21:12:29.177] [pool-12-thread-1/DEBUG] [mixin/]: Mixing MixinTheEndBiomeSource from biolith.mixins.json into net.minecraft.world.level.biome.TheEndBiomeSource
[03апр.2025 21:12:29.178] [pool-12-thread-1/DEBUG] [mixin/]: biolith.mixins.json:MixinTheEndBiomeSource from mod biolith: Class version 65 required is higher than the class version supported by the current version of Mixin (JAVA_17 supports class version 61)
[03апр.2025 21:12:29.178] [pool-12-thread-1/DEBUG] [mixin/]: Renaming synthetic method lambda$biolith$biomeStream$3(Lcom/mojang/datafixers/util/Pair;)Lcom/mojang/datafixers/util/Pair; to mda92d0d$biolith$lambda$biolith$biomeStream$3$0 in biolith.mixins.json:MixinTheEndBiomeSource from mod biolith
[03апр.2025 21:12:29.178] [pool-12-thread-1/DEBUG] [mixin/]: Renaming synthetic method lambda$biolith$biomeStream$2(Lnet/minecraft/resources/ResourceKey;)Lnet/minecraft/core/Holder; to mda92d0d$biolith$lambda$biolith$biomeStream$2$1 in biolith.mixins.json:MixinTheEndBiomeSource from mod biolith
[03апр.2025 21:12:29.178] [pool-12-thread-1/DEBUG] [mixin/]: Renaming synthetic method lambda$biolith$biomeStream$1(Lcom/mojang/datafixers/util/Pair;)Z to mda92d0d$biolith$lambda$biolith$biomeStream$1$2 in biolith.mixins.json:MixinTheEndBiomeSource from mod biolith
[03апр.2025 21:12:29.178] [pool-12-thread-1/DEBUG] [mixin/]: Renaming synthetic method lambda$biolith$biomeStream$0(Lnet/minecraft/resources/ResourceKey;)Lnet/minecraft/core/Holder; to mda92d0d$biolith$lambda$biolith$biomeStream$0$3 in biolith.mixins.json:MixinTheEndBiomeSource from mod biolith
[03апр.2025 21:12:29.187] [pool-12-thread-1/DEBUG] [mixin/]: biolith.mixins.json:MixinTheEndBiomeSource from mod biolith->@Inject::biolith$getRegistry(Lnet/minecraft/core/HolderGetter;Lorg/spongepowered/asm/mixin/injection/callback/CallbackInfoReturnable;)V doesn't use it's CallbackInfoReturnable
[03апр.2025 21:12:29.194] [pool-12-thread-1/DEBUG] [mixin/]: Mixing MixinChunkGenerator from biolith.mixins.json into net.minecraft.world.level.chunk.ChunkGenerator
[03апр.2025 21:12:29.194] [pool-12-thread-1/DEBUG] [mixin/]: biolith.mixins.json:MixinChunkGenerator from mod biolith: Class version 65 required is higher than the class version supported by the current version of Mixin (JAVA_17 supports class version 61)
[03апр.2025 21:12:29.196] [pool-12-thread-1/DEBUG] [mixin/]: biolith.mixins.json:MixinChunkGenerator from mod biolith->@Inject::biolith$disableInitializeIndexedFeaturesList(Lorg/spongepowered/asm/mixin/injection/callback/CallbackInfo;)V does use it's CallbackInfo
[03апр.2025 21:12:29.200] [pool-12-thread-1/DEBUG] [mixin/]: Mixing MixinChunkGeneratorSettings from biolith.mixins.json into net.minecraft.world.level.levelgen.NoiseGeneratorSettings
[03апр.2025 21:12:29.200] [pool-12-thread-1/DEBUG] [mixin/]: biolith.mixins.json:MixinChunkGeneratorSettings from mod biolith: Class version 65 required is higher than the class version supported by the current version of Mixin (JAVA_17 supports class version 61)
[03апр.2025 21:12:29.494] [main/DEBUG] [mixin/]: Mixing MixinMinecraftServer from biolith.mixins.json into net.minecraft.server.MinecraftServer
[03апр.2025 21:12:29.494] [main/DEBUG] [mixin/]: biolith.mixins.json:MixinMinecraftServer from mod biolith: Class version 65 required is higher than the class version supported by the current version of Mixin (JAVA_17 supports class version 61)
[03апр.2025 21:12:29.590] [main/DEBUG] [mixin/]: Mixing MixinSearchTree from biolith.mixins.json into net.minecraft.world.level.biome.Climate$RTree
[03апр.2025 21:12:29.590] [main/DEBUG] [mixin/]: biolith.mixins.json:MixinSearchTree from mod biolith: Class version 65 required is higher than the class version supported by the current version of Mixin (JAVA_17 supports class version 61)
[03апр.2025 21:12:29.722] [main/DEBUG] [mixin/]: Mixing MixinDimensionOptions from biolith.mixins.json into net.minecraft.world.level.dimension.LevelStem
[03апр.2025 21:12:29.723] [main/DEBUG] [mixin/]: biolith.mixins.json:MixinDimensionOptions from mod biolith: Class version 65 required is higher than the class version supported by the current version of Mixin (JAVA_17 supports class version 61)
[03апр.2025 21:12:29.724] [main/DEBUG] [mixin/]: biolith.mixins.json:MixinDimensionOptions from mod biolith->@Inject::biolith$storeDimensionTypeToBiomeSource(Lnet/minecraft/core/Holder;Lnet/minecraft/world/level/chunk/ChunkGenerator;Lorg/spongepowered/asm/mixin/injection/callback/CallbackInfo;)V doesn't use it's CallbackInfo
[03апр.2025 21:12:30.068] [main/WARN] [net.minecraft.commands.Commands/]: Ambiguity between arguments [teleport, location] and [teleport, destination] with inputs: [0.1 -0.5 .9, 0 0 0]
[03апр.2025 21:12:30.069] [main/WARN] [net.minecraft.commands.Commands/]: Ambiguity between arguments [teleport, location] and [teleport, targets] with inputs: [0.1 -0.5 .9, 0 0 0]
[03апр.2025 21:12:30.072] [main/WARN] [net.minecraft.commands.Commands/]: Ambiguity between arguments [teleport, destination] and [teleport, targets] with inputs: [Player, 0123, @e, dd12be42-52a9-4a91-a8a1-11c01849e498]
[03апр.2025 21:12:30.073] [main/WARN] [net.minecraft.commands.Commands/]: Ambiguity between arguments [teleport, targets] and [teleport, destination] with inputs: [Player, 0123, dd12be42-52a9-4a91-a8a1-11c01849e498]
[03апр.2025 21:12:30.074] [main/WARN] [net.minecraft.commands.Commands/]: Ambiguity between arguments [teleport, targets, location] and [teleport, targets, destination] with inputs: [0.1 -0.5 .9, 0 0 0]
[03апр.2025 21:12:30.108] [Render thread/DEBUG] [mixin/]: Mixing CanvasSignEditScreenMixin from farmersdelight.mixins.json into net.minecraft.client.player.LocalPlayer
[03апр.2025 21:12:30.119] [Render thread/DEBUG] [mixin/]: farmersdelight.mixins.json:CanvasSignEditScreenMixin from mod farmersdelight->@Inject::openCanvasSignEditScreen(Lnet/minecraft/world/level/block/entity/SignBlockEntity;ZLorg/spongepowered/asm/mixin/injection/callback/CallbackInfo;)V does use it's CallbackInfo
[03апр.2025 21:12:30.190] [Render thread/WARN] [net.minecraft.server.packs.VanillaPackResourcesBuilder/]: Assets URL 'union:/C:/Users/admin/Desktop/No-Man-s-Delight/build/moddev/artifacts/neoforge-21.1.137.jar%23183!/assets/.mcassetsroot' uses unexpected schema
[03апр.2025 21:12:30.190] [Render thread/WARN] [net.minecraft.server.packs.VanillaPackResourcesBuilder/]: Assets URL 'union:/C:/Users/admin/Desktop/No-Man-s-Delight/build/moddev/artifacts/neoforge-21.1.137.jar%23183!/data/.mcassetsroot' uses unexpected schema
[03апр.2025 21:12:30.216] [Render thread/INFO] [com.mojang.authlib.yggdrasil.YggdrasilAuthenticationService/]: Environment: Environment[sessionHost=https://sessionserver.mojang.com, servicesHost=https://api.minecraftservices.com, name=PROD]
[03апр.2025 21:12:30.227] [Render thread/INFO] [net.minecraft.client.Minecraft/]: Setting user: Dev
[03апр.2025 21:12:30.325] [Render thread/INFO] [net.minecraft.client.Minecraft/]: Backend library: LWJGL version 3.3.3+5
[03апр.2025 21:12:30.479] [Render thread/DEBUG] [net.neoforged.fml.ModWorkManager/LOADING]: Using 12 threads for parallel mod-loading
[03апр.2025 21:12:30.493] [Render thread/DEBUG] [net.neoforged.fml.javafmlmod.FMLModContainer/LOADING]: Creating FMLModContainer instance for [vectorwing.farmersdelight.FarmersDelight]
[03апр.2025 21:12:30.496] [Render thread/DEBUG] [net.neoforged.fml.javafmlmod.FMLModContainer/LOADING]: Creating FMLModContainer instance for [com.terraformersmc.biolith.impl.BiolithInit]
[03апр.2025 21:12:30.497] [Render thread/DEBUG] [net.neoforged.fml.javafmlmod.FMLModContainer/LOADING]: Creating FMLModContainer instance for [squeek.appleskin.AppleSkin]
[03апр.2025 21:12:30.498] [Render thread/DEBUG] [net.neoforged.fml.javafmlmod.FMLModContainer/LOADING]: Creating FMLModContainer instance for [net.neoforged.neoforge.common.NeoForgeMod, net.neoforged.neoforge.client.ClientNeoForgeMod]
[03апр.2025 21:12:30.500] [Render thread/DEBUG] [net.neoforged.fml.javafmlmod.FMLModContainer/LOADING]: Creating FMLModContainer instance for [com.farcr.nomansland.NoMansLand]
[03апр.2025 21:12:30.501] [Render thread/DEBUG] [net.neoforged.fml.javafmlmod.FMLModContainer/LOADING]: Creating FMLModContainer instance for [com.magafin.no_mans_delight.No_mans_delight]
[03апр.2025 21:12:30.502] [Render thread/DEBUG] [net.neoforged.fml.javafmlmod.FMLModContainer/LOADING]: Creating FMLModContainer instance for [mezz.jei.neoforge.JustEnoughItems]
[03апр.2025 21:12:30.513] [modloading-worker-0/DEBUG] [biolith/]: Loaded com.terraformersmc.biolith.impl.platform.NeoForgePlatformHelper@6e194c4e for service interface com.terraformersmc.biolith.impl.platform.services.PlatformHelper
[03апр.2025 21:12:30.513] [modloading-worker-0/INFO] [biolith/]: Biolith for NeoForge is initializing...
[03апр.2025 21:12:30.531] [modloading-worker-0/DEBUG] [net.neoforged.fml.config.ConfigTracker/CONFIG]: Config file appleskin-client.toml for appleskin tracking
[03апр.2025 21:12:30.531] [modloading-worker-0/DEBUG] [net.neoforged.fml.config.ConfigTracker/CONFIG]: Config file farmersdelight-common.toml for farmersdelight tracking
[03апр.2025 21:12:30.531] [modloading-worker-0/DEBUG] [net.neoforged.fml.config.ConfigTracker/CONFIG]: Config file jei-server.toml for jei tracking
[03апр.2025 21:12:30.531] [modloading-worker-0/DEBUG] [net.neoforged.fml.javafmlmod.AutomaticEventSubscriber/LOADING]: Attempting to inject @EventBusSubscriber classes into the eventbus for appleskin
[03апр.2025 21:12:30.531] [modloading-worker-0/DEBUG] [net.neoforged.fml.config.ConfigTracker/CONFIG]: Config file farmersdelight-client.toml for farmersdelight tracking
[03апр.2025 21:12:30.540] [modloading-worker-0/DEBUG] [net.neoforged.neoforge.internal.versions.neoforge.NeoForgeVersion/CORE]: Found NeoForge version 21.1.137
[03апр.2025 21:12:30.540] [modloading-worker-0/DEBUG] [net.neoforged.neoforge.internal.versions.neoforge.NeoForgeVersion/CORE]: Found FML version 4.0.38
[03апр.2025 21:12:30.540] [modloading-worker-0/INFO] [net.neoforged.neoforge.common.NeoForgeMod/NEOFORGE-MOD]: NeoForge mod loading, version 21.1.137, for MC 1.21.1
[03апр.2025 21:12:30.571] [modloading-worker-0/DEBUG] [mixin/]: Mixing integration.RichSoilBlockMixin from nomansland.mixins.json into vectorwing.farmersdelight.common.block.RichSoilBlock
[03апр.2025 21:12:30.571] [modloading-worker-0/DEBUG] [net.neoforged.fml.config.ConfigTracker/CONFIG]: Config file neoforge-client.toml for neoforge tracking
[03апр.2025 21:12:30.571] [modloading-worker-0/DEBUG] [net.neoforged.fml.config.ConfigTracker/CONFIG]: Config file neoforge-server.toml for neoforge tracking
[03апр.2025 21:12:30.571] [modloading-worker-0/DEBUG] [net.neoforged.fml.config.ConfigTracker/CONFIG]: Config file neoforge-common.toml for neoforge tracking
[03апр.2025 21:12:30.574] [modloading-worker-0/DEBUG] [mixin/]: nomansland.mixins.json:integration.RichSoilBlockMixin from mod nomansland->@Inject::tryConvertFieldMushroom(Lnet/minecraft/world/level/block/state/BlockState;Lnet/minecraft/server/level/ServerLevel;Lnet/minecraft/core/BlockPos;Lnet/minecraft/util/RandomSource;Lorg/spongepowered/asm/mixin/injection/callback/CallbackInfo;)V does use it's CallbackInfo
[03апр.2025 21:12:30.576] [modloading-worker-0/DEBUG] [net.neoforged.fml.javafmlmod.AutomaticEventSubscriber/LOADING]: Attempting to inject @EventBusSubscriber classes into the eventbus for biolith
[03апр.2025 21:12:30.580] [modloading-worker-0/DEBUG] [mezz.jei.common.platform.Services/]: Loaded mezz.jei.neoforge.platform.PlatformHelper@538cdac1 for service interface mezz.jei.common.platform.IPlatformHelper
[03апр.2025 21:12:30.646] [modloading-worker-0/DEBUG] [mezz.jei.common.config.file.ConfigSerializer/]: Loading config file: C:\Users\admin\Desktop\No-Man-s-Delight\run\config\jei\jei-debug.ini
[03апр.2025 21:12:30.648] [modloading-worker-0/DEBUG] [mezz.jei.common.config.file.ConfigSchema/]: Localization has not loaded yet, waiting to save the config file until JEI starts.
[03апр.2025 21:12:30.652] [modloading-worker-0/DEBUG] [mezz.jei.common.config.file.ConfigSerializer/]: Loading config file: C:\Users\admin\Desktop\No-Man-s-Delight\run\config\jei\jei-mod-id-format.ini
[03апр.2025 21:12:30.654] [modloading-worker-0/DEBUG] [mezz.jei.common.config.file.ConfigSchema/]: Localization has not loaded yet, waiting to save the config file until JEI starts.
[03апр.2025 21:12:30.657] [modloading-worker-0/DEBUG] [mezz.jei.common.config.file.ConfigSerializer/]: Loading config file: C:\Users\admin\Desktop\No-Man-s-Delight\run\config\jei\jei-colors.ini
[03апр.2025 21:12:30.660] [modloading-worker-0/DEBUG] [mezz.jei.common.config.file.ConfigSchema/]: Localization has not loaded yet, waiting to save the config file until JEI starts.
[03апр.2025 21:12:30.661] [modloading-worker-0/DEBUG] [net.neoforged.fml.javafmlmod.AutomaticEventSubscriber/LOADING]: Attempting to inject @EventBusSubscriber classes into the eventbus for neoforge
[03апр.2025 21:12:30.663] [modloading-worker-0/DEBUG] [net.neoforged.fml.javafmlmod.AutomaticEventSubscriber/LOADING]: Auto-subscribing net.neoforged.neoforge.server.command.ConfigCommand to GAME
[03апр.2025 21:12:30.664] [modloading-worker-0/DEBUG] [net.neoforged.fml.javafmlmod.AutomaticEventSubscriber/LOADING]: Auto-subscribing net.neoforged.neoforge.network.filters.GenericPacketSplitter to MOD
[03апр.2025 21:12:30.670] [modloading-worker-0/DEBUG] [mezz.jei.common.config.file.ConfigSerializer/]: Loading config file: C:\Users\admin\Desktop\No-Man-s-Delight\run\config\jei\jei-client.ini
[03апр.2025 21:12:30.679] [modloading-worker-0/DEBUG] [mezz.jei.common.config.file.ConfigSchema/]: Localization has not loaded yet, waiting to save the config file until JEI starts.
[03апр.2025 21:12:30.688] [modloading-worker-0/INFO] [mezz.jei.library.load.PluginCaller/]: Sending ConfigManager...
[03апр.2025 21:12:30.691] [modloading-worker-0/DEBUG] [mezz.jei.library.load.PluginCallerTimerRunnable/]: Sending ConfigManager: jei:minecraft...
[03апр.2025 21:12:30.691] [modloading-worker-0/DEBUG] [mezz.jei.library.load.PluginCallerTimerRunnable/]: Sending ConfigManager: farmersdelight:jei_plugin...
[03апр.2025 21:12:30.691] [modloading-worker-0/DEBUG] [mezz.jei.library.load.PluginCallerTimerRunnable/]: Sending ConfigManager: jei:neoforge_gui...
[03апр.2025 21:12:30.691] [modloading-worker-0/DEBUG] [mezz.jei.library.load.PluginCallerTimerRunnable/]: Sending ConfigManager: jei:debug...
[03апр.2025 21:12:30.691] [modloading-worker-0/DEBUG] [mezz.jei.library.load.PluginCallerTimerRunnable/]: Sending ConfigManager: jei:gui...
[03апр.2025 21:12:30.691] [modloading-worker-0/DEBUG] [mezz.jei.library.load.PluginCallerTimerRunnable/]: Sending ConfigManager: jei:internal...
[03апр.2025 21:12:30.695] [modloading-worker-0/INFO] [mezz.jei.library.load.PluginCaller/]: Sending ConfigManager took 3.791 ms
[03апр.2025 21:12:30.697] [modloading-worker-0/DEBUG] [net.neoforged.fml.javafmlmod.AutomaticEventSubscriber/LOADING]: Attempting to inject @EventBusSubscriber classes into the eventbus for farmersdelight
[03апр.2025 21:12:30.698] [modloading-worker-0/DEBUG] [net.neoforged.fml.javafmlmod.AutomaticEventSubscriber/LOADING]: Auto-subscribing vectorwing.farmersdelight.data.DataGenerators to MOD
[03апр.2025 21:12:30.698] [modloading-worker-0/DEBUG] [net.neoforged.fml.javafmlmod.AutomaticEventSubscriber/LOADING]: Auto-subscribing vectorwing.farmersdelight.common.item.SkilletItem$SkilletEvents to GAME
[03апр.2025 21:12:30.700] [modloading-worker-0/DEBUG] [net.neoforged.fml.javafmlmod.AutomaticEventSubscriber/LOADING]: Auto-subscribing vectorwing.farmersdelight.common.item.KnifeItem$KnifeEvents to GAME
[03апр.2025 21:12:30.700] [modloading-worker-0/DEBUG] [io.netty.buffer.AbstractByteBuf/]: -Dio.netty.buffer.checkAccessible: true
[03апр.2025 21:12:30.700] [modloading-worker-0/DEBUG] [io.netty.buffer.AbstractByteBuf/]: -Dio.netty.buffer.checkBounds: true
[03апр.2025 21:12:30.701] [modloading-worker-0/DEBUG] [net.neoforged.fml.javafmlmod.AutomaticEventSubscriber/LOADING]: Auto-subscribing vectorwing.farmersdelight.common.item.HorseFeedItem$HorseFeedEvent to GAME
[03апр.2025 21:12:30.702] [modloading-worker-0/DEBUG] [net.neoforged.fml.javafmlmod.AutomaticEventSubscriber/LOADING]: Attempting to inject @EventBusSubscriber classes into the eventbus for jei
[03апр.2025 21:12:30.702] [modloading-worker-0/DEBUG] [io.netty.util.ResourceLeakDetectorFactory/]: Loaded default ResourceLeakDetector: io.netty.util.ResourceLeakDetector@1ca55208
[03апр.2025 21:12:30.702] [modloading-worker-0/DEBUG] [net.neoforged.fml.javafmlmod.AutomaticEventSubscriber/LOADING]: Auto-subscribing vectorwing.farmersdelight.common.item.enchantment.BackstabbingEnchantment$BackstabbingEvent to GAME
[03апр.2025 21:12:30.705] [modloading-worker-0/DEBUG] [net.neoforged.fml.javafmlmod.AutomaticEventSubscriber/LOADING]: Auto-subscribing vectorwing.farmersdelight.common.item.DogFoodItem$DogFoodEvent to GAME
[03апр.2025 21:12:30.706] [modloading-worker-0/DEBUG] [net.neoforged.fml.javafmlmod.AutomaticEventSubscriber/LOADING]: Auto-subscribing vectorwing.farmersdelight.common.event.VillagerEvents to GAME
[03апр.2025 21:12:30.708] [modloading-worker-0/DEBUG] [net.neoforged.fml.javafmlmod.AutomaticEventSubscriber/LOADING]: Auto-subscribing vectorwing.farmersdelight.common.event.CommonModBusEvents to MOD
[03апр.2025 21:12:30.710] [modloading-worker-0/DEBUG] [net.neoforged.fml.javafmlmod.AutomaticEventSubscriber/LOADING]: Auto-subscribing vectorwing.farmersdelight.common.event.CommonEvents to GAME
[03апр.2025 21:12:30.711] [modloading-worker-0/DEBUG] [net.neoforged.fml.javafmlmod.AutomaticEventSubscriber/LOADING]: Auto-subscribing vectorwing.farmersdelight.common.block.entity.CuttingBoardBlockEntity to MOD
[03апр.2025 21:12:30.715] [modloading-worker-0/DEBUG] [io.netty.util.internal.InternalThreadLocalMap/]: -Dio.netty.threadLocalMap.stringBuilder.initialSize: 1024
[03апр.2025 21:12:30.715] [modloading-worker-0/DEBUG] [io.netty.util.internal.InternalThreadLocalMap/]: -Dio.netty.threadLocalMap.stringBuilder.maxSize: 4096
[03апр.2025 21:12:30.719] [modloading-worker-0/DEBUG] [io.netty.buffer.PooledByteBufAllocator/]: -Dio.netty.allocator.numHeapArenas: 24
[03апр.2025 21:12:30.719] [modloading-worker-0/DEBUG] [io.netty.buffer.PooledByteBufAllocator/]: -Dio.netty.allocator.numDirectArenas: 24
[03апр.2025 21:12:30.719] [modloading-worker-0/DEBUG] [io.netty.buffer.PooledByteBufAllocator/]: -Dio.netty.allocator.pageSize: 8192
[03апр.2025 21:12:30.719] [modloading-worker-0/DEBUG] [io.netty.buffer.PooledByteBufAllocator/]: -Dio.netty.allocator.maxOrder: 9
[03апр.2025 21:12:30.719] [modloading-worker-0/DEBUG] [io.netty.buffer.PooledByteBufAllocator/]: -Dio.netty.allocator.chunkSize: 4194304
[03апр.2025 21:12:30.719] [modloading-worker-0/DEBUG] [io.netty.buffer.PooledByteBufAllocator/]: -Dio.netty.allocator.smallCacheSize: 256
[03апр.2025 21:12:30.719] [modloading-worker-0/DEBUG] [io.netty.buffer.PooledByteBufAllocator/]: -Dio.netty.allocator.normalCacheSize: 64
[03апр.2025 21:12:30.719] [modloading-worker-0/DEBUG] [io.netty.buffer.PooledByteBufAllocator/]: -Dio.netty.allocator.maxCachedBufferCapacity: 32768
[03апр.2025 21:12:30.719] [modloading-worker-0/DEBUG] [io.netty.buffer.PooledByteBufAllocator/]: -Dio.netty.allocator.cacheTrimInterval: 8192
[03апр.2025 21:12:30.720] [modloading-worker-0/DEBUG] [io.netty.buffer.PooledByteBufAllocator/]: -Dio.netty.allocator.cacheTrimIntervalMillis: 0
[03апр.2025 21:12:30.720] [modloading-worker-0/DEBUG] [io.netty.buffer.PooledByteBufAllocator/]: -Dio.netty.allocator.useCacheForAllThreads: false
[03апр.2025 21:12:30.720] [modloading-worker-0/DEBUG] [io.netty.buffer.PooledByteBufAllocator/]: -Dio.netty.allocator.maxCachedByteBuffersPerChunk: 1023
[03апр.2025 21:12:30.722] [modloading-worker-0/DEBUG] [net.neoforged.fml.javafmlmod.AutomaticEventSubscriber/LOADING]: Auto-subscribing vectorwing.farmersdelight.common.block.entity.CookingPotBlockEntity to MOD
[03апр.2025 21:12:30.729] [modloading-worker-0/DEBUG] [net.neoforged.fml.javafmlmod.AutomaticEventSubscriber/LOADING]: Auto-subscribing vectorwing.farmersdelight.common.block.CuttingBoardBlock$ToolCarvingEvent to GAME
[03апр.2025 21:12:30.730] [modloading-worker-0/DEBUG] [net.neoforged.fml.javafmlmod.AutomaticEventSubscriber/LOADING]: Auto-subscribing vectorwing.farmersdelight.client.event.TooltipEvents to GAME
[03апр.2025 21:12:30.731] [modloading-worker-0/DEBUG] [io.netty.buffer.ByteBufUtil/]: -Dio.netty.allocator.type: pooled
[03апр.2025 21:12:30.731] [modloading-worker-0/DEBUG] [io.netty.buffer.ByteBufUtil/]: -Dio.netty.threadLocalDirectBufferSize: 0
[03апр.2025 21:12:30.731] [modloading-worker-0/DEBUG] [io.netty.buffer.ByteBufUtil/]: -Dio.netty.maxThreadLocalCharBufferSize: 16384
[03апр.2025 21:12:30.731] [modloading-worker-0/DEBUG] [net.neoforged.fml.javafmlmod.AutomaticEventSubscriber/LOADING]: Auto-subscribing vectorwing.farmersdelight.client.event.ClientSetupEvents to MOD
[03апр.2025 21:12:30.737] [modloading-worker-0/DEBUG] [net.neoforged.fml.javafmlmod.AutomaticEventSubscriber/LOADING]: Auto-subscribing net.neoforged.neoforge.network.NetworkInitialization to MOD
[03апр.2025 21:12:30.738] [modloading-worker-0/DEBUG] [net.neoforged.fml.javafmlmod.AutomaticEventSubscriber/LOADING]: Auto-subscribing net.neoforged.neoforge.network.ConfigurationInitialization to MOD
[03апр.2025 21:12:30.742] [modloading-worker-0/DEBUG] [net.neoforged.fml.javafmlmod.AutomaticEventSubscriber/LOADING]: Auto-subscribing net.neoforged.neoforge.common.MonsterRoomHooks to GAME
[03апр.2025 21:12:30.743] [modloading-worker-0/DEBUG] [net.neoforged.fml.javafmlmod.AutomaticEventSubscriber/LOADING]: Auto-subscribing net.neoforged.neoforge.common.DeferredSpawnEggItem$CommonHandler to MOD
[03апр.2025 21:12:30.744] [modloading-worker-0/DEBUG] [net.neoforged.fml.javafmlmod.AutomaticEventSubscriber/LOADING]: Auto-subscribing net.neoforged.neoforge.common.DeferredSpawnEggItem$ColorRegisterHandler to MOD
[03апр.2025 21:12:30.746] [modloading-worker-0/DEBUG] [net.neoforged.fml.javafmlmod.AutomaticEventSubscriber/LOADING]: Auto-subscribing net.neoforged.neoforge.client.model.data.ModelDataManager to GAME
[03апр.2025 21:12:30.748] [modloading-worker-0/DEBUG] [net.neoforged.fml.javafmlmod.AutomaticEventSubscriber/LOADING]: Auto-subscribing net.neoforged.neoforge.client.ParticleBoundsDebugRenderer to GAME
[03апр.2025 21:12:30.750] [modloading-worker-0/DEBUG] [net.neoforged.fml.javafmlmod.AutomaticEventSubscriber/LOADING]: Auto-subscribing net.neoforged.neoforge.client.ClientHooks$ClientEvents to MOD
[03апр.2025 21:12:30.752] [modloading-worker-0/DEBUG] [net.neoforged.fml.javafmlmod.AutomaticEventSubscriber/LOADING]: Auto-subscribing net.neoforged.neoforge.client.BlockEntityRenderBoundsDebugRenderer to GAME
[03апр.2025 21:12:30.753] [modloading-worker-0/DEBUG] [net.neoforged.fml.javafmlmod.AutomaticEventSubscriber/LOADING]: Auto-subscribing net.neoforged.neoforge.attachment.AttachmentInternals to GAME
[03апр.2025 21:12:30.825] [modloading-worker-0/DEBUG] [net.neoforged.fml.config.ConfigTracker/CONFIG]: Config file nomansland-common.toml for nomansland tracking
[03апр.2025 21:12:30.825] [modloading-worker-0/DEBUG] [net.neoforged.fml.config.ConfigTracker/CONFIG]: Config file nomansland-client.toml for nomansland tracking
[03апр.2025 21:12:30.825] [modloading-worker-0/DEBUG] [net.neoforged.fml.javafmlmod.AutomaticEventSubscriber/LOADING]: Attempting to inject @EventBusSubscriber classes into the eventbus for nomansland
[03апр.2025 21:12:30.825] [modloading-worker-0/DEBUG] [net.neoforged.fml.javafmlmod.AutomaticEventSubscriber/LOADING]: Auto-subscribing com.farcr.nomansland.common.event.PathMakingEvents to GAME
[03апр.2025 21:12:30.826] [modloading-worker-0/DEBUG] [net.neoforged.fml.javafmlmod.AutomaticEventSubscriber/LOADING]: Auto-subscribing com.farcr.nomansland.common.event.MiscellaneousEvents$NeoForgeEvents to GAME
[03апр.2025 21:12:30.827] [modloading-worker-0/DEBUG] [net.neoforged.fml.javafmlmod.AutomaticEventSubscriber/LOADING]: Auto-subscribing com.farcr.nomansland.common.event.MiscellaneousEvents$ModEventBusEvents to MOD
[03апр.2025 21:12:30.828] [modloading-worker-0/DEBUG] [net.neoforged.fml.javafmlmod.AutomaticEventSubscriber/LOADING]: Auto-subscribing com.farcr.nomansland.common.event.BoneMealingEvents to GAME
[03апр.2025 21:12:30.829] [modloading-worker-0/DEBUG] [net.neoforged.fml.javafmlmod.AutomaticEventSubscriber/LOADING]: Auto-subscribing com.farcr.nomansland.client.event.ClientSetupEvents to MOD
[03апр.2025 21:12:30.836] [modloading-worker-0/DEBUG] [net.neoforged.fml.javafmlmod.AutomaticEventSubscriber/LOADING]: Auto-subscribing com.farcr.nomansland.client.event.ClientEvents to GAME
[03апр.2025 21:12:30.836] [modloading-worker-0/DEBUG] [net.neoforged.fml.javafmlmod.AutomaticEventSubscriber/LOADING]: Auto-subscribing com.farcr.nomansland.client.color.ColorHandler to MOD
[03апр.2025 21:12:30.837] [modloading-worker-0/DEBUG] [net.neoforged.fml.javafmlmod.AutomaticEventSubscriber/LOADING]: Auto-subscribing com.farcr.nomansland.client.ambience.FogModifierHandler to GAME
[03апр.2025 21:12:30.839] [modloading-worker-0/DEBUG] [net.neoforged.fml.javafmlmod.AutomaticEventSubscriber/LOADING]: Auto-subscribing com.farcr.nomansland.client.ambience.AmbienceHandler to GAME
[03апр.2025 21:12:30.853] [modloading-worker-0/DEBUG] [net.neoforged.fml.javafmlmod.AutomaticEventSubscriber/LOADING]: Attempting to inject @EventBusSubscriber classes into the eventbus for no_mans_delight
[03апр.2025 21:12:30.853] [modloading-worker-0/DEBUG] [net.neoforged.fml.javafmlmod.AutomaticEventSubscriber/LOADING]: Auto-subscribing com.magafin.no_mans_delight.No_mans_delight$ClientModEvents to MOD
[03апр.2025 21:12:31.360] [modloading-sync-worker/DEBUG] [net.neoforged.fml.config.ConfigTracker/CONFIG]: Loading configs type CLIENT
[03апр.2025 21:12:31.371] [modloading-sync-worker/DEBUG] [net.neoforged.fml.config.ConfigTracker/CONFIG]: Loaded TOML config file C:\Users\admin\Desktop\No-Man-s-Delight\run\config\appleskin-client.toml
[03апр.2025 21:12:31.375] [modloading-sync-worker/DEBUG] [net.neoforged.fml.config.ConfigTracker/CONFIG]: Watching TOML config file C:\Users\admin\Desktop\No-Man-s-Delight\run\config\appleskin-client.toml for changes
[03апр.2025 21:12:31.376] [modloading-sync-worker/DEBUG] [net.neoforged.fml.config.ConfigTracker/CONFIG]: Loaded TOML config file C:\Users\admin\Desktop\No-Man-s-Delight\run\config\farmersdelight-client.toml
[03апр.2025 21:12:31.376] [modloading-sync-worker/DEBUG] [net.neoforged.fml.config.ConfigTracker/CONFIG]: Watching TOML config file C:\Users\admin\Desktop\No-Man-s-Delight\run\config\farmersdelight-client.toml for changes
[03апр.2025 21:12:31.377] [modloading-sync-worker/DEBUG] [net.neoforged.neoforge.common.NeoForgeConfig/FORGEMOD]: Loaded NeoForge config file neoforge-client.toml
[03апр.2025 21:12:31.377] [modloading-sync-worker/DEBUG] [net.neoforged.fml.config.ConfigTracker/CONFIG]: Loaded TOML config file C:\Users\admin\Desktop\No-Man-s-Delight\run\config\neoforge-client.toml
[03апр.2025 21:12:31.378] [modloading-sync-worker/DEBUG] [net.neoforged.fml.config.ConfigTracker/CONFIG]: Watching TOML config file C:\Users\admin\Desktop\No-Man-s-Delight\run\config\neoforge-client.toml for changes
[03апр.2025 21:12:31.379] [modloading-sync-worker/DEBUG] [net.neoforged.fml.config.ConfigTracker/CONFIG]: Loaded TOML config file C:\Users\admin\Desktop\No-Man-s-Delight\run\config\nomansland-client.toml
[03апр.2025 21:12:31.380] [modloading-sync-worker/DEBUG] [net.neoforged.fml.config.ConfigTracker/CONFIG]: Watching TOML config file C:\Users\admin\Desktop\No-Man-s-Delight\run\config\nomansland-client.toml for changes
[03апр.2025 21:12:31.380] [modloading-sync-worker/DEBUG] [net.neoforged.fml.config.ConfigTracker/CONFIG]: Loading configs type COMMON
[03апр.2025 21:12:31.381] [modloading-sync-worker/DEBUG] [net.neoforged.fml.config.ConfigTracker/CONFIG]: Loaded TOML config file C:\Users\admin\Desktop\No-Man-s-Delight\run\config\farmersdelight-common.toml
[03апр.2025 21:12:31.382] [modloading-sync-worker/DEBUG] [net.neoforged.fml.config.ConfigTracker/CONFIG]: Watching TOML config file C:\Users\admin\Desktop\No-Man-s-Delight\run\config\farmersdelight-common.toml for changes
[03апр.2025 21:12:31.382] [modloading-sync-worker/DEBUG] [net.neoforged.neoforge.common.NeoForgeConfig/FORGEMOD]: Loaded NeoForge config file neoforge-common.toml
[03апр.2025 21:12:31.382] [modloading-sync-worker/DEBUG] [net.neoforged.fml.config.ConfigTracker/CONFIG]: Loaded TOML config file C:\Users\admin\Desktop\No-Man-s-Delight\run\config\neoforge-common.toml
[03апр.2025 21:12:31.383] [modloading-sync-worker/DEBUG] [net.neoforged.fml.config.ConfigTracker/CONFIG]: Watching TOML config file C:\Users\admin\Desktop\No-Man-s-Delight\run\config\neoforge-common.toml for changes
[03апр.2025 21:12:31.385] [modloading-sync-worker/DEBUG] [net.neoforged.fml.config.ConfigTracker/CONFIG]: Loaded TOML config file C:\Users\admin\Desktop\No-Man-s-Delight\run\config\nomansland-common.toml
[03апр.2025 21:12:31.385] [modloading-sync-worker/DEBUG] [net.neoforged.fml.config.ConfigTracker/CONFIG]: Watching TOML config file C:\Users\admin\Desktop\No-Man-s-Delight\run\config\nomansland-common.toml for changes
[03апр.2025 21:12:31.520] [Render thread/DEBUG] [mixin/]: Mixing LevelRendererMixin from nomansland.mixins.json into net.minecraft.client.renderer.LevelRenderer
[03апр.2025 21:12:31.576] [Render thread/DEBUG] [mixin/]: Mixing HideBlockBreakProgressMixin from farmersdelight.mixins.json into net.minecraft.client.renderer.block.BlockRenderDispatcher
[03апр.2025 21:12:31.578] [Render thread/DEBUG] [mixin/]: farmersdelight.mixins.json:HideBlockBreakProgressMixin from mod farmersdelight->@Inject::hideBlockDamage(Lnet/minecraft/world/level/block/state/BlockState;Lnet/minecraft/core/BlockPos;Lnet/minecraft/world/level/BlockAndTintGetter;Lcom/mojang/blaze3d/vertex/PoseStack;Lcom/mojang/blaze3d/vertex/VertexConsumer;Lnet/neoforged/neoforge/client/model/data/ModelData;Lorg/spongepowered/asm/mixin/injection/callback/CallbackInfo;)V does use it's CallbackInfo
[03апр.2025 21:12:31.740] [Render thread/INFO] [net.neoforged.neoforge.gametest.GameTestHooks/]: Enabled Gametest Namespaces: [no_mans_delight]
[03апр.2025 21:12:31.780] [Render thread/DEBUG] [mixin/]: Mixing QuadrupedModelMixin from nomansland.mixins.json into net.minecraft.client.model.QuadrupedModel
[03апр.2025 21:12:31.783] [Render thread/DEBUG] [mixin/]: nomansland.mixins.json:QuadrupedModelMixin from mod nomansland->@Inject::nml$init(Lnet/minecraft/client/model/geom/ModelPart;ZFFFFILorg/spongepowered/asm/mixin/injection/callback/CallbackInfo;)V doesn't use it's CallbackInfo
[03апр.2025 21:12:31.783] [Render thread/DEBUG] [mixin/]: nomansland.mixins.json:QuadrupedModelMixin from mod nomansland->@Inject::nml$init(Lnet/minecraft/client/model/geom/ModelPart;ZFFFFILorg/spongepowered/asm/mixin/injection/callback/CallbackInfo;)V has 0 override(s) in child classes
[03апр.2025 21:12:31.783] [Render thread/DEBUG] [mixin/]: nomansland.mixins.json:QuadrupedModelMixin from mod nomansland->@Inject::nml$init(Lnet/minecraft/client/model/geom/ModelPart;ZFFFFILorg/spongepowered/asm/mixin/injection/callback/CallbackInfo;)V won't be passed a CallbackInfo as a result
[03апр.2025 21:12:31.783] [Render thread/DEBUG] [mixin/]: nomansland.mixins.json:QuadrupedModelMixin from mod nomansland->@Inject::nml$setupAnim(Lnet/minecraft/world/entity/Entity;FFFFFLorg/spongepowered/asm/mixin/injection/callback/CallbackInfo;)V doesn't use it's CallbackInfo
[03апр.2025 21:12:31.783] [Render thread/DEBUG] [mixin/]: nomansland.mixins.json:QuadrupedModelMixin from mod nomansland->@Inject::nml$setupAnim(Lnet/minecraft/world/entity/Entity;FFFFFLorg/spongepowered/asm/mixin/injection/callback/CallbackInfo;)V has 0 override(s) in child classes
[03апр.2025 21:12:31.783] [Render thread/DEBUG] [mixin/]: nomansland.mixins.json:QuadrupedModelMixin from mod nomansland->@Inject::nml$setupAnim(Lnet/minecraft/world/entity/Entity;FFFFFLorg/spongepowered/asm/mixin/injection/callback/CallbackInfo;)V won't be passed a CallbackInfo as a result
[03апр.2025 21:12:31.787] [Render thread/DEBUG] [mixin/]: Mixing LivingEntityRendererMixin from nomansland.mixins.json into net.minecraft.client.renderer.entity.LivingEntityRenderer
[03апр.2025 21:12:31.789] [Render thread/DEBUG] [mixin/]: Mixing mob_variants.CamelRendererMixin from nomansland.mixins.json into net.minecraft.client.renderer.entity.CamelRenderer
[03апр.2025 21:12:31.789] [Render thread/DEBUG] [mixin/]: Renaming synthetic method lambda$getVariantTextureLocation$0(Ljava/lang/String;)Ljava/lang/String; to mda92d0d$nomansland$lambda$getVariantTextureLocation$0$0 in nomansland.mixins.json:mob_variants.CamelRendererMixin from mod nomansland
[03апр.2025 21:12:31.791] [Render thread/DEBUG] [mixin/]: nomansland.mixins.json:mob_variants.CamelRendererMixin from mod nomansland->@Inject::getVariantTextureLocation(Lnet/minecraft/world/entity/Entity;Lorg/spongepowered/asm/mixin/injection/callback/CallbackInfoReturnable;)V does use it's CallbackInfoReturnable
[03апр.2025 21:12:31.792] [Render thread/DEBUG] [mixin/]: Mixing mob_variants.LlamaRendererMixin from nomansland.mixins.json into net.minecraft.client.renderer.entity.LlamaRenderer
[03апр.2025 21:12:31.792] [Render thread/DEBUG] [mixin/]: Renaming synthetic method lambda$getVariantTextureLocation$0(Ljava/lang/String;)Ljava/lang/String; to mda92d0d$nomansland$lambda$getVariantTextureLocation$0$0 in nomansland.mixins.json:mob_variants.LlamaRendererMixin from mod nomansland
[03апр.2025 21:12:31.794] [Render thread/DEBUG] [mixin/]: nomansland.mixins.json:mob_variants.LlamaRendererMixin from mod nomansland->@Inject::getVariantTextureLocation(Lnet/minecraft/world/entity/Entity;Lorg/spongepowered/asm/mixin/injection/callback/CallbackInfoReturnable;)V does use it's CallbackInfoReturnable
[03апр.2025 21:12:31.795] [Render thread/DEBUG] [mixin/]: Mixing mob_variants.SquidRendererMixin from nomansland.mixins.json into net.minecraft.client.renderer.entity.SquidRenderer
[03апр.2025 21:12:31.795] [Render thread/DEBUG] [mixin/]: Renaming synthetic method lambda$getVariantTextureLocation$0(Ljava/lang/String;)Ljava/lang/String; to mda92d0d$nomansland$lambda$getVariantTextureLocation$0$0 in nomansland.mixins.json:mob_variants.SquidRendererMixin from mod nomansland
[03апр.2025 21:12:31.797] [Render thread/DEBUG] [mixin/]: nomansland.mixins.json:mob_variants.SquidRendererMixin from mod nomansland->@Inject::getVariantTextureLocation(Lnet/minecraft/world/entity/Entity;Lorg/spongepowered/asm/mixin/injection/callback/CallbackInfoReturnable;)V does use it's CallbackInfoReturnable
[03апр.2025 21:12:31.799] [Render thread/DEBUG] [mixin/]: Mixing mob_variants.GlowSquidRendererMixin from nomansland.mixins.json into net.minecraft.client.renderer.entity.GlowSquidRenderer
[03апр.2025 21:12:31.799] [Render thread/DEBUG] [mixin/]: Renaming synthetic method lambda$getVariantTextureLocation$0(Ljava/lang/String;)Ljava/lang/String; to mda92d0d$nomansland$lambda$getVariantTextureLocation$0$0 in nomansland.mixins.json:mob_variants.GlowSquidRendererMixin from mod nomansland
[03апр.2025 21:12:31.800] [Render thread/DEBUG] [mixin/]: nomansland.mixins.json:mob_variants.GlowSquidRendererMixin from mod nomansland->@Inject::getVariantTextureLocation(Lnet/minecraft/world/entity/GlowSquid;Lorg/spongepowered/asm/mixin/injection/callback/CallbackInfoReturnable;)V does use it's CallbackInfoReturnable
[03апр.2025 21:12:31.803] [Render thread/DEBUG] [mixin/]: Mixing RenderLayerMixin from nomansland.mixins.json into net.minecraft.client.renderer.entity.layers.RenderLayer
[03апр.2025 21:12:31.811] [Render thread/DEBUG] [mixin/]: Mixing mob_variants.BeeRendererMixin from nomansland.mixins.json into net.minecraft.client.renderer.entity.BeeRenderer
[03апр.2025 21:12:31.812] [Render thread/DEBUG] [mixin/]: Renaming synthetic method lambda$getVariantTextureLocation$0(Ljava/lang/String;)Ljava/lang/String; to mda92d0d$nomansland$lambda$getVariantTextureLocation$0$0 in nomansland.mixins.json:mob_variants.BeeRendererMixin from mod nomansland
[03апр.2025 21:12:31.814] [Render thread/DEBUG] [mixin/]: nomansland.mixins.json:mob_variants.BeeRendererMixin from mod nomansland->@Inject::getVariantTextureLocation(Lnet/minecraft/world/entity/animal/Bee;Lorg/spongepowered/asm/mixin/injection/callback/CallbackInfoReturnable;)V does use it's CallbackInfoReturnable
[03апр.2025 21:12:31.814] [Render thread/DEBUG] [mixin/]: nomansland.mixins.json:mob_variants.BeeRendererMixin from mod nomansland->@Inject::getVariantTextureLocation(Lnet/minecraft/world/entity/animal/Bee;Lorg/spongepowered/asm/mixin/injection/callback/CallbackInfoReturnable;)V does use it's CallbackInfoReturnable
[03апр.2025 21:12:31.822] [Render thread/DEBUG] [mixin/]: Mixing mob_variants.ChickenRendererMixin from nomansland.mixins.json into net.minecraft.client.renderer.entity.ChickenRenderer
[03апр.2025 21:12:31.822] [Render thread/DEBUG] [mixin/]: Renaming synthetic method lambda$getVariantTextureLocation$0(Ljava/lang/String;)Ljava/lang/String; to mda92d0d$nomansland$lambda$getVariantTextureLocation$0$0 in nomansland.mixins.json:mob_variants.ChickenRendererMixin from mod nomansland
[03апр.2025 21:12:31.823] [Render thread/DEBUG] [mixin/]: nomansland.mixins.json:mob_variants.ChickenRendererMixin from mod nomansland->@Inject::getVariantTextureLocation(Lnet/minecraft/world/entity/Entity;Lorg/spongepowered/asm/mixin/injection/callback/CallbackInfoReturnable;)V does use it's CallbackInfoReturnable
[03апр.2025 21:12:31.824] [Render thread/DEBUG] [mixin/]: Mixing mob_variants.ChickenModelMixin from nomansland.mixins.json into net.minecraft.client.model.ChickenModel
[03апр.2025 21:12:31.826] [Render thread/DEBUG] [mixin/]: nomansland.mixins.json:mob_variants.ChickenModelMixin from mod nomansland->@Inject::init(Lnet/minecraft/client/model/geom/ModelPart;Lorg/spongepowered/asm/mixin/injection/callback/CallbackInfo;)V doesn't use it's CallbackInfo
[03апр.2025 21:12:31.826] [Render thread/DEBUG] [mixin/]: nomansland.mixins.json:mob_variants.ChickenModelMixin from mod nomansland->@Inject::init(Lnet/minecraft/client/model/geom/ModelPart;Lorg/spongepowered/asm/mixin/injection/callback/CallbackInfo;)V has 0 override(s) in child classes
[03апр.2025 21:12:31.826] [Render thread/DEBUG] [mixin/]: nomansland.mixins.json:mob_variants.ChickenModelMixin from mod nomansland->@Inject::init(Lnet/minecraft/client/model/geom/ModelPart;Lorg/spongepowered/asm/mixin/injection/callback/CallbackInfo;)V won't be passed a CallbackInfo as a result
[03апр.2025 21:12:31.826] [Render thread/DEBUG] [mixin/]: nomansland.mixins.json:mob_variants.ChickenModelMixin from mod nomansland->@Inject::nml$createBodyLayer(Lorg/spongepowered/asm/mixin/injection/callback/CallbackInfoReturnable;)V does use it's CallbackInfoReturnable
[03апр.2025 21:12:31.826] [Render thread/DEBUG] [mixin/]: nomansland.mixins.json:mob_variants.ChickenModelMixin from mod nomansland->@Inject::nml$setupAnim(Lnet/minecraft/world/entity/Entity;FFFFFLorg/spongepowered/asm/mixin/injection/callback/CallbackInfo;)V doesn't use it's CallbackInfo
[03апр.2025 21:12:31.826] [Render thread/DEBUG] [mixin/]: nomansland.mixins.json:mob_variants.ChickenModelMixin from mod nomansland->@Inject::nml$setupAnim(Lnet/minecraft/world/entity/Entity;FFFFFLorg/spongepowered/asm/mixin/injection/callback/CallbackInfo;)V has 0 override(s) in child classes
[03апр.2025 21:12:31.826] [Render thread/DEBUG] [mixin/]: nomansland.mixins.json:mob_variants.ChickenModelMixin from mod nomansland->@Inject::nml$setupAnim(Lnet/minecraft/world/entity/Entity;FFFFFLorg/spongepowered/asm/mixin/injection/callback/CallbackInfo;)V won't be passed a CallbackInfo as a result
[03апр.2025 21:12:31.827] [Render thread/DEBUG] [mixin/]: Mixing mob_variants.CodRendererMixin from nomansland.mixins.json into net.minecraft.client.renderer.entity.CodRenderer
[03апр.2025 21:12:31.827] [Render thread/DEBUG] [mixin/]: Renaming synthetic method lambda$getVariantTextureLocation$0(Ljava/lang/String;)Ljava/lang/String; to mda92d0d$nomansland$lambda$getVariantTextureLocation$0$0 in nomansland.mixins.json:mob_variants.CodRendererMixin from mod nomansland
[03апр.2025 21:12:31.828] [Render thread/DEBUG] [mixin/]: nomansland.mixins.json:mob_variants.CodRendererMixin from mod nomansland->@Inject::getVariantTextureLocation(Lnet/minecraft/world/entity/Entity;Lorg/spongepowered/asm/mixin/injection/callback/CallbackInfoReturnable;)V does use it's CallbackInfoReturnable
[03апр.2025 21:12:31.829] [Render thread/DEBUG] [mixin/]: Mixing mob_variants.CowRendererMixin from nomansland.mixins.json into net.minecraft.client.renderer.entity.CowRenderer
[03апр.2025 21:12:31.829] [Render thread/DEBUG] [mixin/]: Renaming synthetic method lambda$getVariantTextureLocation$0(Ljava/lang/String;)Ljava/lang/String; to mda92d0d$nomansland$lambda$getVariantTextureLocation$0$0 in nomansland.mixins.json:mob_variants.CowRendererMixin from mod nomansland
[03апр.2025 21:12:31.830] [Render thread/DEBUG] [mixin/]: nomansland.mixins.json:mob_variants.CowRendererMixin from mod nomansland->@Inject::getVariantTextureLocation(Lnet/minecraft/world/entity/Entity;Lorg/spongepowered/asm/mixin/injection/callback/CallbackInfoReturnable;)V does use it's CallbackInfoReturnable
[03апр.2025 21:12:31.831] [Render thread/DEBUG] [mixin/]: Mixing mob_variants.CowModelMixin from nomansland.mixins.json into net.minecraft.client.model.CowModel
[03апр.2025 21:12:31.832] [Render thread/DEBUG] [mixin/]: nomansland.mixins.json:mob_variants.CowModelMixin from mod nomansland->@Inject::nml$createBodyLayer(Lorg/spongepowered/asm/mixin/injection/callback/CallbackInfoReturnable;)V does use it's CallbackInfoReturnable
[03апр.2025 21:12:31.833] [Render thread/DEBUG] [mixin/]: Mixing mob_variants.DolphinRendererMixin from nomansland.mixins.json into net.minecraft.client.renderer.entity.DolphinRenderer
[03апр.2025 21:12:31.833] [Render thread/DEBUG] [mixin/]: Renaming synthetic method lambda$getVariantTextureLocation$0(Ljava/lang/String;)Ljava/lang/String; to mda92d0d$nomansland$lambda$getVariantTextureLocation$0$0 in nomansland.mixins.json:mob_variants.DolphinRendererMixin from mod nomansland
[03апр.2025 21:12:31.834] [Render thread/DEBUG] [mixin/]: nomansland.mixins.json:mob_variants.DolphinRendererMixin from mod nomansland->@Inject::getVariantTextureLocation(Lnet/minecraft/world/entity/Entity;Lorg/spongepowered/asm/mixin/injection/callback/CallbackInfoReturnable;)V does use it's CallbackInfoReturnable
[03апр.2025 21:12:31.838] [Render thread/DEBUG] [mixin/]: Mixing mob_variants.DrownedRendererMixin from nomansland.mixins.json into net.minecraft.client.renderer.entity.DrownedRenderer
[03апр.2025 21:12:31.838] [Render thread/DEBUG] [mixin/]: Renaming synthetic method lambda$getVariantTextureLocation$0(Ljava/lang/String;)Ljava/lang/String; to mda92d0d$nomansland$lambda$getVariantTextureLocation$0$0 in nomansland.mixins.json:mob_variants.DrownedRendererMixin from mod nomansland
[03апр.2025 21:12:31.839] [Render thread/DEBUG] [mixin/]: nomansland.mixins.json:mob_variants.DrownedRendererMixin from mod nomansland->@Inject::getVariantTextureLocation(Lnet/minecraft/world/entity/monster/Zombie;Lorg/spongepowered/asm/mixin/injection/callback/CallbackInfoReturnable;)V does use it's CallbackInfoReturnable
[03апр.2025 21:12:31.840] [Render thread/DEBUG] [mixin/]: Mixing mob_variants.ZombieRendererMixin from nomansland.mixins.json into net.minecraft.client.renderer.entity.AbstractZombieRenderer
[03апр.2025 21:12:31.840] [Render thread/DEBUG] [mixin/]: Renaming synthetic method lambda$getTextureLocationFromVariant$0(Ljava/lang/String;)Ljava/lang/String; to mda92d0d$nomansland$lambda$getTextureLocationFromVariant$0$0 in nomansland.mixins.json:mob_variants.ZombieRendererMixin from mod nomansland
[03апр.2025 21:12:31.841] [Render thread/DEBUG] [mixin/]: nomansland.mixins.json:mob_variants.ZombieRendererMixin from mod nomansland->@Inject::getTextureLocationFromVariant(Lnet/minecraft/world/entity/monster/Zombie;Lorg/spongepowered/asm/mixin/injection/callback/CallbackInfoReturnable;)V does use it's CallbackInfoReturnable
[03апр.2025 21:12:31.842] [Render thread/DEBUG] [mixin/]: Mixing mob_variants.DrownedOuterLayerMixin from nomansland.mixins.json into net.minecraft.client.renderer.entity.layers.DrownedOuterLayer
[03апр.2025 21:12:31.842] [Render thread/DEBUG] [mixin/]: Renaming synthetic method lambda$nml$render$0(Ljava/lang/String;)Ljava/lang/String; to mda92d0d$nomansland$lambda$nml$render$0$0 in nomansland.mixins.json:mob_variants.DrownedOuterLayerMixin from mod nomansland
[03апр.2025 21:12:31.858] [Render thread/DEBUG] [mixin/]: nomansland.mixins.json:mob_variants.DrownedOuterLayerMixin from mod nomansland->@Inject::nml$render(Lcom/mojang/blaze3d/vertex/PoseStack;Lnet/minecraft/client/renderer/MultiBufferSource;ILnet/minecraft/world/entity/monster/Drowned;FFFFFFLorg/spongepowered/asm/mixin/injection/callback/CallbackInfo;)V does use it's CallbackInfo
[03апр.2025 21:12:31.873] [Render thread/DEBUG] [mixin/]: Mixing mob_variants.FoxRendererMixin from nomansland.mixins.json into net.minecraft.client.renderer.entity.FoxRenderer
[03апр.2025 21:12:31.873] [Render thread/DEBUG] [mixin/]: Renaming synthetic method lambda$getVariantTextureLocation$0(Ljava/lang/String;)Ljava/lang/String; to mda92d0d$nomansland$lambda$getVariantTextureLocation$0$0 in nomansland.mixins.json:mob_variants.FoxRendererMixin from mod nomansland
[03апр.2025 21:12:31.874] [Render thread/DEBUG] [mixin/]: nomansland.mixins.json:mob_variants.FoxRendererMixin from mod nomansland->@Inject::getVariantTextureLocation(Lnet/minecraft/world/entity/Entity;Lorg/spongepowered/asm/mixin/injection/callback/CallbackInfoReturnable;)V does use it's CallbackInfoReturnable
[03апр.2025 21:12:31.880] [Render thread/DEBUG] [mixin/]: Mixing mob_variants.GoatRendererMixin from nomansland.mixins.json into net.minecraft.client.renderer.entity.GoatRenderer
[03апр.2025 21:12:31.880] [Render thread/DEBUG] [mixin/]: Renaming synthetic method lambda$getVariantTextureLocation$0(Ljava/lang/String;)Ljava/lang/String; to mda92d0d$nomansland$lambda$getVariantTextureLocation$0$0 in nomansland.mixins.json:mob_variants.GoatRendererMixin from mod nomansland
[03апр.2025 21:12:31.881] [Render thread/DEBUG] [mixin/]: nomansland.mixins.json:mob_variants.GoatRendererMixin from mod nomansland->@Inject::getVariantTextureLocation(Lnet/minecraft/world/entity/Entity;Lorg/spongepowered/asm/mixin/injection/callback/CallbackInfoReturnable;)V does use it's CallbackInfoReturnable
[03апр.2025 21:12:31.885] [Render thread/DEBUG] [mixin/]: Mixing mob_variants.HuskRendererMixin from nomansland.mixins.json into net.minecraft.client.renderer.entity.HuskRenderer
[03апр.2025 21:12:31.885] [Render thread/DEBUG] [mixin/]: Renaming synthetic method lambda$getVariantTextureLocation$0(Ljava/lang/String;)Ljava/lang/String; to mda92d0d$nomansland$lambda$getVariantTextureLocation$0$0 in nomansland.mixins.json:mob_variants.HuskRendererMixin from mod nomansland
[03апр.2025 21:12:31.886] [Render thread/DEBUG] [mixin/]: nomansland.mixins.json:mob_variants.HuskRendererMixin from mod nomansland->@Inject::getVariantTextureLocation(Lnet/minecraft/world/entity/monster/Zombie;Lorg/spongepowered/asm/mixin/injection/callback/CallbackInfoReturnable;)V does use it's CallbackInfoReturnable
[03апр.2025 21:12:31.892] [Render thread/DEBUG] [mixin/]: Mixing mob_variants.MushroomCowRendererMixin from nomansland.mixins.json into net.minecraft.client.renderer.entity.MushroomCowRenderer
[03апр.2025 21:12:31.892] [Render thread/DEBUG] [mixin/]: Renaming synthetic method lambda$getVariantTextureLocation$0(Ljava/lang/String;)Ljava/lang/String; to mda92d0d$nomansland$lambda$getVariantTextureLocation$0$0 in nomansland.mixins.json:mob_variants.MushroomCowRendererMixin from mod nomansland
[03апр.2025 21:12:31.894] [Render thread/DEBUG] [mixin/]: nomansland.mixins.json:mob_variants.MushroomCowRendererMixin from mod nomansland->@Inject::getVariantTextureLocation(Lnet/minecraft/world/entity/Entity;Lorg/spongepowered/asm/mixin/injection/callback/CallbackInfoReturnable;)V does use it's CallbackInfoReturnable
[03апр.2025 21:12:31.896] [Render thread/DEBUG] [mixin/]: Mixing mob_variants.MushroomCowMushroomLayerMixin from nomansland.mixins.json into net.minecraft.client.renderer.entity.layers.MushroomCowMushroomLayer
[03апр.2025 21:12:31.899] [Render thread/DEBUG] [mixin/]: nomansland.mixins.json:mob_variants.MushroomCowMushroomLayerMixin from mod nomansland->@Inject::nml$render(Lcom/mojang/blaze3d/vertex/PoseStack;Lnet/minecraft/client/renderer/MultiBufferSource;ILnet/minecraft/world/entity/animal/MushroomCow;FFFFFFLorg/spongepowered/asm/mixin/injection/callback/CallbackInfo;)V does use it's CallbackInfo
[03апр.2025 21:12:31.904] [Render thread/DEBUG] [mixin/]: Mixing mob_variants.PigRendererMixin from nomansland.mixins.json into net.minecraft.client.renderer.entity.PigRenderer
[03апр.2025 21:12:31.904] [Render thread/DEBUG] [mixin/]: Renaming synthetic method lambda$getVariantTextureLocation$0(Ljava/lang/String;)Ljava/lang/String; to mda92d0d$nomansland$lambda$getVariantTextureLocation$0$0 in nomansland.mixins.json:mob_variants.PigRendererMixin from mod nomansland
[03апр.2025 21:12:31.906] [Render thread/DEBUG] [mixin/]: nomansland.mixins.json:mob_variants.PigRendererMixin from mod nomansland->@Inject::init(Lnet/minecraft/client/renderer/entity/EntityRendererProvider$Context;Lorg/spongepowered/asm/mixin/injection/callback/CallbackInfo;)V doesn't use it's CallbackInfo
[03апр.2025 21:12:31.906] [Render thread/DEBUG] [mixin/]: nomansland.mixins.json:mob_variants.PigRendererMixin from mod nomansland->@Inject::init(Lnet/minecraft/client/renderer/entity/EntityRendererProvider$Context;Lorg/spongepowered/asm/mixin/injection/callback/CallbackInfo;)V has 0 override(s) in child classes
[03апр.2025 21:12:31.906] [Render thread/DEBUG] [mixin/]: nomansland.mixins.json:mob_variants.PigRendererMixin from mod nomansland->@Inject::init(Lnet/minecraft/client/renderer/entity/EntityRendererProvider$Context;Lorg/spongepowered/asm/mixin/injection/callback/CallbackInfo;)V won't be passed a CallbackInfo as a result
[03апр.2025 21:12:31.906] [Render thread/DEBUG] [mixin/]: nomansland.mixins.json:mob_variants.PigRendererMixin from mod nomansland->@Inject::getVariantTextureLocation(Lnet/minecraft/world/entity/Entity;Lorg/spongepowered/asm/mixin/injection/callback/CallbackInfoReturnable;)V does use it's CallbackInfoReturnable
[03апр.2025 21:12:31.907] [Render thread/DEBUG] [mixin/]: Mixing mob_variants.PigModelMixin from nomansland.mixins.json into net.minecraft.client.model.PigModel
[03апр.2025 21:12:31.907] [Render thread/DEBUG] [mixin/]: nomansland.mixins.json:mob_variants.PigModelMixin from mod nomansland->@Inject::nml$createBodyLayer(Lnet/minecraft/client/model/geom/builders/CubeDeformation;Lorg/spongepowered/asm/mixin/injection/callback/CallbackInfoReturnable;)V does use it's CallbackInfoReturnable
[03апр.2025 21:12:31.908] [Render thread/DEBUG] [mixin/]: Mixing mob_variants.SaddleLayerMixin from nomansland.mixins.json into net.minecraft.client.renderer.entity.layers.SaddleLayer
[03апр.2025 21:12:31.909] [Render thread/DEBUG] [mixin/]: nomansland.mixins.json:mob_variants.SaddleLayerMixin from mod nomansland->@Inject::nml$render(Lcom/mojang/blaze3d/vertex/PoseStack;Lnet/minecraft/client/renderer/MultiBufferSource;ILnet/minecraft/world/entity/Entity;FFFFFFLorg/spongepowered/asm/mixin/injection/callback/CallbackInfo;)V does use it's CallbackInfo
[03апр.2025 21:12:31.913] [Render thread/DEBUG] [mixin/]: Mixing mob_variants.RabbitRendererMixin from nomansland.mixins.json into net.minecraft.client.renderer.entity.RabbitRenderer
[03апр.2025 21:12:31.913] [Render thread/DEBUG] [mixin/]: Renaming synthetic method lambda$getVariantTextureLocation$0(Ljava/lang/String;)Ljava/lang/String; to mda92d0d$nomansland$lambda$getVariantTextureLocation$0$0 in nomansland.mixins.json:mob_variants.RabbitRendererMixin from mod nomansland
[03апр.2025 21:12:31.914] [Render thread/DEBUG] [mixin/]: nomansland.mixins.json:mob_variants.RabbitRendererMixin from mod nomansland->@Inject::getVariantTextureLocation(Lnet/minecraft/world/entity/Entity;Lorg/spongepowered/asm/mixin/injection/callback/CallbackInfoReturnable;)V does use it's CallbackInfoReturnable
[03апр.2025 21:12:31.916] [Render thread/DEBUG] [mixin/]: Mixing mob_variants.RabbitModelMixin from nomansland.mixins.json into net.minecraft.client.model.RabbitModel
[03апр.2025 21:12:31.917] [Render thread/DEBUG] [mixin/]: nomansland.mixins.json:mob_variants.RabbitModelMixin from mod nomansland->@Inject::init(Lnet/minecraft/client/model/geom/ModelPart;Lorg/spongepowered/asm/mixin/injection/callback/CallbackInfo;)V doesn't use it's CallbackInfo
[03апр.2025 21:12:31.917] [Render thread/DEBUG] [mixin/]: nomansland.mixins.json:mob_variants.RabbitModelMixin from mod nomansland->@Inject::init(Lnet/minecraft/client/model/geom/ModelPart;Lorg/spongepowered/asm/mixin/injection/callback/CallbackInfo;)V has 0 override(s) in child classes
[03апр.2025 21:12:31.917] [Render thread/DEBUG] [mixin/]: nomansland.mixins.json:mob_variants.RabbitModelMixin from mod nomansland->@Inject::init(Lnet/minecraft/client/model/geom/ModelPart;Lorg/spongepowered/asm/mixin/injection/callback/CallbackInfo;)V won't be passed a CallbackInfo as a result
[03апр.2025 21:12:31.917] [Render thread/DEBUG] [mixin/]: nomansland.mixins.json:mob_variants.RabbitModelMixin from mod nomansland->@Inject::nml$createBodyLayer(Lorg/spongepowered/asm/mixin/injection/callback/CallbackInfoReturnable;)V does use it's CallbackInfoReturnable
[03апр.2025 21:12:31.917] [Render thread/DEBUG] [mixin/]: nomansland.mixins.json:mob_variants.RabbitModelMixin from mod nomansland->@Inject::nml$setupAnim(Lnet/minecraft/world/entity/animal/Rabbit;FFFFFLorg/spongepowered/asm/mixin/injection/callback/CallbackInfo;)V doesn't use it's CallbackInfo
[03апр.2025 21:12:31.918] [Render thread/DEBUG] [mixin/]: nomansland.mixins.json:mob_variants.RabbitModelMixin from mod nomansland->@Inject::nml$setupAnim(Lnet/minecraft/world/entity/animal/Rabbit;FFFFFLorg/spongepowered/asm/mixin/injection/callback/CallbackInfo;)V has 0 override(s) in child classes
[03апр.2025 21:12:31.918] [Render thread/DEBUG] [mixin/]: nomansland.mixins.json:mob_variants.RabbitModelMixin from mod nomansland->@Inject::nml$setupAnim(Lnet/minecraft/world/entity/animal/Rabbit;FFFFFLorg/spongepowered/asm/mixin/injection/callback/CallbackInfo;)V won't be passed a CallbackInfo as a result
[03апр.2025 21:12:31.919] [Render thread/DEBUG] [mixin/]: Mixing mob_variants.SalmonRendererMixin from nomansland.mixins.json into net.minecraft.client.renderer.entity.SalmonRenderer
[03апр.2025 21:12:31.919] [Render thread/DEBUG] [mixin/]: Renaming synthetic method lambda$getVariantTextureLocation$0(Ljava/lang/String;)Ljava/lang/String; to mda92d0d$nomansland$lambda$getVariantTextureLocation$0$0 in nomansland.mixins.json:mob_variants.SalmonRendererMixin from mod nomansland
[03апр.2025 21:12:31.921] [Render thread/DEBUG] [mixin/]: nomansland.mixins.json:mob_variants.SalmonRendererMixin from mod nomansland->@Inject::getVariantTextureLocation(Lnet/minecraft/world/entity/Entity;Lorg/spongepowered/asm/mixin/injection/callback/CallbackInfoReturnable;)V does use it's CallbackInfoReturnable
[03апр.2025 21:12:31.922] [Render thread/DEBUG] [mixin/]: Mixing mob_variants.SheepRendererMixin from nomansland.mixins.json into net.minecraft.client.renderer.entity.SheepRenderer
[03апр.2025 21:12:31.922] [Render thread/DEBUG] [mixin/]: Renaming synthetic method lambda$getVariantTextureLocation$0(Ljava/lang/String;)Ljava/lang/String; to mda92d0d$nomansland$lambda$getVariantTextureLocation$0$0 in nomansland.mixins.json:mob_variants.SheepRendererMixin from mod nomansland
[03апр.2025 21:12:31.923] [Render thread/DEBUG] [mixin/]: nomansland.mixins.json:mob_variants.SheepRendererMixin from mod nomansland->@Inject::getVariantTextureLocation(Lnet/minecraft/world/entity/Entity;Lorg/spongepowered/asm/mixin/injection/callback/CallbackInfoReturnable;)V does use it's CallbackInfoReturnable
[03апр.2025 21:12:31.924] [Render thread/DEBUG] [mixin/]: Mixing mob_variants.SheepModelMixin from nomansland.mixins.json into net.minecraft.client.model.SheepModel
[03апр.2025 21:12:31.926] [Render thread/DEBUG] [mixin/]: nomansland.mixins.json:mob_variants.SheepModelMixin from mod nomansland->@Inject::nml$createBodyLayer(Lorg/spongepowered/asm/mixin/injection/callback/CallbackInfoReturnable;)V does use it's CallbackInfoReturnable
[03апр.2025 21:12:31.926] [Render thread/DEBUG] [mixin/]: nomansland.mixins.json:mob_variants.SheepModelMixin from mod nomansland->@Inject::nml$setupAnim(Lnet/minecraft/world/entity/animal/Sheep;FFFFFLorg/spongepowered/asm/mixin/injection/callback/CallbackInfo;)V doesn't use it's CallbackInfo
[03апр.2025 21:12:31.926] [Render thread/DEBUG] [mixin/]: nomansland.mixins.json:mob_variants.SheepModelMixin from mod nomansland->@Inject::nml$setupAnim(Lnet/minecraft/world/entity/animal/Sheep;FFFFFLorg/spongepowered/asm/mixin/injection/callback/CallbackInfo;)V has 0 override(s) in child classes
[03апр.2025 21:12:31.926] [Render thread/DEBUG] [mixin/]: nomansland.mixins.json:mob_variants.SheepModelMixin from mod nomansland->@Inject::nml$setupAnim(Lnet/minecraft/world/entity/animal/Sheep;FFFFFLorg/spongepowered/asm/mixin/injection/callback/CallbackInfo;)V won't be passed a CallbackInfo as a result
[03апр.2025 21:12:31.927] [Render thread/DEBUG] [mixin/]: nomansland.mixins.json:mob_variants.SheepModelMixin from mod nomansland->@Inject::nml$prepareMobModel(Lnet/minecraft/world/entity/animal/Sheep;FFFLorg/spongepowered/asm/mixin/injection/callback/CallbackInfo;)V does use it's CallbackInfo
[03апр.2025 21:12:31.927] [Render thread/DEBUG] [mixin/]: Mixing mob_variants.SheepFurLayerMixin from nomansland.mixins.json into net.minecraft.client.renderer.entity.layers.SheepFurLayer
[03апр.2025 21:12:31.928] [Render thread/DEBUG] [mixin/]: Renaming synthetic method lambda$nml$render$0(Ljava/lang/String;)Ljava/lang/String; to mda92d0d$nomansland$lambda$nml$render$0$0 in nomansland.mixins.json:mob_variants.SheepFurLayerMixin from mod nomansland
[03апр.2025 21:12:31.932] [Render thread/DEBUG] [mixin/]: nomansland.mixins.json:mob_variants.SheepFurLayerMixin from mod nomansland->@Inject::init(Lnet/minecraft/client/renderer/entity/RenderLayerParent;Lnet/minecraft/client/model/geom/EntityModelSet;Lorg/spongepowered/asm/mixin/injection/callback/CallbackInfo;)V doesn't use it's CallbackInfo
[03апр.2025 21:12:31.932] [Render thread/DEBUG] [mixin/]: nomansland.mixins.json:mob_variants.SheepFurLayerMixin from mod nomansland->@Inject::init(Lnet/minecraft/client/renderer/entity/RenderLayerParent;Lnet/minecraft/client/model/geom/EntityModelSet;Lorg/spongepowered/asm/mixin/injection/callback/CallbackInfo;)V has 0 override(s) in child classes
[03апр.2025 21:12:31.932] [Render thread/DEBUG] [mixin/]: nomansland.mixins.json:mob_variants.SheepFurLayerMixin from mod nomansland->@Inject::init(Lnet/minecraft/client/renderer/entity/RenderLayerParent;Lnet/minecraft/client/model/geom/EntityModelSet;Lorg/spongepowered/asm/mixin/injection/callback/CallbackInfo;)V won't be passed a CallbackInfo as a result
[03апр.2025 21:12:31.932] [Render thread/DEBUG] [mixin/]: nomansland.mixins.json:mob_variants.SheepFurLayerMixin from mod nomansland->@Inject::nml$render(Lcom/mojang/blaze3d/vertex/PoseStack;Lnet/minecraft/client/renderer/MultiBufferSource;ILnet/minecraft/world/entity/animal/Sheep;FFFFFFLorg/spongepowered/asm/mixin/injection/callback/CallbackInfo;)V does use it's CallbackInfo
[03апр.2025 21:12:31.944] [Render thread/DEBUG] [mixin/]: Mixing mob_variants.TurtleRendererMixin from nomansland.mixins.json into net.minecraft.client.renderer.entity.TurtleRenderer
[03апр.2025 21:12:31.944] [Render thread/DEBUG] [mixin/]: Renaming synthetic method lambda$getVariantTextureLocation$0(Ljava/lang/String;)Ljava/lang/String; to mda92d0d$nomansland$lambda$getVariantTextureLocation$0$0 in nomansland.mixins.json:mob_variants.TurtleRendererMixin from mod nomansland
[03апр.2025 21:12:31.946] [Render thread/DEBUG] [mixin/]: nomansland.mixins.json:mob_variants.TurtleRendererMixin from mod nomansland->@Inject::getVariantTextureLocation(Lnet/minecraft/world/entity/Entity;Lorg/spongepowered/asm/mixin/injection/callback/CallbackInfoReturnable;)V does use it's CallbackInfoReturnable
[03апр.2025 21:12:32.089] [Render thread/INFO] [net.minecraft.server.packs.resources.ReloadableResourceManager/]: Reloading ResourceManager: vanilla, mod_resources, mod/farmersdelight, mod/biolith, mod/appleskin, mod/neoforge, mod/nomansland, mod/no_mans_delight, mod/jei
[03апр.2025 21:12:32.189] [NeoForge Version Check/INFO] [net.neoforged.fml.VersionChecker/]: [no_mans_delight] Starting version check at https://github.com/Magafin/No-Man-s-Delight
[03апр.2025 21:12:32.192] [Render thread/DEBUG] [net.neoforged.fml.DeferredWorkQueue/LOADING]: Dispatching synchronous work for work queue Common setup: 3 jobs
[03апр.2025 21:12:32.206] [Render thread/DEBUG] [net.neoforged.fml.DeferredWorkQueue/LOADING]: Synchronous work queue completed in 13.54 ms
[03апр.2025 21:12:32.211] [Worker-Main-4/INFO] [net.minecraft.client.gui.font.providers.UnihexProvider/]: Found unifont_all_no_pua-15.1.05.hex, loading
[03апр.2025 21:12:32.335] [Render thread/DEBUG] [net.neoforged.fml.DeferredWorkQueue/LOADING]: Dispatching synchronous work for work queue Sided setup: 1 jobs
[03апр.2025 21:12:32.354] [Render thread/DEBUG] [net.neoforged.fml.DeferredWorkQueue/LOADING]: Synchronous work queue completed in 19.39 ms
[03апр.2025 21:12:32.424] [Worker-Main-3/INFO] [net.minecraft.client.gui.font.providers.UnihexProvider/]: Found unifont_jp_patch-15.1.05.hex, loading
[03апр.2025 21:12:33.148] [NeoForge Version Check/DEBUG] [net.neoforged.fml.VersionChecker/]: [no_mans_delight] Received version check data:







<!DOCTYPE html>
<html
  lang="en"
  
  data-color-mode="auto" data-light-theme="light" data-dark-theme="dark"
  data-a11y-animated-images="system" data-a11y-link-underlines="true"
  
  >



  <head>
    <meta charset="utf-8">
  <link rel="dns-prefetch" href="https://github.githubassets.com">
  <link rel="dns-prefetch" href="https://avatars.githubusercontent.com">
  <link rel="dns-prefetch" href="https://github-cloud.s3.amazonaws.com">
  <link rel="dns-prefetch" href="https://user-images.githubusercontent.com/">
  <link rel="preconnect" href="https://github.githubassets.com" crossorigin>
  <link rel="preconnect" href="https://avatars.githubusercontent.com">

  

  <link crossorigin="anonymous" media="all" rel="stylesheet" href="https://github.githubassets.com/assets/light-74231a1f3bbb.css" /><link crossorigin="anonymous" media="all" rel="stylesheet" href="https://github.githubassets.com/assets/dark-8a995f0bacd4.css" /><link data-color-theme="dark_dimmed" crossorigin="anonymous" media="all" rel="stylesheet" data-href="https://github.githubassets.com/assets/dark_dimmed-f37fb7684b1f.css" /><link data-color-theme="dark_high_contrast" crossorigin="anonymous" media="all" rel="stylesheet" data-href="https://github.githubassets.com/assets/dark_high_contrast-9ac301c3ebe5.css" /><link data-color-theme="dark_colorblind" crossorigin="anonymous" media="all" rel="stylesheet" data-href="https://github.githubassets.com/assets/dark_colorblind-cd826e8636dc.css" /><link data-color-theme="light_colorblind" crossorigin="anonymous" media="all" rel="stylesheet" data-href="https://github.githubassets.com/assets/light_colorblind-f91b0f603451.css" /><link data-color-theme="light_high_contrast" crossorigin="anonymous" media="all" rel="stylesheet" data-href="https://github.githubassets.com/assets/light_high_contrast-83beb16e0ecf.css" /><link data-color-theme="light_tritanopia" crossorigin="anonymous" media="all" rel="stylesheet" data-href="https://github.githubassets.com/assets/light_tritanopia-6e122dab64fc.css" /><link data-color-theme="dark_tritanopia" crossorigin="anonymous" media="all" rel="stylesheet" data-href="https://github.githubassets.com/assets/dark_tritanopia-18119e682df0.css" />

    <link crossorigin="anonymous" media="all" rel="stylesheet" href="https://github.githubassets.com/assets/primer-primitives-225433424a87.css" />
    <link crossorigin="anonymous" media="all" rel="stylesheet" href="https://github.githubassets.com/assets/primer-cba26849680f.css" />
    <link crossorigin="anonymous" media="all" rel="stylesheet" href="https://github.githubassets.com/assets/global-03f97e65e478.css" />
    <link crossorigin="anonymous" media="all" rel="stylesheet" href="https://github.githubassets.com/assets/github-ea73c9cb5377.css" />
  <link crossorigin="anonymous" media="all" rel="stylesheet" href="https://github.githubassets.com/assets/repository-4fce88777fa8.css" />
<link crossorigin="anonymous" media="all" rel="stylesheet" href="https://github.githubassets.com/assets/code-0210be90f4d3.css" />

  


  <script type="application/json" id="client-env">{"locale":"en","featureFlags":["copilot_immersive_issue_preview","copilot_new_references_ui","copilot_chat_repo_custom_instructions_preview","copilot_no_floating_button","copilot_topics_as_references","copilot_read_shared_conversation","copilot_duplicate_thread","dotcom_chat_client_side_skills","experimentation_azure_variant_endpoint","failbot_handle_non_errors","geojson_azure_maps","ghost_pilot_confidence_truncation_25","ghost_pilot_confidence_truncation_40","github_models_gateway_parse_params","github_models_o3_mini_streaming","insert_before_patch","issues_react_remove_placeholders","issues_react_blur_item_picker_on_close","issues_advanced_search_nested_ownership_filters","issues_dashboard_no_redirects","marketing_pages_search_explore_provider","primer_react_css_modules_ga","react_data_router_pull_requests","react_override_default_key","remove_child_patch","sample_network_conn_type","swp_enterprise_contact_form","site_proxima_australia_update","viewscreen_sandbox","issues_react_create_milestone","issues_react_cache_fix_workaround","lifecycle_label_name_updates","copilot_task_oriented_assistive_prompts","issue_types_prevent_private_type_creation","refresh_image_video_src","react_router_dispose_on_disconnect","codespaces_prebuild_region_target_update","turbo_app_id_restore","copilot_code_review_sign_up_closed"]}</script>
<script crossorigin="anonymous" defer="defer" type="application/javascript" src="https://github.githubassets.com/assets/wp-runtime-8dd3afc98b84.js"></script>
<script crossorigin="anonymous" defer="defer" type="application/javascript" src="https://github.githubassets.com/assets/vendors-node_modules_oddbird_popover-polyfill_dist_popover_js-9da652f58479.js"></script>
<script crossorigin="anonymous" defer="defer" type="application/javascript" src="https://github.githubassets.com/assets/vendors-node_modules_github_arianotify-polyfill_ariaNotify-polyfill_js-node_modules_github_mi-3abb8f-46b9f4874d95.js"></script>
<script crossorigin="anonymous" defer="defer" type="application/javascript" src="https://github.githubassets.com/assets/ui_packages_failbot_failbot_ts-952d624642a1.js"></script>
<script crossorigin="anonymous" defer="defer" type="application/javascript" src="https://github.githubassets.com/assets/environment-f04cb2a9fc8c.js"></script>
<script crossorigin="anonymous" defer="defer" type="application/javascript" src="https://github.githubassets.com/assets/vendors-node_modules_primer_behaviors_dist_esm_index_mjs-0dbb79f97f8f.js"></script>
<script crossorigin="anonymous" defer="defer" type="application/javascript" src="https://github.githubassets.com/assets/vendors-node_modules_github_selector-observer_dist_index_esm_js-f690fd9ae3d5.js"></script>
<script crossorigin="anonymous" defer="defer" type="application/javascript" src="https://github.githubassets.com/assets/vendors-node_modules_github_relative-time-element_dist_index_js-62d275b7ddd9.js"></script>
<script crossorigin="anonymous" defer="defer" type="application/javascript" src="https://github.githubassets.com/assets/vendors-node_modules_github_text-expander-element_dist_index_js-78748950cb0c.js"></script>
<script crossorigin="anonymous" defer="defer" type="application/javascript" src="https://github.githubassets.com/assets/vendors-node_modules_github_auto-complete-element_dist_index_js-node_modules_github_catalyst_-8e9f78-a90ac05d2469.js"></script>
<script crossorigin="anonymous" defer="defer" type="application/javascript" src="https://github.githubassets.com/assets/vendors-node_modules_github_filter-input-element_dist_index_js-node_modules_github_remote-inp-b5f1d7-a1760ffda83d.js"></script>
<script crossorigin="anonymous" defer="defer" type="application/javascript" src="https://github.githubassets.com/assets/vendors-node_modules_github_markdown-toolbar-element_dist_index_js-ceef33f593fa.js"></script>
<script crossorigin="anonymous" defer="defer" type="application/javascript" src="https://github.githubassets.com/assets/vendors-node_modules_github_file-attachment-element_dist_index_js-node_modules_primer_view-co-c44a69-efa32db3a345.js"></script>
<script crossorigin="anonymous" defer="defer" type="application/javascript" src="https://github.githubassets.com/assets/github-elements-394f8eb34f19.js"></script>
<script crossorigin="anonymous" defer="defer" type="application/javascript" src="https://github.githubassets.com/assets/element-registry-fdc7225e42cc.js"></script>
<script crossorigin="anonymous" defer="defer" type="application/javascript" src="https://github.githubassets.com/assets/vendors-node_modules_braintree_browser-detection_dist_browser-detection_js-node_modules_githu-2906d7-2a07a295af40.js"></script>
<script crossorigin="anonymous" defer="defer" type="application/javascript" src="https://github.githubassets.com/assets/vendors-node_modules_lit-html_lit-html_js-be8cb88f481b.js"></script>
<script crossorigin="anonymous" defer="defer" type="application/javascript" src="https://github.githubassets.com/assets/vendors-node_modules_github_mini-throttle_dist_index_js-node_modules_morphdom_dist_morphdom-e-7c534c-a4a1922eb55f.js"></script>
<script crossorigin="anonymous" defer="defer" type="application/javascript" src="https://github.githubassets.com/assets/vendors-node_modules_github_turbo_dist_turbo_es2017-esm_js-a03ee12d659a.js"></script>
<script crossorigin="anonymous" defer="defer" type="application/javascript" src="https://github.githubassets.com/assets/vendors-node_modules_github_remote-form_dist_index_js-node_modules_delegated-events_dist_inde-893f9f-b6294cf703b7.js"></script>
<script crossorigin="anonymous" defer="defer" type="application/javascript" src="https://github.githubassets.com/assets/vendors-node_modules_color-convert_index_js-e3180fe3bcb3.js"></script>
<script crossorigin="anonymous" defer="defer" type="application/javascript" src="https://github.githubassets.com/assets/vendors-node_modules_github_quote-selection_dist_index_js-node_modules_github_session-resume_-947061-e7a6c4a19f98.js"></script>
<script crossorigin="anonymous" defer="defer" type="application/javascript" src="https://github.githubassets.com/assets/ui_packages_updatable-content_updatable-content_ts-62f3e9c52ece.js"></script>
<script crossorigin="anonymous" defer="defer" type="application/javascript" src="https://github.githubassets.com/assets/app_assets_modules_github_behaviors_task-list_ts-app_assets_modules_github_sso_ts-ui_packages-900dde-768abe60b1f8.js"></script>
<script crossorigin="anonymous" defer="defer" type="application/javascript" src="https://github.githubassets.com/assets/app_assets_modules_github_sticky-scroll-into-view_ts-3e000c5d31a9.js"></script>
<script crossorigin="anonymous" defer="defer" type="application/javascript" src="https://github.githubassets.com/assets/app_assets_modules_github_behaviors_ajax-error_ts-app_assets_modules_github_behaviors_include-87a4ae-eda74b9de9cd.js"></script>
<script crossorigin="anonymous" defer="defer" type="application/javascript" src="https://github.githubassets.com/assets/app_assets_modules_github_behaviors_commenting_edit_ts-app_assets_modules_github_behaviors_ht-83c235-e429cff6ceb1.js"></script>
<script crossorigin="anonymous" defer="defer" type="application/javascript" src="https://github.githubassets.com/assets/behaviors-c92ce7c6a557.js"></script>
<script crossorigin="anonymous" defer="defer" type="application/javascript" src="https://github.githubassets.com/assets/vendors-node_modules_delegated-events_dist_index_js-node_modules_github_catalyst_lib_index_js-f6223d90c7ba.js"></script>
<script crossorigin="anonymous" defer="defer" type="application/javascript" src="https://github.githubassets.com/assets/notifications-global-01e85cd1be94.js"></script>
<script crossorigin="anonymous" defer="defer" type="application/javascript" src="https://github.githubassets.com/assets/vendors-node_modules_virtualized-list_es_index_js-node_modules_github_template-parts_lib_index_js-94dc7a2157c1.js"></script>
<script crossorigin="anonymous" defer="defer" type="application/javascript" src="https://github.githubassets.com/assets/vendors-node_modules_github_remote-form_dist_index_js-node_modules_delegated-events_dist_inde-70450e-4b93df70b903.js"></script>
<script crossorigin="anonymous" defer="defer" type="application/javascript" src="https://github.githubassets.com/assets/app_assets_modules_github_ref-selector_ts-52913063a0b9.js"></script>
<script crossorigin="anonymous" defer="defer" type="application/javascript" src="https://github.githubassets.com/assets/codespaces-b419a25ee02f.js"></script>
<script crossorigin="anonymous" defer="defer" type="application/javascript" src="https://github.githubassets.com/assets/vendors-node_modules_github_filter-input-element_dist_index_js-node_modules_github_remote-inp-3eebbd-0763620ad7bf.js"></script>
<script crossorigin="anonymous" defer="defer" type="application/javascript" src="https://github.githubassets.com/assets/vendors-node_modules_github_mini-throttle_dist_decorators_js-node_modules_delegated-events_di-e161aa-9d41fb1b6c9e.js"></script>
<script crossorigin="anonymous" defer="defer" type="application/javascript" src="https://github.githubassets.com/assets/vendors-node_modules_github_file-attachment-element_dist_index_js-node_modules_github_remote--3c9c82-b71ef90fbdc7.js"></script>
<script crossorigin="anonymous" defer="defer" type="application/javascript" src="https://github.githubassets.com/assets/repositories-10217e4e5a53.js"></script>
<script crossorigin="anonymous" defer="defer" type="application/javascript" src="https://github.githubassets.com/assets/vendors-node_modules_github_mini-throttle_dist_index_js-node_modules_github_catalyst_lib_inde-dbbea9-26cce2010167.js"></script>
<script crossorigin="anonymous" defer="defer" type="application/javascript" src="https://github.githubassets.com/assets/code-menu-d6d3c94ee97e.js"></script>
  
  <script crossorigin="anonymous" defer="defer" type="application/javascript" src="https://github.githubassets.com/assets/primer-react-99bc880bd101.js"></script>
<script crossorigin="anonymous" defer="defer" type="application/javascript" src="https://github.githubassets.com/assets/react-core-25e9ddbd9991.js"></script>
<script crossorigin="anonymous" defer="defer" type="application/javascript" src="https://github.githubassets.com/assets/react-lib-f1bca44e0926.js"></script>
<script crossorigin="anonymous" defer="defer" type="application/javascript" src="https://github.githubassets.com/assets/octicons-react-cf2f2ab8dab4.js"></script>
<script crossorigin="anonymous" defer="defer" type="application/javascript" src="https://github.githubassets.com/assets/vendors-node_modules_emotion_is-prop-valid_dist_emotion-is-prop-valid_esm_js-node_modules_emo-434cb6-95f395b76298.js"></script>
<script crossorigin="anonymous" defer="defer" type="application/javascript" src="https://github.githubassets.com/assets/vendors-node_modules_github_mini-throttle_dist_index_js-node_modules_stacktrace-parser_dist_s-e7dcdd-9a233856b02c.js"></script>
<script crossorigin="anonymous" defer="defer" type="application/javascript" src="https://github.githubassets.com/assets/vendors-node_modules_oddbird_popover-polyfill_dist_popover-fn_js-55fea94174bf.js"></script>
<script crossorigin="anonymous" defer="defer" type="application/javascript" src="https://github.githubassets.com/assets/notifications-subscriptions-menu-0e7e3f0bfc4b.js"></script>
<link crossorigin="anonymous" media="all" rel="stylesheet" href="https://github.githubassets.com/assets/primer-react.7110f8bed75b67122d7a.module.css" />
<link crossorigin="anonymous" media="all" rel="stylesheet" href="https://github.githubassets.com/assets/notifications-subscriptions-menu.1bcff9205c241e99cff2.module.css" />

  <link crossorigin="anonymous" media="all" rel="stylesheet" href="https://github.githubassets.com/assets/primer-react.7110f8bed75b67122d7a.module.css" />
<link crossorigin="anonymous" media="all" rel="stylesheet" href="https://github.githubassets.com/assets/notifications-subscriptions-menu.1bcff9205c241e99cff2.module.css" />


  <title>GitHub - Magafin/No-Man-s-Delight: Farmer&#39;s Delight X No Man&#39;s Land Addon</title>



  <meta name="route-pattern" content="/:user_id/:repository" data-turbo-transient>
  <meta name="route-controller" content="files" data-turbo-transient>
  <meta name="route-action" content="disambiguate" data-turbo-transient>

    
  <meta name="current-catalog-service-hash" content="f3abb0cc802f3d7b95fc8762b94bdcb13bf39634c40c357301c4aa1d67a256fb">


  <meta name="request-id" content="362F:160275:28044B3:28DBAC2:67EECF8F" data-pjax-transient="true"/><meta name="html-safe-nonce" content="6bfd07d1b9c4d5c99f31ff4d6fe3f49e252e0f0eb15811931bbf531de93a6dfb" data-pjax-transient="true"/><meta name="visitor-payload" content="eyJyZWZlcnJlciI6IiIsInJlcXVlc3RfaWQiOiIzNjJGOjE2MDI3NToyODA0NEIzOjI4REJBQzI6NjdFRUNGOEYiLCJ2aXNpdG9yX2lkIjoiODQ2MjA0Mjk3ODkwODU1NzE5OSIsInJlZ2lvbl9lZGdlIjoiZnJhIiwicmVnaW9uX3JlbmRlciI6ImZyYSJ9" data-pjax-transient="true"/><meta name="visitor-hmac" content="46560c5d62643fc86cd606c5c1092aa9a62c0594bb936e46b49f38acf3dd15fa" data-pjax-transient="true"/>


    <meta name="hovercard-subject-tag" content="repository:953547737" data-turbo-transient>


  <meta name="github-keyboard-shortcuts" content="repository,copilot" data-turbo-transient="true" />
  

  <meta name="selected-link" value="repo_source" data-turbo-transient>
  <link rel="assets" href="https://github.githubassets.com/">

    <meta name="google-site-verification" content="Apib7-x98H0j5cPqHWwSMm6dNU4GmODRoqxLiDzdx9I">

<meta name="octolytics-url" content="https://collector.github.com/github/collect" />

  <meta name="analytics-location" content="/&lt;user-name&gt;/&lt;repo-name&gt;" data-turbo-transient="true" />

  




    <meta name="user-login" content="">

  

    <meta name="viewport" content="width=device-width">

    

      <meta name="description" content="Farmer&#39;s Delight X No Man&#39;s Land Addon. Contribute to Magafin/No-Man-s-Delight development by creating an account on GitHub.">

      <link rel="search" type="application/opensearchdescription+xml" href="/opensearch.xml" title="GitHub">

    <link rel="fluid-icon" href="https://github.com/fluidicon.png" title="GitHub">
    <meta property="fb:app_id" content="1401488693436528">
    <meta name="apple-itunes-app" content="app-id=1477376905, app-argument=https://github.com/Magafin/No-Man-s-Delight" />

      <meta name="twitter:image" content="https://opengraph.githubassets.com/1d8f1a5d3e8b60f0059b87b84138ae7542f3a102c47666976baa59ccdf37fd28/Magafin/No-Man-s-Delight" /><meta name="twitter:site" content="@github" /><meta name="twitter:card" content="summary_large_image" /><meta name="twitter:title" content="GitHub - Magafin/No-Man-s-Delight: Farmer&#39;s Delight X No Man&#39;s Land Addon" /><meta name="twitter:description" content="Farmer&#39;s Delight X No Man&#39;s Land Addon. Contribute to Magafin/No-Man-s-Delight development by creating an account on GitHub." />
  <meta property="og:image" content="https://opengraph.githubassets.com/1d8f1a5d3e8b60f0059b87b84138ae7542f3a102c47666976baa59ccdf37fd28/Magafin/No-Man-s-Delight" /><meta property="og:image:alt" content="Farmer&#39;s Delight X No Man&#39;s Land Addon. Contribute to Magafin/No-Man-s-Delight development by creating an account on GitHub." /><meta property="og:image:width" content="1200" /><meta property="og:image:height" content="600" /><meta property="og:site_name" content="GitHub" /><meta property="og:type" content="object" /><meta property="og:title" content="GitHub - Magafin/No-Man-s-Delight: Farmer&#39;s Delight X No Man&#39;s Land Addon" /><meta property="og:url" content="https://github.com/Magafin/No-Man-s-Delight" /><meta property="og:description" content="Farmer&#39;s Delight X No Man&#39;s Land Addon. Contribute to Magafin/No-Man-s-Delight development by creating an account on GitHub." />
  




      <meta name="hostname" content="github.com">



        <meta name="expected-hostname" content="github.com">


  <meta http-equiv="x-pjax-version" content="cb6410d65cad233511e69a087a14a85aa240ef5d5ff8c464e53ea10887a427fa" data-turbo-track="reload">
  <meta http-equiv="x-pjax-csp-version" content="e26f9f0ba624ee85cc7ac057d8faa8618a4f25a85eab052c33d018ac0f6b1a46" data-turbo-track="reload">
  <meta http-equiv="x-pjax-css-version" content="3880f621a6450d86227686dafe66b79bb840ae1d588507e3f013719db633d34a" data-turbo-track="reload">
  <meta http-equiv="x-pjax-js-version" content="a25f07642bc8d8736e5aeda0019cac6f30a8880c6c6c74eae565d2e9c664453f" data-turbo-track="reload">

  <meta name="turbo-cache-control" content="no-preview" data-turbo-transient="">

      <meta data-hydrostats="publish">
  <meta name="go-import" content="github.com/Magafin/No-Man-s-Delight git https://github.com/Magafin/No-Man-s-Delight.git">

  <meta name="octolytics-dimension-user_id" content="204143176" /><meta name="octolytics-dimension-user_login" content="Magafin" /><meta name="octolytics-dimension-repository_id" content="953547737" /><meta name="octolytics-dimension-repository_nwo" content="Magafin/No-Man-s-Delight" /><meta name="octolytics-dimension-repository_public" content="true" /><meta name="octolytics-dimension-repository_is_fork" content="false" /><meta name="octolytics-dimension-repository_network_root_id" content="953547737" /><meta name="octolytics-dimension-repository_network_root_nwo" content="Magafin/No-Man-s-Delight" />



      <link rel="canonical" href="https://github.com/Magafin/No-Man-s-Delight" data-turbo-transient>


    <meta name="turbo-body-classes" content="logged-out env-production page-responsive">


  <meta name="browser-stats-url" content="https://api.github.com/_private/browser/stats">

  <meta name="browser-errors-url" content="https://api.github.com/_private/browser/errors">

  <meta name="release" content="8fb2f9fa180ed76a3b0bd2886c0d6d78e7d70b9e">

  <link rel="mask-icon" href="https://github.githubassets.com/assets/pinned-octocat-093da3e6fa40.svg" color="#000000">
  <link rel="alternate icon" class="js-site-favicon" type="image/png" href="https://github.githubassets.com/favicons/favicon.png">
  <link rel="icon" class="js-site-favicon" type="image/svg+xml" href="https://github.githubassets.com/favicons/favicon.svg" data-base-href="https://github.githubassets.com/favicons/favicon">

<meta name="theme-color" content="#1e2327">
<meta name="color-scheme" content="light dark" />


  <link rel="manifest" href="/manifest.json" crossOrigin="use-credentials">

  </head>

  <body class="logged-out env-production page-responsive" style="word-wrap: break-word;">
    <div data-turbo-body class="logged-out env-production page-responsive" style="word-wrap: break-word;">
      


    <div class="position-relative header-wrapper js-header-wrapper ">
      <a href="#start-of-content" data-skip-target-assigned="false" class="px-2 py-4 color-bg-accent-emphasis color-fg-on-emphasis show-on-focus js-skip-to-content">Skip to content</a>

      <span data-view-component="true" class="progress-pjax-loader Progress position-fixed width-full">
    <span style="width: 0%;" data-view-component="true" class="Progress-item progress-pjax-loader-bar left-0 top-0 color-bg-accent-emphasis"></span>
</span>      
      
      <script crossorigin="anonymous" defer="defer" type="application/javascript" src="https://github.githubassets.com/assets/ui_packages_ui-commands_ui-commands_ts-ad009fc6c345.js"></script>
<script crossorigin="anonymous" defer="defer" type="application/javascript" src="https://github.githubassets.com/assets/keyboard-shortcuts-dialog-1edadb4bd04c.js"></script>
<link crossorigin="anonymous" media="all" rel="stylesheet" href="https://github.githubassets.com/assets/primer-react.7110f8bed75b67122d7a.module.css" />

<react-partial
  partial-name="keyboard-shortcuts-dialog"
  data-ssr="false"
  data-attempted-ssr="false"
>
  
  <script type="application/json" data-target="react-partial.embeddedData">{"props":{"docsUrl":"https://docs.github.com/get-started/accessibility/keyboard-shortcuts"}}</script>
  <div data-target="react-partial.reactRoot"></div>
</react-partial>




      

          

              
<script crossorigin="anonymous" defer="defer" type="application/javascript" src="https://github.githubassets.com/assets/vendors-node_modules_github_remote-form_dist_index_js-node_modules_delegated-events_dist_inde-94fd67-4898d1bf4b51.js"></script>
<script crossorigin="anonymous" defer="defer" type="application/javascript" src="https://github.githubassets.com/assets/sessions-45d6658f8b6b.js"></script>
<header class="HeaderMktg header-logged-out js-details-container js-header Details f4 py-3" role="banner" data-is-top="true" data-color-mode=light data-light-theme=light data-dark-theme=dark>
  <h2 class="sr-only">Navigation Menu</h2>

  <button type="button" class="HeaderMktg-backdrop d-lg-none border-0 position-fixed top-0 left-0 width-full height-full js-details-target" aria-label="Toggle navigation">
    <span class="d-none">Toggle navigation</span>
  </button>

  <div class="d-flex flex-column flex-lg-row flex-items-center px-3 px-md-4 px-lg-5 height-full position-relative z-1">
    <div class="d-flex flex-justify-between flex-items-center width-full width-lg-auto">
      <div class="flex-1">
        <button aria-label="Toggle navigation" aria-expanded="false" type="button" data-view-component="true" class="js-details-target js-nav-padding-recalculate js-header-menu-toggle Button--link Button--medium Button d-lg-none color-fg-inherit p-1">  <span class="Button-content">
    <span class="Button-label"><div class="HeaderMenu-toggle-bar rounded my-1"></div>
            <div class="HeaderMenu-toggle-bar rounded my-1"></div>
            <div class="HeaderMenu-toggle-bar rounded my-1"></div></span>
  </span>
</button>
      </div>

      <a class="mr-lg-3 color-fg-inherit flex-order-2 js-prevent-focus-on-mobile-nav"
        href="/"
        aria-label="Homepage"
        data-analytics-event="{&quot;category&quot;:&quot;Marketing nav&quot;,&quot;action&quot;:&quot;click to go to homepage&quot;,&quot;label&quot;:&quot;ref_page:Marketing;ref_cta:Logomark;ref_loc:Header&quot;}">
        <svg height="32" aria-hidden="true" viewBox="0 0 24 24" version="1.1" width="32" data-view-component="true" class="octicon octicon-mark-github">
    <path d="M12 1C5.9225 1 1 5.9225 1 12C1 16.8675 4.14875 20.9787 8.52125 22.4362C9.07125 22.5325 9.2775 22.2025 9.2775 21.9137C9.2775 21.6525 9.26375 20.7862 9.26375 19.865C6.5 20.3737 5.785 19.1912 5.565 18.5725C5.44125 18.2562 4.905 17.28 4.4375 17.0187C4.0525 16.8125 3.5025 16.3037 4.42375 16.29C5.29 16.2762 5.90875 17.0875 6.115 17.4175C7.105 19.0812 8.68625 18.6137 9.31875 18.325C9.415 17.61 9.70375 17.1287 10.02 16.8537C7.5725 16.5787 5.015 15.63 5.015 11.4225C5.015 10.2262 5.44125 9.23625 6.1425 8.46625C6.0325 8.19125 5.6475 7.06375 6.2525 5.55125C6.2525 5.55125 7.17375 5.2625 9.2775 6.67875C10.1575 6.43125 11.0925 6.3075 12.0275 6.3075C12.9625 6.3075 13.8975 6.43125 14.7775 6.67875C16.8813 5.24875 17.8025 5.55125 17.8025 5.55125C18.4075 7.06375 18.0225 8.19125 17.9125 8.46625C18.6138 9.23625 19.04 10.2125 19.04 11.4225C19.04 15.6437 16.4688 16.5787 14.0213 16.8537C14.42 17.1975 14.7638 17.8575 14.7638 18.8887C14.7638 20.36 14.75 21.5425 14.75 21.9137C14.75 22.2025 14.9563 22.5462 15.5063 22.4362C19.8513 20.9787 23 16.8537 23 12C23 5.9225 18.0775 1 12 1Z"></path>
</svg>
      </a>

      <div class="flex-1 flex-order-2 text-right">
          <a
            href="/login?return_to=https%3A%2F%2Fgithub.com%2FMagafin%2FNo-Man-s-Delight"
            class="HeaderMenu-link HeaderMenu-button d-inline-flex d-lg-none flex-order-1 f5 no-underline border color-border-default rounded-2 px-2 py-1 color-fg-inherit js-prevent-focus-on-mobile-nav"
            data-hydro-click="{&quot;event_type&quot;:&quot;authentication.click&quot;,&quot;payload&quot;:{&quot;location_in_page&quot;:&quot;site header menu&quot;,&quot;repository_id&quot;:null,&quot;auth_type&quot;:&quot;SIGN_UP&quot;,&quot;originating_url&quot;:&quot;https://github.com/Magafin/No-Man-s-Delight&quot;,&quot;user_id&quot;:null}}" data-hydro-click-hmac="714cef19d9e43ab701c238b9bc84ee23f77cd42edd4d26d22b321f07b1d0cb42"
            data-analytics-event="{&quot;category&quot;:&quot;Marketing nav&quot;,&quot;action&quot;:&quot;click to Sign in&quot;,&quot;label&quot;:&quot;ref_page:Marketing;ref_cta:Sign in;ref_loc:Header&quot;}"
          >
            Sign in
          </a>
      </div>
    </div>


    <div class="HeaderMenu js-header-menu height-fit position-lg-relative d-lg-flex flex-column flex-auto top-0">
      <div class="HeaderMenu-wrapper d-flex flex-column flex-self-start flex-lg-row flex-auto rounded rounded-lg-0">
          <nav class="HeaderMenu-nav" aria-label="Global">
            <ul class="d-lg-flex list-style-none">
                <li class="HeaderMenu-item position-relative flex-wrap flex-justify-between flex-items-center d-block d-lg-flex flex-lg-nowrap flex-lg-items-center js-details-container js-header-menu-item">
      <button type="button" class="HeaderMenu-link border-0 width-full width-lg-auto px-0 px-lg-2 py-lg-2 no-wrap d-flex flex-items-center flex-justify-between js-details-target" aria-expanded="false">
        Product
        <svg opacity="0.5" aria-hidden="true" height="16" viewBox="0 0 16 16" version="1.1" width="16" data-view-component="true" class="octicon octicon-chevron-down HeaderMenu-icon ml-1">
    <path d="M12.78 5.22a.749.749 0 0 1 0 1.06l-4.25 4.25a.749.749 0 0 1-1.06 0L3.22 6.28a.749.749 0 1 1 1.06-1.06L8 8.939l3.72-3.719a.749.749 0 0 1 1.06 0Z"></path>
</svg>
      </button>
      <div class="HeaderMenu-dropdown dropdown-menu rounded m-0 p-0 pt-2 pt-lg-4 position-relative position-lg-absolute left-0 left-lg-n3 pb-2 pb-lg-4 d-lg-flex flex-wrap dropdown-menu-wide">
          <div class="HeaderMenu-column px-lg-4 border-lg-right mb-4 mb-lg-0 pr-lg-7">
              <div class="border-bottom pb-3 pb-lg-0 border-lg-bottom-0">
                <ul class="list-style-none f5" >
                    <li>
  <a class="HeaderMenu-dropdown-link d-block no-underline position-relative py-2 Link--secondary d-flex flex-items-center Link--has-description pb-lg-3" data-analytics-event="{&quot;location&quot;:&quot;navbar&quot;,&quot;action&quot;:&quot;github_copilot&quot;,&quot;context&quot;:&quot;product&quot;,&quot;tag&quot;:&quot;link&quot;,&quot;label&quot;:&quot;github_copilot_link_product_navbar&quot;}" href="https://github.com/features/copilot">
      <svg aria-hidden="true" height="24" viewBox="0 0 24 24" version="1.1" width="24" data-view-component="true" class="octicon octicon-copilot color-fg-subtle mr-3">
    <path d="M23.922 16.992c-.861 1.495-5.859 5.023-11.922 5.023-6.063 0-11.061-3.528-11.922-5.023A.641.641 0 0 1 0 16.736v-2.869a.841.841 0 0 1 .053-.22c.372-.935 1.347-2.292 2.605-2.656.167-.429.414-1.055.644-1.517a10.195 10.195 0 0 1-.052-1.086c0-1.331.282-2.499 1.132-3.368.397-.406.89-.717 1.474-.952 1.399-1.136 3.392-2.093 6.122-2.093 2.731 0 4.767.957 6.166 2.093.584.235 1.077.546 1.474.952.85.869 1.132 2.037 1.132 3.368 0 .368-.014.733-.052 1.086.23.462.477 1.088.644 1.517 1.258.364 2.233 1.721 2.605 2.656a.832.832 0 0 1 .053.22v2.869a.641.641 0 0 1-.078.256ZM12.172 11h-.344a4.323 4.323 0 0 1-.355.508C10.703 12.455 9.555 13 7.965 13c-1.725 0-2.989-.359-3.782-1.259a2.005 2.005 0 0 1-.085-.104L4 11.741v6.585c1.435.779 4.514 2.179 8 2.179 3.486 0 6.565-1.4 8-2.179v-6.585l-.098-.104s-.033.045-.085.104c-.793.9-2.057 1.259-3.782 1.259-1.59 0-2.738-.545-3.508-1.492a4.323 4.323 0 0 1-.355-.508h-.016.016Zm.641-2.935c.136 1.057.403 1.913.878 2.497.442.544 1.134.938 2.344.938 1.573 0 2.292-.337 2.657-.751.384-.435.558-1.15.558-2.361 0-1.14-.243-1.847-.705-2.319-.477-.488-1.319-.862-2.824-1.025-1.487-.161-2.192.138-2.533.529-.269.307-.437.808-.438 1.578v.021c0 .265.021.562.063.893Zm-1.626 0c.042-.331.063-.628.063-.894v-.02c-.001-.77-.169-1.271-.438-1.578-.341-.391-1.046-.69-2.533-.529-1.505.163-2.347.537-2.824 1.025-.462.472-.705 1.179-.705 2.319 0 1.211.175 1.926.558 2.361.365.414 1.084.751 2.657.751 1.21 0 1.902-.394 2.344-.938.475-.584.742-1.44.878-2.497Z"></path><path d="M14.5 14.25a1 1 0 0 1 1 1v2a1 1 0 0 1-2 0v-2a1 1 0 0 1 1-1Zm-5 0a1 1 0 0 1 1 1v2a1 1 0 0 1-2 0v-2a1 1 0 0 1 1-1Z"></path>
</svg>
      <div>
        <div class="color-fg-default h4">GitHub Copilot</div>
        Write better code with AI
      </div>

    
</a></li>

                    <li>
  <a class="HeaderMenu-dropdown-link d-block no-underline position-relative py-2 Link--secondary d-flex flex-items-center Link--has-description pb-lg-3" data-analytics-event="{&quot;location&quot;:&quot;navbar&quot;,&quot;action&quot;:&quot;github_advanced_security&quot;,&quot;context&quot;:&quot;product&quot;,&quot;tag&quot;:&quot;link&quot;,&quot;label&quot;:&quot;github_advanced_security_link_product_navbar&quot;}" href="https://github.com/security/advanced-security">
      <svg aria-hidden="true" height="24" viewBox="0 0 24 24" version="1.1" width="24" data-view-component="true" class="octicon octicon-shield-check color-fg-subtle mr-3">
    <path d="M16.53 9.78a.75.75 0 0 0-1.06-1.06L11 13.19l-1.97-1.97a.75.75 0 0 0-1.06 1.06l2.5 2.5a.75.75 0 0 0 1.06 0l5-5Z"></path><path d="m12.54.637 8.25 2.675A1.75 1.75 0 0 1 22 4.976V10c0 6.19-3.771 10.704-9.401 12.83a1.704 1.704 0 0 1-1.198 0C5.77 20.705 2 16.19 2 10V4.976c0-.758.489-1.43 1.21-1.664L11.46.637a1.748 1.748 0 0 1 1.08 0Zm-.617 1.426-8.25 2.676a.249.249 0 0 0-.173.237V10c0 5.46 3.28 9.483 8.43 11.426a.199.199 0 0 0 .14 0C17.22 19.483 20.5 15.461 20.5 10V4.976a.25.25 0 0 0-.173-.237l-8.25-2.676a.253.253 0 0 0-.154 0Z"></path>
</svg>
      <div>
        <div class="color-fg-default h4">GitHub Advanced Security</div>
        Find and fix vulnerabilities
      </div>

    
</a></li>

                    
                    <li>
  <a class="HeaderMenu-dropdown-link d-block no-underline position-relative py-2 Link--secondary d-flex flex-items-center Link--has-description pb-lg-3" data-analytics-event="{&quot;location&quot;:&quot;navbar&quot;,&quot;action&quot;:&quot;actions&quot;,&quot;context&quot;:&quot;product&quot;,&quot;tag&quot;:&quot;link&quot;,&quot;label&quot;:&quot;actions_link_product_navbar&quot;}" href="https://github.com/features/actions">
      <svg aria-hidden="true" height="24" viewBox="0 0 24 24" version="1.1" width="24" data-view-component="true" class="octicon octicon-workflow color-fg-subtle mr-3">
    <path d="M1 3a2 2 0 0 1 2-2h6.5a2 2 0 0 1 2 2v6.5a2 2 0 0 1-2 2H7v4.063C7 16.355 7.644 17 8.438 17H12.5v-2.5a2 2 0 0 1 2-2H21a2 2 0 0 1 2 2V21a2 2 0 0 1-2 2h-6.5a2 2 0 0 1-2-2v-2.5H8.437A2.939 2.939 0 0 1 5.5 15.562V11.5H3a2 2 0 0 1-2-2Zm2-.5a.5.5 0 0 0-.5.5v6.5a.5.5 0 0 0 .5.5h6.5a.5.5 0 0 0 .5-.5V3a.5.5 0 0 0-.5-.5ZM14.5 14a.5.5 0 0 0-.5.5V21a.5.5 0 0 0 .5.5H21a.5.5 0 0 0 .5-.5v-6.5a.5.5 0 0 0-.5-.5Z"></path>
</svg>
      <div>
        <div class="color-fg-default h4">Actions</div>
        Automate any workflow
      </div>

    
</a></li>

                    <li>
  <a class="HeaderMenu-dropdown-link d-block no-underline position-relative py-2 Link--secondary d-flex flex-items-center Link--has-description pb-lg-3" data-analytics-event="{&quot;location&quot;:&quot;navbar&quot;,&quot;action&quot;:&quot;codespaces&quot;,&quot;context&quot;:&quot;product&quot;,&quot;tag&quot;:&quot;link&quot;,&quot;label&quot;:&quot;codespaces_link_product_navbar&quot;}" href="https://github.com/features/codespaces">
      <svg aria-hidden="true" height="24" viewBox="0 0 24 24" version="1.1" width="24" data-view-component="true" class="octicon octicon-codespaces color-fg-subtle mr-3">
    <path d="M3.5 3.75C3.5 2.784 4.284 2 5.25 2h13.5c.966 0 1.75.784 1.75 1.75v7.5A1.75 1.75 0 0 1 18.75 13H5.25a1.75 1.75 0 0 1-1.75-1.75Zm-2 12c0-.966.784-1.75 1.75-1.75h17.5c.966 0 1.75.784 1.75 1.75v4a1.75 1.75 0 0 1-1.75 1.75H3.25a1.75 1.75 0 0 1-1.75-1.75ZM5.25 3.5a.25.25 0 0 0-.25.25v7.5c0 .138.112.25.25.25h13.5a.25.25 0 0 0 .25-.25v-7.5a.25.25 0 0 0-.25-.25Zm-2 12a.25.25 0 0 0-.25.25v4c0 .138.112.25.25.25h17.5a.25.25 0 0 0 .25-.25v-4a.25.25 0 0 0-.25-.25Z"></path><path d="M10 17.75a.75.75 0 0 1 .75-.75h6.5a.75.75 0 0 1 0 1.5h-6.5a.75.75 0 0 1-.75-.75Zm-4 0a.75.75 0 0 1 .75-.75h.5a.75.75 0 0 1 0 1.5h-.5a.75.75 0 0 1-.75-.75Z"></path>
</svg>
      <div>
        <div class="color-fg-default h4">Codespaces</div>
        Instant dev environments
      </div>

    
</a></li>

                    <li>
  <a class="HeaderMenu-dropdown-link d-block no-underline position-relative py-2 Link--secondary d-flex flex-items-center Link--has-description pb-lg-3" data-analytics-event="{&quot;location&quot;:&quot;navbar&quot;,&quot;action&quot;:&quot;issues&quot;,&quot;context&quot;:&quot;product&quot;,&quot;tag&quot;:&quot;link&quot;,&quot;label&quot;:&quot;issues_link_product_navbar&quot;}" href="https://github.com/features/issues">
      <svg aria-hidden="true" height="24" viewBox="0 0 24 24" version="1.1" width="24" data-view-component="true" class="octicon octicon-issue-opened color-fg-subtle mr-3">
    <path d="M12 1c6.075 0 11 4.925 11 11s-4.925 11-11 11S1 18.075 1 12 5.925 1 12 1ZM2.5 12a9.5 9.5 0 0 0 9.5 9.5 9.5 9.5 0 0 0 9.5-9.5A9.5 9.5 0 0 0 12 2.5 9.5 9.5 0 0 0 2.5 12Zm9.5 2a2 2 0 1 1-.001-3.999A2 2 0 0 1 12 14Z"></path>
</svg>
      <div>
        <div class="color-fg-default h4">Issues</div>
        Plan and track work
      </div>

    
</a></li>

                    <li>
  <a class="HeaderMenu-dropdown-link d-block no-underline position-relative py-2 Link--secondary d-flex flex-items-center Link--has-description pb-lg-3" data-analytics-event="{&quot;location&quot;:&quot;navbar&quot;,&quot;action&quot;:&quot;code_review&quot;,&quot;context&quot;:&quot;product&quot;,&quot;tag&quot;:&quot;link&quot;,&quot;label&quot;:&quot;code_review_link_product_navbar&quot;}" href="https://github.com/features/code-review">
      <svg aria-hidden="true" height="24" viewBox="0 0 24 24" version="1.1" width="24" data-view-component="true" class="octicon octicon-code-review color-fg-subtle mr-3">
    <path d="M10.3 6.74a.75.75 0 0 1-.04 1.06l-2.908 2.7 2.908 2.7a.75.75 0 1 1-1.02 1.1l-3.5-3.25a.75.75 0 0 1 0-1.1l3.5-3.25a.75.75 0 0 1 1.06.04Zm3.44 1.06a.75.75 0 1 1 1.02-1.1l3.5 3.25a.75.75 0 0 1 0 1.1l-3.5 3.25a.75.75 0 1 1-1.02-1.1l2.908-2.7-2.908-2.7Z"></path><path d="M1.5 4.25c0-.966.784-1.75 1.75-1.75h17.5c.966 0 1.75.784 1.75 1.75v12.5a1.75 1.75 0 0 1-1.75 1.75h-9.69l-3.573 3.573A1.458 1.458 0 0 1 5 21.043V18.5H3.25a1.75 1.75 0 0 1-1.75-1.75ZM3.25 4a.25.25 0 0 0-.25.25v12.5c0 .138.112.25.25.25h2.5a.75.75 0 0 1 .75.75v3.19l3.72-3.72a.749.749 0 0 1 .53-.22h10a.25.25 0 0 0 .25-.25V4.25a.25.25 0 0 0-.25-.25Z"></path>
</svg>
      <div>
        <div class="color-fg-default h4">Code Review</div>
        Manage code changes
      </div>

    
</a></li>

                    <li>
  <a class="HeaderMenu-dropdown-link d-block no-underline position-relative py-2 Link--secondary d-flex flex-items-center Link--has-description pb-lg-3" data-analytics-event="{&quot;location&quot;:&quot;navbar&quot;,&quot;action&quot;:&quot;discussions&quot;,&quot;context&quot;:&quot;product&quot;,&quot;tag&quot;:&quot;link&quot;,&quot;label&quot;:&quot;discussions_link_product_navbar&quot;}" href="https://github.com/features/discussions">
      <svg aria-hidden="true" height="24" viewBox="0 0 24 24" version="1.1" width="24" data-view-component="true" class="octicon octicon-comment-discussion color-fg-subtle mr-3">
    <path d="M1.75 1h12.5c.966 0 1.75.784 1.75 1.75v9.5A1.75 1.75 0 0 1 14.25 14H8.061l-2.574 2.573A1.458 1.458 0 0 1 3 15.543V14H1.75A1.75 1.75 0 0 1 0 12.25v-9.5C0 1.784.784 1 1.75 1ZM1.5 2.75v9.5c0 .138.112.25.25.25h2a.75.75 0 0 1 .75.75v2.19l2.72-2.72a.749.749 0 0 1 .53-.22h6.5a.25.25 0 0 0 .25-.25v-9.5a.25.25 0 0 0-.25-.25H1.75a.25.25 0 0 0-.25.25Z"></path><path d="M22.5 8.75a.25.25 0 0 0-.25-.25h-3.5a.75.75 0 0 1 0-1.5h3.5c.966 0 1.75.784 1.75 1.75v9.5A1.75 1.75 0 0 1 22.25 20H21v1.543a1.457 1.457 0 0 1-2.487 1.03L15.939 20H10.75A1.75 1.75 0 0 1 9 18.25v-1.465a.75.75 0 0 1 1.5 0v1.465c0 .138.112.25.25.25h5.5a.75.75 0 0 1 .53.22l2.72 2.72v-2.19a.75.75 0 0 1 .75-.75h2a.25.25 0 0 0 .25-.25v-9.5Z"></path>
</svg>
      <div>
        <div class="color-fg-default h4">Discussions</div>
        Collaborate outside of code
      </div>

    
</a></li>

                    <li>
  <a class="HeaderMenu-dropdown-link d-block no-underline position-relative py-2 Link--secondary d-flex flex-items-center Link--has-description" data-analytics-event="{&quot;location&quot;:&quot;navbar&quot;,&quot;action&quot;:&quot;code_search&quot;,&quot;context&quot;:&quot;product&quot;,&quot;tag&quot;:&quot;link&quot;,&quot;label&quot;:&quot;code_search_link_product_navbar&quot;}" href="https://github.com/features/code-search">
      <svg aria-hidden="true" height="24" viewBox="0 0 24 24" version="1.1" width="24" data-view-component="true" class="octicon octicon-code-square color-fg-subtle mr-3">
    <path d="M10.3 8.24a.75.75 0 0 1-.04 1.06L7.352 12l2.908 2.7a.75.75 0 1 1-1.02 1.1l-3.5-3.25a.75.75 0 0 1 0-1.1l3.5-3.25a.75.75 0 0 1 1.06.04Zm3.44 1.06a.75.75 0 1 1 1.02-1.1l3.5 3.25a.75.75 0 0 1 0 1.1l-3.5 3.25a.75.75 0 1 1-1.02-1.1l2.908-2.7-2.908-2.7Z"></path><path d="M2 3.75C2 2.784 2.784 2 3.75 2h16.5c.966 0 1.75.784 1.75 1.75v16.5A1.75 1.75 0 0 1 20.25 22H3.75A1.75 1.75 0 0 1 2 20.25Zm1.75-.25a.25.25 0 0 0-.25.25v16.5c0 .138.112.25.25.25h16.5a.25.25 0 0 0 .25-.25V3.75a.25.25 0 0 0-.25-.25Z"></path>
</svg>
      <div>
        <div class="color-fg-default h4">Code Search</div>
        Find more, search less
      </div>

    
</a></li>

                </ul>
              </div>
          </div>
          <div class="HeaderMenu-column px-lg-4">
              <div class="border-bottom pb-3 pb-lg-0 border-lg-bottom-0 border-bottom-0">
                    <span class="d-block h4 color-fg-default my-1" id="product-explore-heading">Explore</span>
                <ul class="list-style-none f5" aria-labelledby="product-explore-heading">
                    
                    <li>
  <a class="HeaderMenu-dropdown-link d-block no-underline position-relative py-2 Link--secondary" data-analytics-event="{&quot;location&quot;:&quot;navbar&quot;,&quot;action&quot;:&quot;all_features&quot;,&quot;context&quot;:&quot;product&quot;,&quot;tag&quot;:&quot;link&quot;,&quot;label&quot;:&quot;all_features_link_product_navbar&quot;}" href="https://github.com/features">
      All features

    
</a></li>

                    <li>
  <a class="HeaderMenu-dropdown-link d-block no-underline position-relative py-2 Link--secondary Link--external" target="_blank" data-analytics-event="{&quot;location&quot;:&quot;navbar&quot;,&quot;action&quot;:&quot;documentation&quot;,&quot;context&quot;:&quot;product&quot;,&quot;tag&quot;:&quot;link&quot;,&quot;label&quot;:&quot;documentation_link_product_navbar&quot;}" href="https://docs.github.com">
      Documentation

    <svg aria-hidden="true" height="16" viewBox="0 0 16 16" version="1.1" width="16" data-view-component="true" class="octicon octicon-link-external HeaderMenu-external-icon color-fg-subtle">
    <path d="M3.75 2h3.5a.75.75 0 0 1 0 1.5h-3.5a.25.25 0 0 0-.25.25v8.5c0 .138.112.25.25.25h8.5a.25.25 0 0 0 .25-.25v-3.5a.75.75 0 0 1 1.5 0v3.5A1.75 1.75 0 0 1 12.25 14h-8.5A1.75 1.75 0 0 1 2 12.25v-8.5C2 2.784 2.784 2 3.75 2Zm6.854-1h4.146a.25.25 0 0 1 .25.25v4.146a.25.25 0 0 1-.427.177L13.03 4.03 9.28 7.78a.751.751 0 0 1-1.042-.018.751.751 0 0 1-.018-1.042l3.75-3.75-1.543-1.543A.25.25 0 0 1 10.604 1Z"></path>
</svg>
</a></li>

                    <li>
  <a class="HeaderMenu-dropdown-link d-block no-underline position-relative py-2 Link--secondary Link--external" target="_blank" data-analytics-event="{&quot;location&quot;:&quot;navbar&quot;,&quot;action&quot;:&quot;github_skills&quot;,&quot;context&quot;:&quot;product&quot;,&quot;tag&quot;:&quot;link&quot;,&quot;label&quot;:&quot;github_skills_link_product_navbar&quot;}" href="https://skills.github.com">
      GitHub Skills

    <svg aria-hidden="true" height="16" viewBox="0 0 16 16" version="1.1" width="16" data-view-component="true" class="octicon octicon-link-external HeaderMenu-external-icon color-fg-subtle">
    <path d="M3.75 2h3.5a.75.75 0 0 1 0 1.5h-3.5a.25.25 0 0 0-.25.25v8.5c0 .138.112.25.25.25h8.5a.25.25 0 0 0 .25-.25v-3.5a.75.75 0 0 1 1.5 0v3.5A1.75 1.75 0 0 1 12.25 14h-8.5A1.75 1.75 0 0 1 2 12.25v-8.5C2 2.784 2.784 2 3.75 2Zm6.854-1h4.146a.25.25 0 0 1 .25.25v4.146a.25.25 0 0 1-.427.177L13.03 4.03 9.28 7.78a.751.751 0 0 1-1.042-.018.751.751 0 0 1-.018-1.042l3.75-3.75-1.543-1.543A.25.25 0 0 1 10.604 1Z"></path>
</svg>
</a></li>

                    <li>
  <a class="HeaderMenu-dropdown-link d-block no-underline position-relative py-2 Link--secondary Link--external" target="_blank" data-analytics-event="{&quot;location&quot;:&quot;navbar&quot;,&quot;action&quot;:&quot;blog&quot;,&quot;context&quot;:&quot;product&quot;,&quot;tag&quot;:&quot;link&quot;,&quot;label&quot;:&quot;blog_link_product_navbar&quot;}" href="https://github.blog">
      Blog

    <svg aria-hidden="true" height="16" viewBox="0 0 16 16" version="1.1" width="16" data-view-component="true" class="octicon octicon-link-external HeaderMenu-external-icon color-fg-subtle">
    <path d="M3.75 2h3.5a.75.75 0 0 1 0 1.5h-3.5a.25.25 0 0 0-.25.25v8.5c0 .138.112.25.25.25h8.5a.25.25 0 0 0 .25-.25v-3.5a.75.75 0 0 1 1.5 0v3.5A1.75 1.75 0 0 1 12.25 14h-8.5A1.75 1.75 0 0 1 2 12.25v-8.5C2 2.784 2.784 2 3.75 2Zm6.854-1h4.146a.25.25 0 0 1 .25.25v4.146a.25.25 0 0 1-.427.177L13.03 4.03 9.28 7.78a.751.751 0 0 1-1.042-.018.751.751 0 0 1-.018-1.042l3.75-3.75-1.543-1.543A.25.25 0 0 1 10.604 1Z"></path>
</svg>
</a></li>

                </ul>
              </div>
          </div>
      </div>
</li>


                <li class="HeaderMenu-item position-relative flex-wrap flex-justify-between flex-items-center d-block d-lg-flex flex-lg-nowrap flex-lg-items-center js-details-container js-header-menu-item">
      <button type="button" class="HeaderMenu-link border-0 width-full width-lg-auto px-0 px-lg-2 py-lg-2 no-wrap d-flex flex-items-center flex-justify-between js-details-target" aria-expanded="false">
        Solutions
        <svg opacity="0.5" aria-hidden="true" height="16" viewBox="0 0 16 16" version="1.1" width="16" data-view-component="true" class="octicon octicon-chevron-down HeaderMenu-icon ml-1">
    <path d="M12.78 5.22a.749.749 0 0 1 0 1.06l-4.25 4.25a.749.749 0 0 1-1.06 0L3.22 6.28a.749.749 0 1 1 1.06-1.06L8 8.939l3.72-3.719a.749.749 0 0 1 1.06 0Z"></path>
</svg>
      </button>
      <div class="HeaderMenu-dropdown dropdown-menu rounded m-0 p-0 pt-2 pt-lg-4 position-relative position-lg-absolute left-0 left-lg-n3 d-lg-flex flex-wrap dropdown-menu-wide">
          <div class="HeaderMenu-column px-lg-4 border-lg-right mb-4 mb-lg-0 pr-lg-7">
              <div class="border-bottom pb-3 pb-lg-0 border-lg-bottom-0 pb-lg-3 mb-3 mb-lg-0">
                    <span class="d-block h4 color-fg-default my-1" id="solutions-by-company-size-heading">By company size</span>
                <ul class="list-style-none f5" aria-labelledby="solutions-by-company-size-heading">
                    <li>
  <a class="HeaderMenu-dropdown-link d-block no-underline position-relative py-2 Link--secondary" data-analytics-event="{&quot;location&quot;:&quot;navbar&quot;,&quot;action&quot;:&quot;enterprises&quot;,&quot;context&quot;:&quot;solutions&quot;,&quot;tag&quot;:&quot;link&quot;,&quot;label&quot;:&quot;enterprises_link_solutions_navbar&quot;}" href="https://github.com/enterprise">
      Enterprises

    
</a></li>

                    <li>
  <a class="HeaderMenu-dropdown-link d-block no-underline position-relative py-2 Link--secondary" data-analytics-event="{&quot;location&quot;:&quot;navbar&quot;,&quot;action&quot;:&quot;small_and_medium_teams&quot;,&quot;context&quot;:&quot;solutions&quot;,&quot;tag&quot;:&quot;link&quot;,&quot;label&quot;:&quot;small_and_medium_teams_link_solutions_navbar&quot;}" href="https://github.com/team">
      Small and medium teams

    
</a></li>

                    <li>
  <a class="HeaderMenu-dropdown-link d-block no-underline position-relative py-2 Link--secondary" data-analytics-event="{&quot;location&quot;:&quot;navbar&quot;,&quot;action&quot;:&quot;startups&quot;,&quot;context&quot;:&quot;solutions&quot;,&quot;tag&quot;:&quot;link&quot;,&quot;label&quot;:&quot;startups_link_solutions_navbar&quot;}" href="https://github.com/enterprise/startups">
      Startups

    
</a></li>

                    <li>
  <a class="HeaderMenu-dropdown-link d-block no-underline position-relative py-2 Link--secondary" data-analytics-event="{&quot;location&quot;:&quot;navbar&quot;,&quot;action&quot;:&quot;nonprofits&quot;,&quot;context&quot;:&quot;solutions&quot;,&quot;tag&quot;:&quot;link&quot;,&quot;label&quot;:&quot;nonprofits_link_solutions_navbar&quot;}" href="/solutions/industry/nonprofits">
      Nonprofits

    
</a></li>

                </ul>
              </div>
              <div class="border-bottom pb-3 pb-lg-0 border-lg-bottom-0">
                    <span class="d-block h4 color-fg-default my-1" id="solutions-by-use-case-heading">By use case</span>
                <ul class="list-style-none f5" aria-labelledby="solutions-by-use-case-heading">
                    <li>
  <a class="HeaderMenu-dropdown-link d-block no-underline position-relative py-2 Link--secondary" data-analytics-event="{&quot;location&quot;:&quot;navbar&quot;,&quot;action&quot;:&quot;devsecops&quot;,&quot;context&quot;:&quot;solutions&quot;,&quot;tag&quot;:&quot;link&quot;,&quot;label&quot;:&quot;devsecops_link_solutions_navbar&quot;}" href="/solutions/use-case/devsecops">
      DevSecOps

    
</a></li>

                    <li>
  <a class="HeaderMenu-dropdown-link d-block no-underline position-relative py-2 Link--secondary" data-analytics-event="{&quot;location&quot;:&quot;navbar&quot;,&quot;action&quot;:&quot;devops&quot;,&quot;context&quot;:&quot;solutions&quot;,&quot;tag&quot;:&quot;link&quot;,&quot;label&quot;:&quot;devops_link_solutions_navbar&quot;}" href="/solutions/use-case/devops">
      DevOps

    
</a></li>

                    <li>
  <a class="HeaderMenu-dropdown-link d-block no-underline position-relative py-2 Link--secondary" data-analytics-event="{&quot;location&quot;:&quot;navbar&quot;,&quot;action&quot;:&quot;ci_cd&quot;,&quot;context&quot;:&quot;solutions&quot;,&quot;tag&quot;:&quot;link&quot;,&quot;label&quot;:&quot;ci_cd_link_solutions_navbar&quot;}" href="/solutions/use-case/ci-cd">
      CI/CD

    
</a></li>

                    <li>
  <a class="HeaderMenu-dropdown-link d-block no-underline position-relative py-2 Link--secondary" data-analytics-event="{&quot;location&quot;:&quot;navbar&quot;,&quot;action&quot;:&quot;view_all_use_cases&quot;,&quot;context&quot;:&quot;solutions&quot;,&quot;tag&quot;:&quot;link&quot;,&quot;label&quot;:&quot;view_all_use_cases_link_solutions_navbar&quot;}" href="/solutions/use-case">
      View all use cases

    
</a></li>

                </ul>
              </div>
          </div>
          <div class="HeaderMenu-column px-lg-4">
              <div class="border-bottom pb-3 pb-lg-0 border-lg-bottom-0">
                    <span class="d-block h4 color-fg-default my-1" id="solutions-by-industry-heading">By industry</span>
                <ul class="list-style-none f5" aria-labelledby="solutions-by-industry-heading">
                    <li>
  <a class="HeaderMenu-dropdown-link d-block no-underline position-relative py-2 Link--secondary" data-analytics-event="{&quot;location&quot;:&quot;navbar&quot;,&quot;action&quot;:&quot;healthcare&quot;,&quot;context&quot;:&quot;solutions&quot;,&quot;tag&quot;:&quot;link&quot;,&quot;label&quot;:&quot;healthcare_link_solutions_navbar&quot;}" href="/solutions/industry/healthcare">
      Healthcare

    
</a></li>

                    <li>
  <a class="HeaderMenu-dropdown-link d-block no-underline position-relative py-2 Link--secondary" data-analytics-event="{&quot;location&quot;:&quot;navbar&quot;,&quot;action&quot;:&quot;financial_services&quot;,&quot;context&quot;:&quot;solutions&quot;,&quot;tag&quot;:&quot;link&quot;,&quot;label&quot;:&quot;financial_services_link_solutions_navbar&quot;}" href="/solutions/industry/financial-services">
      Financial services

    
</a></li>

                    <li>
  <a class="HeaderMenu-dropdown-link d-block no-underline position-relative py-2 Link--secondary" data-analytics-event="{&quot;location&quot;:&quot;navbar&quot;,&quot;action&quot;:&quot;manufacturing&quot;,&quot;context&quot;:&quot;solutions&quot;,&quot;tag&quot;:&quot;link&quot;,&quot;label&quot;:&quot;manufacturing_link_solutions_navbar&quot;}" href="/solutions/industry/manufacturing">
      Manufacturing

    
</a></li>

                    <li>
  <a class="HeaderMenu-dropdown-link d-block no-underline position-relative py-2 Link--secondary" data-analytics-event="{&quot;location&quot;:&quot;navbar&quot;,&quot;action&quot;:&quot;government&quot;,&quot;context&quot;:&quot;solutions&quot;,&quot;tag&quot;:&quot;link&quot;,&quot;label&quot;:&quot;government_link_solutions_navbar&quot;}" href="/solutions/industry/government">
      Government

    
</a></li>

                    <li>
  <a class="HeaderMenu-dropdown-link d-block no-underline position-relative py-2 Link--secondary" data-analytics-event="{&quot;location&quot;:&quot;navbar&quot;,&quot;action&quot;:&quot;view_all_industries&quot;,&quot;context&quot;:&quot;solutions&quot;,&quot;tag&quot;:&quot;link&quot;,&quot;label&quot;:&quot;view_all_industries_link_solutions_navbar&quot;}" href="/solutions/industry">
      View all industries

    
</a></li>

                </ul>
              </div>
          </div>
         <div class="HeaderMenu-trailing-link rounded-bottom-2 flex-shrink-0 mt-lg-4 px-lg-4 py-4 py-lg-3 f5 text-semibold">
            <a href="/solutions">
              View all solutions
              <svg aria-hidden="true" height="16" viewBox="0 0 16 16" version="1.1" width="16" data-view-component="true" class="octicon octicon-chevron-right HeaderMenu-trailing-link-icon">
    <path d="M6.22 3.22a.75.75 0 0 1 1.06 0l4.25 4.25a.75.75 0 0 1 0 1.06l-4.25 4.25a.751.751 0 0 1-1.042-.018.751.751 0 0 1-.018-1.042L9.94 8 6.22 4.28a.75.75 0 0 1 0-1.06Z"></path>
</svg>
</a>         </div>
      </div>
</li>


                <li class="HeaderMenu-item position-relative flex-wrap flex-justify-between flex-items-center d-block d-lg-flex flex-lg-nowrap flex-lg-items-center js-details-container js-header-menu-item">
      <button type="button" class="HeaderMenu-link border-0 width-full width-lg-auto px-0 px-lg-2 py-lg-2 no-wrap d-flex flex-items-center flex-justify-between js-details-target" aria-expanded="false">
        Resources
        <svg opacity="0.5" aria-hidden="true" height="16" viewBox="0 0 16 16" version="1.1" width="16" data-view-component="true" class="octicon octicon-chevron-down HeaderMenu-icon ml-1">
    <path d="M12.78 5.22a.749.749 0 0 1 0 1.06l-4.25 4.25a.749.749 0 0 1-1.06 0L3.22 6.28a.749.749 0 1 1 1.06-1.06L8 8.939l3.72-3.719a.749.749 0 0 1 1.06 0Z"></path>
</svg>
      </button>
      <div class="HeaderMenu-dropdown dropdown-menu rounded m-0 p-0 pt-2 pt-lg-4 position-relative position-lg-absolute left-0 left-lg-n3 pb-2 pb-lg-4 d-lg-flex flex-wrap dropdown-menu-wide">
          <div class="HeaderMenu-column px-lg-4 border-lg-right mb-4 mb-lg-0 pr-lg-7">
              <div class="border-bottom pb-3 pb-lg-0 border-lg-bottom-0">
                    <span class="d-block h4 color-fg-default my-1" id="resources-topics-heading">Topics</span>
                <ul class="list-style-none f5" aria-labelledby="resources-topics-heading">
                    <li>
  <a class="HeaderMenu-dropdown-link d-block no-underline position-relative py-2 Link--secondary" data-analytics-event="{&quot;location&quot;:&quot;navbar&quot;,&quot;action&quot;:&quot;ai&quot;,&quot;context&quot;:&quot;resources&quot;,&quot;tag&quot;:&quot;link&quot;,&quot;label&quot;:&quot;ai_link_resources_navbar&quot;}" href="/resources/articles/ai">
      AI

    
</a></li>

                    <li>
  <a class="HeaderMenu-dropdown-link d-block no-underline position-relative py-2 Link--secondary" data-analytics-event="{&quot;location&quot;:&quot;navbar&quot;,&quot;action&quot;:&quot;devops&quot;,&quot;context&quot;:&quot;resources&quot;,&quot;tag&quot;:&quot;link&quot;,&quot;label&quot;:&quot;devops_link_resources_navbar&quot;}" href="/resources/articles/devops">
      DevOps

    
</a></li>

                    <li>
  <a class="HeaderMenu-dropdown-link d-block no-underline position-relative py-2 Link--secondary" data-analytics-event="{&quot;location&quot;:&quot;navbar&quot;,&quot;action&quot;:&quot;security&quot;,&quot;context&quot;:&quot;resources&quot;,&quot;tag&quot;:&quot;link&quot;,&quot;label&quot;:&quot;security_link_resources_navbar&quot;}" href="/resources/articles/security">
      Security

    
</a></li>

                    <li>
  <a class="HeaderMenu-dropdown-link d-block no-underline position-relative py-2 Link--secondary" data-analytics-event="{&quot;location&quot;:&quot;navbar&quot;,&quot;action&quot;:&quot;software_development&quot;,&quot;context&quot;:&quot;resources&quot;,&quot;tag&quot;:&quot;link&quot;,&quot;label&quot;:&quot;software_development_link_resources_navbar&quot;}" href="/resources/articles/software-development">
      Software Development

    
</a></li>

                    <li>
  <a class="HeaderMenu-dropdown-link d-block no-underline position-relative py-2 Link--secondary" data-analytics-event="{&quot;location&quot;:&quot;navbar&quot;,&quot;action&quot;:&quot;view_all&quot;,&quot;context&quot;:&quot;resources&quot;,&quot;tag&quot;:&quot;link&quot;,&quot;label&quot;:&quot;view_all_link_resources_navbar&quot;}" href="/resources/articles">
      View all

    
</a></li>

                </ul>
              </div>
          </div>
          <div class="HeaderMenu-column px-lg-4">
              <div class="border-bottom pb-3 pb-lg-0 border-lg-bottom-0 border-bottom-0">
                    <span class="d-block h4 color-fg-default my-1" id="resources-explore-heading">Explore</span>
                <ul class="list-style-none f5" aria-labelledby="resources-explore-heading">
                    <li>
  <a class="HeaderMenu-dropdown-link d-block no-underline position-relative py-2 Link--secondary Link--external" target="_blank" data-analytics-event="{&quot;location&quot;:&quot;navbar&quot;,&quot;action&quot;:&quot;learning_pathways&quot;,&quot;context&quot;:&quot;resources&quot;,&quot;tag&quot;:&quot;link&quot;,&quot;label&quot;:&quot;learning_pathways_link_resources_navbar&quot;}" href="https://resources.github.com/learn/pathways">
      Learning Pathways

    <svg aria-hidden="true" height="16" viewBox="0 0 16 16" version="1.1" width="16" data-view-component="true" class="octicon octicon-link-external HeaderMenu-external-icon color-fg-subtle">
    <path d="M3.75 2h3.5a.75.75 0 0 1 0 1.5h-3.5a.25.25 0 0 0-.25.25v8.5c0 .138.112.25.25.25h8.5a.25.25 0 0 0 .25-.25v-3.5a.75.75 0 0 1 1.5 0v3.5A1.75 1.75 0 0 1 12.25 14h-8.5A1.75 1.75 0 0 1 2 12.25v-8.5C2 2.784 2.784 2 3.75 2Zm6.854-1h4.146a.25.25 0 0 1 .25.25v4.146a.25.25 0 0 1-.427.177L13.03 4.03 9.28 7.78a.751.751 0 0 1-1.042-.018.751.751 0 0 1-.018-1.042l3.75-3.75-1.543-1.543A.25.25 0 0 1 10.604 1Z"></path>
</svg>
</a></li>

                    <li>
  <a class="HeaderMenu-dropdown-link d-block no-underline position-relative py-2 Link--secondary Link--external" target="_blank" data-analytics-event="{&quot;location&quot;:&quot;navbar&quot;,&quot;action&quot;:&quot;events_amp_webinars&quot;,&quot;context&quot;:&quot;resources&quot;,&quot;tag&quot;:&quot;link&quot;,&quot;label&quot;:&quot;events_amp_webinars_link_resources_navbar&quot;}" href="https://resources.github.com">
      Events &amp; Webinars

    <svg aria-hidden="true" height="16" viewBox="0 0 16 16" version="1.1" width="16" data-view-component="true" class="octicon octicon-link-external HeaderMenu-external-icon color-fg-subtle">
    <path d="M3.75 2h3.5a.75.75 0 0 1 0 1.5h-3.5a.25.25 0 0 0-.25.25v8.5c0 .138.112.25.25.25h8.5a.25.25 0 0 0 .25-.25v-3.5a.75.75 0 0 1 1.5 0v3.5A1.75 1.75 0 0 1 12.25 14h-8.5A1.75 1.75 0 0 1 2 12.25v-8.5C2 2.784 2.784 2 3.75 2Zm6.854-1h4.146a.25.25 0 0 1 .25.25v4.146a.25.25 0 0 1-.427.177L13.03 4.03 9.28 7.78a.751.751 0 0 1-1.042-.018.751.751 0 0 1-.018-1.042l3.75-3.75-1.543-1.543A.25.25 0 0 1 10.604 1Z"></path>
</svg>
</a></li>

                    <li>
  <a class="HeaderMenu-dropdown-link d-block no-underline position-relative py-2 Link--secondary" data-analytics-event="{&quot;location&quot;:&quot;navbar&quot;,&quot;action&quot;:&quot;ebooks_amp_whitepapers&quot;,&quot;context&quot;:&quot;resources&quot;,&quot;tag&quot;:&quot;link&quot;,&quot;label&quot;:&quot;ebooks_amp_whitepapers_link_resources_navbar&quot;}" href="https://github.com/resources/whitepapers">
      Ebooks &amp; Whitepapers

    
</a></li>

                    <li>
  <a class="HeaderMenu-dropdown-link d-block no-underline position-relative py-2 Link--secondary" data-analytics-event="{&quot;location&quot;:&quot;navbar&quot;,&quot;action&quot;:&quot;customer_stories&quot;,&quot;context&quot;:&quot;resources&quot;,&quot;tag&quot;:&quot;link&quot;,&quot;label&quot;:&quot;customer_stories_link_resources_navbar&quot;}" href="https://github.com/customer-stories">
      Customer Stories

    
</a></li>

                    <li>
  <a class="HeaderMenu-dropdown-link d-block no-underline position-relative py-2 Link--secondary Link--external" target="_blank" data-analytics-event="{&quot;location&quot;:&quot;navbar&quot;,&quot;action&quot;:&quot;partners&quot;,&quot;context&quot;:&quot;resources&quot;,&quot;tag&quot;:&quot;link&quot;,&quot;label&quot;:&quot;partners_link_resources_navbar&quot;}" href="https://partner.github.com">
      Partners

    <svg aria-hidden="true" height="16" viewBox="0 0 16 16" version="1.1" width="16" data-view-component="true" class="octicon octicon-link-external HeaderMenu-external-icon color-fg-subtle">
    <path d="M3.75 2h3.5a.75.75 0 0 1 0 1.5h-3.5a.25.25 0 0 0-.25.25v8.5c0 .138.112.25.25.25h8.5a.25.25 0 0 0 .25-.25v-3.5a.75.75 0 0 1 1.5 0v3.5A1.75 1.75 0 0 1 12.25 14h-8.5A1.75 1.75 0 0 1 2 12.25v-8.5C2 2.784 2.784 2 3.75 2Zm6.854-1h4.146a.25.25 0 0 1 .25.25v4.146a.25.25 0 0 1-.427.177L13.03 4.03 9.28 7.78a.751.751 0 0 1-1.042-.018.751.751 0 0 1-.018-1.042l3.75-3.75-1.543-1.543A.25.25 0 0 1 10.604 1Z"></path>
</svg>
</a></li>

                    <li>
  <a class="HeaderMenu-dropdown-link d-block no-underline position-relative py-2 Link--secondary" data-analytics-event="{&quot;location&quot;:&quot;navbar&quot;,&quot;action&quot;:&quot;executive_insights&quot;,&quot;context&quot;:&quot;resources&quot;,&quot;tag&quot;:&quot;link&quot;,&quot;label&quot;:&quot;executive_insights_link_resources_navbar&quot;}" href="https://github.com/solutions/executive-insights">
      Executive Insights

    
</a></li>

                </ul>
              </div>
          </div>
      </div>
</li>


                <li class="HeaderMenu-item position-relative flex-wrap flex-justify-between flex-items-center d-block d-lg-flex flex-lg-nowrap flex-lg-items-center js-details-container js-header-menu-item">
      <button type="button" class="HeaderMenu-link border-0 width-full width-lg-auto px-0 px-lg-2 py-lg-2 no-wrap d-flex flex-items-center flex-justify-between js-details-target" aria-expanded="false">
        Open Source
        <svg opacity="0.5" aria-hidden="true" height="16" viewBox="0 0 16 16" version="1.1" width="16" data-view-component="true" class="octicon octicon-chevron-down HeaderMenu-icon ml-1">
    <path d="M12.78 5.22a.749.749 0 0 1 0 1.06l-4.25 4.25a.749.749 0 0 1-1.06 0L3.22 6.28a.749.749 0 1 1 1.06-1.06L8 8.939l3.72-3.719a.749.749 0 0 1 1.06 0Z"></path>
</svg>
      </button>
      <div class="HeaderMenu-dropdown dropdown-menu rounded m-0 p-0 pt-2 pt-lg-4 position-relative position-lg-absolute left-0 left-lg-n3 pb-2 pb-lg-4 px-lg-4">
          <div class="HeaderMenu-column">
              <div class="border-bottom pb-3 pb-lg-0 pb-lg-3 mb-3 mb-lg-0 mb-lg-3">
                <ul class="list-style-none f5" >
                    <li>
  <a class="HeaderMenu-dropdown-link d-block no-underline position-relative py-2 Link--secondary d-flex flex-items-center Link--has-description" data-analytics-event="{&quot;location&quot;:&quot;navbar&quot;,&quot;action&quot;:&quot;github_sponsors&quot;,&quot;context&quot;:&quot;open_source&quot;,&quot;tag&quot;:&quot;link&quot;,&quot;label&quot;:&quot;github_sponsors_link_open_source_navbar&quot;}" href="/sponsors">
      
      <div>
        <div class="color-fg-default h4">GitHub Sponsors</div>
        Fund open source developers
      </div>

    
</a></li>

                </ul>
              </div>
              <div class="border-bottom pb-3 pb-lg-0 pb-lg-3 mb-3 mb-lg-0 mb-lg-3">
                <ul class="list-style-none f5" >
                    <li>
  <a class="HeaderMenu-dropdown-link d-block no-underline position-relative py-2 Link--secondary d-flex flex-items-center Link--has-description" data-analytics-event="{&quot;location&quot;:&quot;navbar&quot;,&quot;action&quot;:&quot;the_readme_project&quot;,&quot;context&quot;:&quot;open_source&quot;,&quot;tag&quot;:&quot;link&quot;,&quot;label&quot;:&quot;the_readme_project_link_open_source_navbar&quot;}" href="https://github.com/readme">
      
      <div>
        <div class="color-fg-default h4">The ReadME Project</div>
        GitHub community articles
      </div>

    
</a></li>

                </ul>
              </div>
              <div class="border-bottom pb-3 pb-lg-0 border-bottom-0">
                    <span class="d-block h4 color-fg-default my-1" id="open-source-repositories-heading">Repositories</span>
                <ul class="list-style-none f5" aria-labelledby="open-source-repositories-heading">
                    <li>
  <a class="HeaderMenu-dropdown-link d-block no-underline position-relative py-2 Link--secondary" data-analytics-event="{&quot;location&quot;:&quot;navbar&quot;,&quot;action&quot;:&quot;topics&quot;,&quot;context&quot;:&quot;open_source&quot;,&quot;tag&quot;:&quot;link&quot;,&quot;label&quot;:&quot;topics_link_open_source_navbar&quot;}" href="https://github.com/topics">
      Topics

    
</a></li>

                    <li>
  <a class="HeaderMenu-dropdown-link d-block no-underline position-relative py-2 Link--secondary" data-analytics-event="{&quot;location&quot;:&quot;navbar&quot;,&quot;action&quot;:&quot;trending&quot;,&quot;context&quot;:&quot;open_source&quot;,&quot;tag&quot;:&quot;link&quot;,&quot;label&quot;:&quot;trending_link_open_source_navbar&quot;}" href="https://github.com/trending">
      Trending

    
</a></li>

                    <li>
  <a class="HeaderMenu-dropdown-link d-block no-underline position-relative py-2 Link--secondary" data-analytics-event="{&quot;location&quot;:&quot;navbar&quot;,&quot;action&quot;:&quot;collections&quot;,&quot;context&quot;:&quot;open_source&quot;,&quot;tag&quot;:&quot;link&quot;,&quot;label&quot;:&quot;collections_link_open_source_navbar&quot;}" href="https://github.com/collections">
      Collections

    
</a></li>

                </ul>
              </div>
          </div>
      </div>
</li>


                <li class="HeaderMenu-item position-relative flex-wrap flex-justify-between flex-items-center d-block d-lg-flex flex-lg-nowrap flex-lg-items-center js-details-container js-header-menu-item">
      <button type="button" class="HeaderMenu-link border-0 width-full width-lg-auto px-0 px-lg-2 py-lg-2 no-wrap d-flex flex-items-center flex-justify-between js-details-target" aria-expanded="false">
        Enterprise
        <svg opacity="0.5" aria-hidden="true" height="16" viewBox="0 0 16 16" version="1.1" width="16" data-view-component="true" class="octicon octicon-chevron-down HeaderMenu-icon ml-1">
    <path d="M12.78 5.22a.749.749 0 0 1 0 1.06l-4.25 4.25a.749.749 0 0 1-1.06 0L3.22 6.28a.749.749 0 1 1 1.06-1.06L8 8.939l3.72-3.719a.749.749 0 0 1 1.06 0Z"></path>
</svg>
      </button>
      <div class="HeaderMenu-dropdown dropdown-menu rounded m-0 p-0 pt-2 pt-lg-4 position-relative position-lg-absolute left-0 left-lg-n3 pb-2 pb-lg-4 px-lg-4">
          <div class="HeaderMenu-column">
              <div class="border-bottom pb-3 pb-lg-0 pb-lg-3 mb-3 mb-lg-0 mb-lg-3">
                <ul class="list-style-none f5" >
                    <li>
  <a class="HeaderMenu-dropdown-link d-block no-underline position-relative py-2 Link--secondary d-flex flex-items-center Link--has-description" data-analytics-event="{&quot;location&quot;:&quot;navbar&quot;,&quot;action&quot;:&quot;enterprise_platform&quot;,&quot;context&quot;:&quot;enterprise&quot;,&quot;tag&quot;:&quot;link&quot;,&quot;label&quot;:&quot;enterprise_platform_link_enterprise_navbar&quot;}" href="/enterprise">
      <svg aria-hidden="true" height="24" viewBox="0 0 24 24" version="1.1" width="24" data-view-component="true" class="octicon octicon-stack color-fg-subtle mr-3">
    <path d="M11.063 1.456a1.749 1.749 0 0 1 1.874 0l8.383 5.316a1.751 1.751 0 0 1 0 2.956l-8.383 5.316a1.749 1.749 0 0 1-1.874 0L2.68 9.728a1.751 1.751 0 0 1 0-2.956Zm1.071 1.267a.25.25 0 0 0-.268 0L3.483 8.039a.25.25 0 0 0 0 .422l8.383 5.316a.25.25 0 0 0 .268 0l8.383-5.316a.25.25 0 0 0 0-.422Z"></path><path d="M1.867 12.324a.75.75 0 0 1 1.035-.232l8.964 5.685a.25.25 0 0 0 .268 0l8.964-5.685a.75.75 0 0 1 .804 1.267l-8.965 5.685a1.749 1.749 0 0 1-1.874 0l-8.965-5.685a.75.75 0 0 1-.231-1.035Z"></path><path d="M1.867 16.324a.75.75 0 0 1 1.035-.232l8.964 5.685a.25.25 0 0 0 .268 0l8.964-5.685a.75.75 0 0 1 .804 1.267l-8.965 5.685a1.749 1.749 0 0 1-1.874 0l-8.965-5.685a.75.75 0 0 1-.231-1.035Z"></path>
</svg>
      <div>
        <div class="color-fg-default h4">Enterprise platform</div>
        AI-powered developer platform
      </div>

    
</a></li>

                </ul>
              </div>
              <div class="border-bottom pb-3 pb-lg-0 border-bottom-0">
                    <span class="d-block h4 color-fg-default my-1" id="enterprise-available-add-ons-heading">Available add-ons</span>
                <ul class="list-style-none f5" aria-labelledby="enterprise-available-add-ons-heading">
                    <li>
  <a class="HeaderMenu-dropdown-link d-block no-underline position-relative py-2 Link--secondary d-flex flex-items-center Link--has-description pb-lg-3" data-analytics-event="{&quot;location&quot;:&quot;navbar&quot;,&quot;action&quot;:&quot;github_advanced_security&quot;,&quot;context&quot;:&quot;enterprise&quot;,&quot;tag&quot;:&quot;link&quot;,&quot;label&quot;:&quot;github_advanced_security_link_enterprise_navbar&quot;}" href="https://github.com/security/advanced-security">
      <svg aria-hidden="true" height="24" viewBox="0 0 24 24" version="1.1" width="24" data-view-component="true" class="octicon octicon-shield-check color-fg-subtle mr-3">
    <path d="M16.53 9.78a.75.75 0 0 0-1.06-1.06L11 13.19l-1.97-1.97a.75.75 0 0 0-1.06 1.06l2.5 2.5a.75.75 0 0 0 1.06 0l5-5Z"></path><path d="m12.54.637 8.25 2.675A1.75 1.75 0 0 1 22 4.976V10c0 6.19-3.771 10.704-9.401 12.83a1.704 1.704 0 0 1-1.198 0C5.77 20.705 2 16.19 2 10V4.976c0-.758.489-1.43 1.21-1.664L11.46.637a1.748 1.748 0 0 1 1.08 0Zm-.617 1.426-8.25 2.676a.249.249 0 0 0-.173.237V10c0 5.46 3.28 9.483 8.43 11.426a.199.199 0 0 0 .14 0C17.22 19.483 20.5 15.461 20.5 10V4.976a.25.25 0 0 0-.173-.237l-8.25-2.676a.253.253 0 0 0-.154 0Z"></path>
</svg>
      <div>
        <div class="color-fg-default h4">GitHub Advanced Security</div>
        Enterprise-grade security features
      </div>

    
</a></li>

                    
                    <li>
  <a class="HeaderMenu-dropdown-link d-block no-underline position-relative py-2 Link--secondary d-flex flex-items-center Link--has-description pb-lg-3" data-analytics-event="{&quot;location&quot;:&quot;navbar&quot;,&quot;action&quot;:&quot;copilot_for_business&quot;,&quot;context&quot;:&quot;enterprise&quot;,&quot;tag&quot;:&quot;link&quot;,&quot;label&quot;:&quot;copilot_for_business_link_enterprise_navbar&quot;}" href="/features/copilot/copilot-business">
      <svg aria-hidden="true" height="24" viewBox="0 0 24 24" version="1.1" width="24" data-view-component="true" class="octicon octicon-copilot color-fg-subtle mr-3">
    <path d="M23.922 16.992c-.861 1.495-5.859 5.023-11.922 5.023-6.063 0-11.061-3.528-11.922-5.023A.641.641 0 0 1 0 16.736v-2.869a.841.841 0 0 1 .053-.22c.372-.935 1.347-2.292 2.605-2.656.167-.429.414-1.055.644-1.517a10.195 10.195 0 0 1-.052-1.086c0-1.331.282-2.499 1.132-3.368.397-.406.89-.717 1.474-.952 1.399-1.136 3.392-2.093 6.122-2.093 2.731 0 4.767.957 6.166 2.093.584.235 1.077.546 1.474.952.85.869 1.132 2.037 1.132 3.368 0 .368-.014.733-.052 1.086.23.462.477 1.088.644 1.517 1.258.364 2.233 1.721 2.605 2.656a.832.832 0 0 1 .053.22v2.869a.641.641 0 0 1-.078.256ZM12.172 11h-.344a4.323 4.323 0 0 1-.355.508C10.703 12.455 9.555 13 7.965 13c-1.725 0-2.989-.359-3.782-1.259a2.005 2.005 0 0 1-.085-.104L4 11.741v6.585c1.435.779 4.514 2.179 8 2.179 3.486 0 6.565-1.4 8-2.179v-6.585l-.098-.104s-.033.045-.085.104c-.793.9-2.057 1.259-3.782 1.259-1.59 0-2.738-.545-3.508-1.492a4.323 4.323 0 0 1-.355-.508h-.016.016Zm.641-2.935c.136 1.057.403 1.913.878 2.497.442.544 1.134.938 2.344.938 1.573 0 2.292-.337 2.657-.751.384-.435.558-1.15.558-2.361 0-1.14-.243-1.847-.705-2.319-.477-.488-1.319-.862-2.824-1.025-1.487-.161-2.192.138-2.533.529-.269.307-.437.808-.438 1.578v.021c0 .265.021.562.063.893Zm-1.626 0c.042-.331.063-.628.063-.894v-.02c-.001-.77-.169-1.271-.438-1.578-.341-.391-1.046-.69-2.533-.529-1.505.163-2.347.537-2.824 1.025-.462.472-.705 1.179-.705 2.319 0 1.211.175 1.926.558 2.361.365.414 1.084.751 2.657.751 1.21 0 1.902-.394 2.344-.938.475-.584.742-1.44.878-2.497Z"></path><path d="M14.5 14.25a1 1 0 0 1 1 1v2a1 1 0 0 1-2 0v-2a1 1 0 0 1 1-1Zm-5 0a1 1 0 0 1 1 1v2a1 1 0 0 1-2 0v-2a1 1 0 0 1 1-1Z"></path>
</svg>
      <div>
        <div class="color-fg-default h4">Copilot for business</div>
        Enterprise-grade AI features
      </div>

    
</a></li>

                    <li>
  <a class="HeaderMenu-dropdown-link d-block no-underline position-relative py-2 Link--secondary d-flex flex-items-center Link--has-description" data-analytics-event="{&quot;location&quot;:&quot;navbar&quot;,&quot;action&quot;:&quot;premium_support&quot;,&quot;context&quot;:&quot;enterprise&quot;,&quot;tag&quot;:&quot;link&quot;,&quot;label&quot;:&quot;premium_support_link_enterprise_navbar&quot;}" href="/premium-support">
      <svg aria-hidden="true" height="24" viewBox="0 0 24 24" version="1.1" width="24" data-view-component="true" class="octicon octicon-comment-discussion color-fg-subtle mr-3">
    <path d="M1.75 1h12.5c.966 0 1.75.784 1.75 1.75v9.5A1.75 1.75 0 0 1 14.25 14H8.061l-2.574 2.573A1.458 1.458 0 0 1 3 15.543V14H1.75A1.75 1.75 0 0 1 0 12.25v-9.5C0 1.784.784 1 1.75 1ZM1.5 2.75v9.5c0 .138.112.25.25.25h2a.75.75 0 0 1 .75.75v2.19l2.72-2.72a.749.749 0 0 1 .53-.22h6.5a.25.25 0 0 0 .25-.25v-9.5a.25.25 0 0 0-.25-.25H1.75a.25.25 0 0 0-.25.25Z"></path><path d="M22.5 8.75a.25.25 0 0 0-.25-.25h-3.5a.75.75 0 0 1 0-1.5h3.5c.966 0 1.75.784 1.75 1.75v9.5A1.75 1.75 0 0 1 22.25 20H21v1.543a1.457 1.457 0 0 1-2.487 1.03L15.939 20H10.75A1.75 1.75 0 0 1 9 18.25v-1.465a.75.75 0 0 1 1.5 0v1.465c0 .138.112.25.25.25h5.5a.75.75 0 0 1 .53.22l2.72 2.72v-2.19a.75.75 0 0 1 .75-.75h2a.25.25 0 0 0 .25-.25v-9.5Z"></path>
</svg>
      <div>
        <div class="color-fg-default h4">Premium Support</div>
        Enterprise-grade 24/7 support
      </div>

    
</a></li>

                </ul>
              </div>
          </div>
      </div>
</li>


                <li class="HeaderMenu-item position-relative flex-wrap flex-justify-between flex-items-center d-block d-lg-flex flex-lg-nowrap flex-lg-items-center js-details-container js-header-menu-item">
    <a class="HeaderMenu-link no-underline px-0 px-lg-2 py-3 py-lg-2 d-block d-lg-inline-block" data-analytics-event="{&quot;location&quot;:&quot;navbar&quot;,&quot;action&quot;:&quot;pricing&quot;,&quot;context&quot;:&quot;global&quot;,&quot;tag&quot;:&quot;link&quot;,&quot;label&quot;:&quot;pricing_link_global_navbar&quot;}" href="https://github.com/pricing">Pricing</a>
</li>

            </ul>
          </nav>

        <div class="d-flex flex-column flex-lg-row width-full flex-justify-end flex-lg-items-center text-center mt-3 mt-lg-0 text-lg-left ml-lg-3">
                


<qbsearch-input class="search-input" data-scope="repo:Magafin/No-Man-s-Delight" data-custom-scopes-path="/search/custom_scopes" data-delete-custom-scopes-csrf="uqFTwUoDnSkPRfhoTB6vETF67S8z_7XhJy9cfDuagtRjsvljQbDPPXXzd9CjQzFCM4xMBptHSSbhesqKCb_DuA" data-max-custom-scopes="10" data-header-redesign-enabled="false" data-initial-value="" data-blackbird-suggestions-path="/search/suggestions" data-jump-to-suggestions-path="/_graphql/GetSuggestedNavigationDestinations" data-current-repository="Magafin/No-Man-s-Delight" data-current-org="" data-current-owner="Magafin" data-logged-in="false" data-copilot-chat-enabled="false" data-nl-search-enabled="false" data-retain-scroll-position="true">
  <div
    class="search-input-container search-with-dialog position-relative d-flex flex-row flex-items-center mr-4 rounded"
    data-action="click:qbsearch-input#searchInputContainerClicked"
  >
      <button
        type="button"
        class="header-search-button placeholder  input-button form-control d-flex flex-1 flex-self-stretch flex-items-center no-wrap width-full py-0 pl-2 pr-0 text-left border-0 box-shadow-none"
        data-target="qbsearch-input.inputButton"
        aria-label="Search or jump to…"
        aria-haspopup="dialog"
        placeholder="Search or jump to..."
        data-hotkey=s,/
        autocapitalize="off"
        data-analytics-event="{&quot;location&quot;:&quot;navbar&quot;,&quot;action&quot;:&quot;searchbar&quot;,&quot;context&quot;:&quot;global&quot;,&quot;tag&quot;:&quot;input&quot;,&quot;label&quot;:&quot;searchbar_input_global_navbar&quot;}"
        data-action="click:qbsearch-input#handleExpand"
      >
        <div class="mr-2 color-fg-muted">
          <svg aria-hidden="true" height="16" viewBox="0 0 16 16" version="1.1" width="16" data-view-component="true" class="octicon octicon-search">
    <path d="M10.68 11.74a6 6 0 0 1-7.922-8.982 6 6 0 0 1 8.982 7.922l3.04 3.04a.749.749 0 0 1-.326 1.275.749.749 0 0 1-.734-.215ZM11.5 7a4.499 4.499 0 1 0-8.997 0A4.499 4.499 0 0 0 11.5 7Z"></path>
</svg>
        </div>
        <span class="flex-1" data-target="qbsearch-input.inputButtonText">Search or jump to...</span>
          <div class="d-flex" data-target="qbsearch-input.hotkeyIndicator">
            <svg xmlns="http://www.w3.org/2000/svg" width="22" height="20" aria-hidden="true" class="mr-1"><path fill="none" stroke="#979A9C" opacity=".4" d="M3.5.5h12c1.7 0 3 1.3 3 3v13c0 1.7-1.3 3-3 3h-12c-1.7 0-3-1.3-3-3v-13c0-1.7 1.3-3 3-3z"></path><path fill="#979A9C" d="M11.8 6L8 15.1h-.9L10.8 6h1z"></path></svg>

          </div>
      </button>

    <input type="hidden" name="type" class="js-site-search-type-field">

    
<div class="Overlay--hidden " data-modal-dialog-overlay>
  <modal-dialog data-action="close:qbsearch-input#handleClose cancel:qbsearch-input#handleClose" data-target="qbsearch-input.searchSuggestionsDialog" role="dialog" id="search-suggestions-dialog" aria-modal="true" aria-labelledby="search-suggestions-dialog-header" data-view-component="true" class="Overlay Overlay--width-large Overlay--height-auto">
      <h1 id="search-suggestions-dialog-header" class="sr-only">Search code, repositories, users, issues, pull requests...</h1>
    <div class="Overlay-body Overlay-body--paddingNone">
      
          <div data-view-component="true">        <div class="search-suggestions position-fixed width-full color-shadow-large border color-fg-default color-bg-default overflow-hidden d-flex flex-column query-builder-container"
          style="border-radius: 12px;"
          data-target="qbsearch-input.queryBuilderContainer"
          hidden
        >
          <!-- '"` --><!-- </textarea></xmp> --></option></form><form id="query-builder-test-form" action="" accept-charset="UTF-8" method="get">
  <query-builder data-target="qbsearch-input.queryBuilder" id="query-builder-query-builder-test" data-filter-key=":" data-view-component="true" class="QueryBuilder search-query-builder">
    <div class="FormControl FormControl--fullWidth">
      <label id="query-builder-test-label" for="query-builder-test" class="FormControl-label sr-only">
        Search
      </label>
      <div
        class="QueryBuilder-StyledInput width-fit "
        data-target="query-builder.styledInput"
      >
          <span id="query-builder-test-leadingvisual-wrap" class="FormControl-input-leadingVisualWrap QueryBuilder-leadingVisualWrap">
            <svg aria-hidden="true" height="16" viewBox="0 0 16 16" version="1.1" width="16" data-view-component="true" class="octicon octicon-search FormControl-input-leadingVisual">
    <path d="M10.68 11.74a6 6 0 0 1-7.922-8.982 6 6 0 0 1 8.982 7.922l3.04 3.04a.749.749 0 0 1-.326 1.275.749.749 0 0 1-.734-.215ZM11.5 7a4.499 4.499 0 1 0-8.997 0A4.499 4.499 0 0 0 11.5 7Z"></path>
</svg>
          </span>
        <div data-target="query-builder.styledInputContainer" class="QueryBuilder-StyledInputContainer">
          <div
            aria-hidden="true"
            class="QueryBuilder-StyledInputContent"
            data-target="query-builder.styledInputContent"
          ></div>
          <div class="QueryBuilder-InputWrapper">
            <div aria-hidden="true" class="QueryBuilder-Sizer" data-target="query-builder.sizer"></div>
            <input id="query-builder-test" name="query-builder-test" value="" autocomplete="off" type="text" role="combobox" spellcheck="false" aria-expanded="false" aria-describedby="validation-0a249b6f-1b8f-461f-b17c-9b205627d3b9" data-target="query-builder.input" data-action="
          input:query-builder#inputChange
          blur:query-builder#inputBlur
          keydown:query-builder#inputKeydown
          focus:query-builder#inputFocus
        " data-view-component="true" class="FormControl-input QueryBuilder-Input FormControl-medium" />
          </div>
        </div>
          <span class="sr-only" id="query-builder-test-clear">Clear</span>
          <button role="button" id="query-builder-test-clear-button" aria-labelledby="query-builder-test-clear query-builder-test-label" data-target="query-builder.clearButton" data-action="
                click:query-builder#clear
                focus:query-builder#clearButtonFocus
                blur:query-builder#clearButtonBlur
              " variant="small" hidden="hidden" type="button" data-view-component="true" class="Button Button--iconOnly Button--invisible Button--medium mr-1 px-2 py-0 d-flex flex-items-center rounded-1 color-fg-muted">  <svg aria-hidden="true" height="16" viewBox="0 0 16 16" version="1.1" width="16" data-view-component="true" class="octicon octicon-x-circle-fill Button-visual">
    <path d="M2.343 13.657A8 8 0 1 1 13.658 2.343 8 8 0 0 1 2.343 13.657ZM6.03 4.97a.751.751 0 0 0-1.042.018.751.751 0 0 0-.018 1.042L6.94 8 4.97 9.97a.749.749 0 0 0 .326 1.275.749.749 0 0 0 .734-.215L8 9.06l1.97 1.97a.749.749 0 0 0 1.275-.326.749.749 0 0 0-.215-.734L9.06 8l1.97-1.97a.749.749 0 0 0-.326-1.275.749.749 0 0 0-.734.215L8 6.94Z"></path>
</svg>
</button>

      </div>
      <template id="search-icon">
  <svg aria-hidden="true" height="16" viewBox="0 0 16 16" version="1.1" width="16" data-view-component="true" class="octicon octicon-search">
    <path d="M10.68 11.74a6 6 0 0 1-7.922-8.982 6 6 0 0 1 8.982 7.922l3.04 3.04a.749.749 0 0 1-.326 1.275.749.749 0 0 1-.734-.215ZM11.5 7a4.499 4.499 0 1 0-8.997 0A4.499 4.499 0 0 0 11.5 7Z"></path>
</svg>
</template>

<template id="code-icon">
  <svg aria-hidden="true" height="16" viewBox="0 0 16 16" version="1.1" width="16" data-view-component="true" class="octicon octicon-code">
    <path d="m11.28 3.22 4.25 4.25a.75.75 0 0 1 0 1.06l-4.25 4.25a.749.749 0 0 1-1.275-.326.749.749 0 0 1 .215-.734L13.94 8l-3.72-3.72a.749.749 0 0 1 .326-1.275.749.749 0 0 1 .734.215Zm-6.56 0a.751.751 0 0 1 1.042.018.751.751 0 0 1 .018 1.042L2.06 8l3.72 3.72a.749.749 0 0 1-.326 1.275.749.749 0 0 1-.734-.215L.47 8.53a.75.75 0 0 1 0-1.06Z"></path>
</svg>
</template>

<template id="file-code-icon">
  <svg aria-hidden="true" height="16" viewBox="0 0 16 16" version="1.1" width="16" data-view-component="true" class="octicon octicon-file-code">
    <path d="M4 1.75C4 .784 4.784 0 5.75 0h5.586c.464 0 .909.184 1.237.513l2.914 2.914c.329.328.513.773.513 1.237v8.586A1.75 1.75 0 0 1 14.25 15h-9a.75.75 0 0 1 0-1.5h9a.25.25 0 0 0 .25-.25V6h-2.75A1.75 1.75 0 0 1 10 4.25V1.5H5.75a.25.25 0 0 0-.25.25v2.5a.75.75 0 0 1-1.5 0Zm1.72 4.97a.75.75 0 0 1 1.06 0l2 2a.75.75 0 0 1 0 1.06l-2 2a.749.749 0 0 1-1.275-.326.749.749 0 0 1 .215-.734l1.47-1.47-1.47-1.47a.75.75 0 0 1 0-1.06ZM3.28 7.78 1.81 9.25l1.47 1.47a.751.751 0 0 1-.018 1.042.751.751 0 0 1-1.042.018l-2-2a.75.75 0 0 1 0-1.06l2-2a.751.751 0 0 1 1.042.018.751.751 0 0 1 .018 1.042Zm8.22-6.218V4.25c0 .138.112.25.25.25h2.688l-.011-.013-2.914-2.914-.013-.011Z"></path>
</svg>
</template>

<template id="history-icon">
  <svg aria-hidden="true" height="16" viewBox="0 0 16 16" version="1.1" width="16" data-view-component="true" class="octicon octicon-history">
    <path d="m.427 1.927 1.215 1.215a8.002 8.002 0 1 1-1.6 5.685.75.75 0 1 1 1.493-.154 6.5 6.5 0 1 0 1.18-4.458l1.358 1.358A.25.25 0 0 1 3.896 6H.25A.25.25 0 0 1 0 5.75V2.104a.25.25 0 0 1 .427-.177ZM7.75 4a.75.75 0 0 1 .75.75v2.992l2.028.812a.75.75 0 0 1-.557 1.392l-2.5-1A.751.751 0 0 1 7 8.25v-3.5A.75.75 0 0 1 7.75 4Z"></path>
</svg>
</template>

<template id="repo-icon">
  <svg aria-hidden="true" height="16" viewBox="0 0 16 16" version="1.1" width="16" data-view-component="true" class="octicon octicon-repo">
    <path d="M2 2.5A2.5 2.5 0 0 1 4.5 0h8.75a.75.75 0 0 1 .75.75v12.5a.75.75 0 0 1-.75.75h-2.5a.75.75 0 0 1 0-1.5h1.75v-2h-8a1 1 0 0 0-.714 1.7.75.75 0 1 1-1.072 1.05A2.495 2.495 0 0 1 2 11.5Zm10.5-1h-8a1 1 0 0 0-1 1v6.708A2.486 2.486 0 0 1 4.5 9h8ZM5 12.25a.25.25 0 0 1 .25-.25h3.5a.25.25 0 0 1 .25.25v3.25a.25.25 0 0 1-.4.2l-1.45-1.087a.249.249 0 0 0-.3 0L5.4 15.7a.25.25 0 0 1-.4-.2Z"></path>
</svg>
</template>

<template id="bookmark-icon">
  <svg aria-hidden="true" height="16" viewBox="0 0 16 16" version="1.1" width="16" data-view-component="true" class="octicon octicon-bookmark">
    <path d="M3 2.75C3 1.784 3.784 1 4.75 1h6.5c.966 0 1.75.784 1.75 1.75v11.5a.75.75 0 0 1-1.227.579L8 11.722l-3.773 3.107A.751.751 0 0 1 3 14.25Zm1.75-.25a.25.25 0 0 0-.25.25v9.91l3.023-2.489a.75.75 0 0 1 .954 0l3.023 2.49V2.75a.25.25 0 0 0-.25-.25Z"></path>
</svg>
</template>

<template id="plus-circle-icon">
  <svg aria-hidden="true" height="16" viewBox="0 0 16 16" version="1.1" width="16" data-view-component="true" class="octicon octicon-plus-circle">
    <path d="M8 0a8 8 0 1 1 0 16A8 8 0 0 1 8 0ZM1.5 8a6.5 6.5 0 1 0 13 0 6.5 6.5 0 0 0-13 0Zm7.25-3.25v2.5h2.5a.75.75 0 0 1 0 1.5h-2.5v2.5a.75.75 0 0 1-1.5 0v-2.5h-2.5a.75.75 0 0 1 0-1.5h2.5v-2.5a.75.75 0 0 1 1.5 0Z"></path>
</svg>
</template>

<template id="circle-icon">
  <svg aria-hidden="true" height="16" viewBox="0 0 16 16" version="1.1" width="16" data-view-component="true" class="octicon octicon-dot-fill">
    <path d="M8 4a4 4 0 1 1 0 8 4 4 0 0 1 0-8Z"></path>
</svg>
</template>

<template id="trash-icon">
  <svg aria-hidden="true" height="16" viewBox="0 0 16 16" version="1.1" width="16" data-view-component="true" class="octicon octicon-trash">
    <path d="M11 1.75V3h2.25a.75.75 0 0 1 0 1.5H2.75a.75.75 0 0 1 0-1.5H5V1.75C5 .784 5.784 0 6.75 0h2.5C10.216 0 11 .784 11 1.75ZM4.496 6.675l.66 6.6a.25.25 0 0 0 .249.225h5.19a.25.25 0 0 0 .249-.225l.66-6.6a.75.75 0 0 1 1.492.149l-.66 6.6A1.748 1.748 0 0 1 10.595 15h-5.19a1.75 1.75 0 0 1-1.741-1.575l-.66-6.6a.75.75 0 1 1 1.492-.15ZM6.5 1.75V3h3V1.75a.25.25 0 0 0-.25-.25h-2.5a.25.25 0 0 0-.25.25Z"></path>
</svg>
</template>

<template id="team-icon">
  <svg aria-hidden="true" height="16" viewBox="0 0 16 16" version="1.1" width="16" data-view-component="true" class="octicon octicon-people">
    <path d="M2 5.5a3.5 3.5 0 1 1 5.898 2.549 5.508 5.508 0 0 1 3.034 4.084.75.75 0 1 1-1.482.235 4 4 0 0 0-7.9 0 .75.75 0 0 1-1.482-.236A5.507 5.507 0 0 1 3.102 8.05 3.493 3.493 0 0 1 2 5.5ZM11 4a3.001 3.001 0 0 1 2.22 5.018 5.01 5.01 0 0 1 2.56 3.012.749.749 0 0 1-.885.954.752.752 0 0 1-.549-.514 3.507 3.507 0 0 0-2.522-2.372.75.75 0 0 1-.574-.73v-.352a.75.75 0 0 1 .416-.672A1.5 1.5 0 0 0 11 5.5.75.75 0 0 1 11 4Zm-5.5-.5a2 2 0 1 0-.001 3.999A2 2 0 0 0 5.5 3.5Z"></path>
</svg>
</template>

<template id="project-icon">
  <svg aria-hidden="true" height="16" viewBox="0 0 16 16" version="1.1" width="16" data-view-component="true" class="octicon octicon-project">
    <path d="M1.75 0h12.5C15.216 0 16 .784 16 1.75v12.5A1.75 1.75 0 0 1 14.25 16H1.75A1.75 1.75 0 0 1 0 14.25V1.75C0 .784.784 0 1.75 0ZM1.5 1.75v12.5c0 .138.112.25.25.25h12.5a.25.25 0 0 0 .25-.25V1.75a.25.25 0 0 0-.25-.25H1.75a.25.25 0 0 0-.25.25ZM11.75 3a.75.75 0 0 1 .75.75v7.5a.75.75 0 0 1-1.5 0v-7.5a.75.75 0 0 1 .75-.75Zm-8.25.75a.75.75 0 0 1 1.5 0v5.5a.75.75 0 0 1-1.5 0ZM8 3a.75.75 0 0 1 .75.75v3.5a.75.75 0 0 1-1.5 0v-3.5A.75.75 0 0 1 8 3Z"></path>
</svg>
</template>

<template id="pencil-icon">
  <svg aria-hidden="true" height="16" viewBox="0 0 16 16" version="1.1" width="16" data-view-component="true" class="octicon octicon-pencil">
    <path d="M11.013 1.427a1.75 1.75 0 0 1 2.474 0l1.086 1.086a1.75 1.75 0 0 1 0 2.474l-8.61 8.61c-.21.21-.47.364-.756.445l-3.251.93a.75.75 0 0 1-.927-.928l.929-3.25c.081-.286.235-.547.445-.758l8.61-8.61Zm.176 4.823L9.75 4.81l-6.286 6.287a.253.253 0 0 0-.064.108l-.558 1.953 1.953-.558a.253.253 0 0 0 .108-.064Zm1.238-3.763a.25.25 0 0 0-.354 0L10.811 3.75l1.439 1.44 1.263-1.263a.25.25 0 0 0 0-.354Z"></path>
</svg>
</template>

<template id="copilot-icon">
  <svg aria-hidden="true" height="16" viewBox="0 0 16 16" version="1.1" width="16" data-view-component="true" class="octicon octicon-copilot">
    <path d="M7.998 15.035c-4.562 0-7.873-2.914-7.998-3.749V9.338c.085-.628.677-1.686 1.588-2.065.013-.07.024-.143.036-.218.029-.183.06-.384.126-.612-.201-.508-.254-1.084-.254-1.656 0-.87.128-1.769.693-2.484.579-.733 1.494-1.124 2.724-1.261 1.206-.134 2.262.034 2.944.765.05.053.096.108.139.165.044-.057.094-.112.143-.165.682-.731 1.738-.899 2.944-.765 1.23.137 2.145.528 2.724 1.261.566.715.693 1.614.693 2.484 0 .572-.053 1.148-.254 1.656.066.228.098.429.126.612.012.076.024.148.037.218.924.385 1.522 1.471 1.591 2.095v1.872c0 .766-3.351 3.795-8.002 3.795Zm0-1.485c2.28 0 4.584-1.11 5.002-1.433V7.862l-.023-.116c-.49.21-1.075.291-1.727.291-1.146 0-2.059-.327-2.71-.991A3.222 3.222 0 0 1 8 6.303a3.24 3.24 0 0 1-.544.743c-.65.664-1.563.991-2.71.991-.652 0-1.236-.081-1.727-.291l-.023.116v4.255c.419.323 2.722 1.433 5.002 1.433ZM6.762 2.83c-.193-.206-.637-.413-1.682-.297-1.019.113-1.479.404-1.713.7-.247.312-.369.789-.369 1.554 0 .793.129 1.171.308 1.371.162.181.519.379 1.442.379.853 0 1.339-.235 1.638-.54.315-.322.527-.827.617-1.553.117-.935-.037-1.395-.241-1.614Zm4.155-.297c-1.044-.116-1.488.091-1.681.297-.204.219-.359.679-.242 1.614.091.726.303 1.231.618 1.553.299.305.784.54 1.638.54.922 0 1.28-.198 1.442-.379.179-.2.308-.578.308-1.371 0-.765-.123-1.242-.37-1.554-.233-.296-.693-.587-1.713-.7Z"></path><path d="M6.25 9.037a.75.75 0 0 1 .75.75v1.501a.75.75 0 0 1-1.5 0V9.787a.75.75 0 0 1 .75-.75Zm4.25.75v1.501a.75.75 0 0 1-1.5 0V9.787a.75.75 0 0 1 1.5 0Z"></path>
</svg>
</template>

<template id="copilot-error-icon">
  <svg aria-hidden="true" height="16" viewBox="0 0 16 16" version="1.1" width="16" data-view-component="true" class="octicon octicon-copilot-error">
    <path d="M16 11.24c0 .112-.072.274-.21.467L13 9.688V7.862l-.023-.116c-.49.21-1.075.291-1.727.291-.198 0-.388-.009-.571-.029L6.833 5.226a4.01 4.01 0 0 0 .17-.782c.117-.935-.037-1.395-.241-1.614-.193-.206-.637-.413-1.682-.297-.683.076-1.115.231-1.395.415l-1.257-.91c.579-.564 1.413-.877 2.485-.996 1.206-.134 2.262.034 2.944.765.05.053.096.108.139.165.044-.057.094-.112.143-.165.682-.731 1.738-.899 2.944-.765 1.23.137 2.145.528 2.724 1.261.566.715.693 1.614.693 2.484 0 .572-.053 1.148-.254 1.656.066.228.098.429.126.612.012.076.024.148.037.218.924.385 1.522 1.471 1.591 2.095Zm-5.083-8.707c-1.044-.116-1.488.091-1.681.297-.204.219-.359.679-.242 1.614.091.726.303 1.231.618 1.553.299.305.784.54 1.638.54.922 0 1.28-.198 1.442-.379.179-.2.308-.578.308-1.371 0-.765-.123-1.242-.37-1.554-.233-.296-.693-.587-1.713-.7Zm2.511 11.074c-1.393.776-3.272 1.428-5.43 1.428-4.562 0-7.873-2.914-7.998-3.749V9.338c.085-.628.677-1.686 1.588-2.065.013-.07.024-.143.036-.218.029-.183.06-.384.126-.612-.18-.455-.241-.963-.252-1.475L.31 4.107A.747.747 0 0 1 0 3.509V3.49a.748.748 0 0 1 .625-.73c.156-.026.306.047.435.139l14.667 10.578a.592.592 0 0 1 .227.264.752.752 0 0 1 .046.249v.022a.75.75 0 0 1-1.19.596Zm-1.367-.991L5.635 7.964a5.128 5.128 0 0 1-.889.073c-.652 0-1.236-.081-1.727-.291l-.023.116v4.255c.419.323 2.722 1.433 5.002 1.433 1.539 0 3.089-.505 4.063-.934Z"></path>
</svg>
</template>

<template id="workflow-icon">
  <svg aria-hidden="true" height="16" viewBox="0 0 16 16" version="1.1" width="16" data-view-component="true" class="octicon octicon-workflow">
    <path d="M0 1.75C0 .784.784 0 1.75 0h3.5C6.216 0 7 .784 7 1.75v3.5A1.75 1.75 0 0 1 5.25 7H4v4a1 1 0 0 0 1 1h4v-1.25C9 9.784 9.784 9 10.75 9h3.5c.966 0 1.75.784 1.75 1.75v3.5A1.75 1.75 0 0 1 14.25 16h-3.5A1.75 1.75 0 0 1 9 14.25v-.75H5A2.5 2.5 0 0 1 2.5 11V7h-.75A1.75 1.75 0 0 1 0 5.25Zm1.75-.25a.25.25 0 0 0-.25.25v3.5c0 .138.112.25.25.25h3.5a.25.25 0 0 0 .25-.25v-3.5a.25.25 0 0 0-.25-.25Zm9 9a.25.25 0 0 0-.25.25v3.5c0 .138.112.25.25.25h3.5a.25.25 0 0 0 .25-.25v-3.5a.25.25 0 0 0-.25-.25Z"></path>
</svg>
</template>

<template id="book-icon">
  <svg aria-hidden="true" height="16" viewBox="0 0 16 16" version="1.1" width="16" data-view-component="true" class="octicon octicon-book">
    <path d="M0 1.75A.75.75 0 0 1 .75 1h4.253c1.227 0 2.317.59 3 1.501A3.743 3.743 0 0 1 11.006 1h4.245a.75.75 0 0 1 .75.75v10.5a.75.75 0 0 1-.75.75h-4.507a2.25 2.25 0 0 0-1.591.659l-.622.621a.75.75 0 0 1-1.06 0l-.622-.621A2.25 2.25 0 0 0 5.258 13H.75a.75.75 0 0 1-.75-.75Zm7.251 10.324.004-5.073-.002-2.253A2.25 2.25 0 0 0 5.003 2.5H1.5v9h3.757a3.75 3.75 0 0 1 1.994.574ZM8.755 4.75l-.004 7.322a3.752 3.752 0 0 1 1.992-.572H14.5v-9h-3.495a2.25 2.25 0 0 0-2.25 2.25Z"></path>
</svg>
</template>

<template id="code-review-icon">
  <svg aria-hidden="true" height="16" viewBox="0 0 16 16" version="1.1" width="16" data-view-component="true" class="octicon octicon-code-review">
    <path d="M1.75 1h12.5c.966 0 1.75.784 1.75 1.75v8.5A1.75 1.75 0 0 1 14.25 13H8.061l-2.574 2.573A1.458 1.458 0 0 1 3 14.543V13H1.75A1.75 1.75 0 0 1 0 11.25v-8.5C0 1.784.784 1 1.75 1ZM1.5 2.75v8.5c0 .138.112.25.25.25h2a.75.75 0 0 1 .75.75v2.19l2.72-2.72a.749.749 0 0 1 .53-.22h6.5a.25.25 0 0 0 .25-.25v-8.5a.25.25 0 0 0-.25-.25H1.75a.25.25 0 0 0-.25.25Zm5.28 1.72a.75.75 0 0 1 0 1.06L5.31 7l1.47 1.47a.751.751 0 0 1-.018 1.042.751.751 0 0 1-1.042.018l-2-2a.75.75 0 0 1 0-1.06l2-2a.75.75 0 0 1 1.06 0Zm2.44 0a.75.75 0 0 1 1.06 0l2 2a.75.75 0 0 1 0 1.06l-2 2a.751.751 0 0 1-1.042-.018.751.751 0 0 1-.018-1.042L10.69 7 9.22 5.53a.75.75 0 0 1 0-1.06Z"></path>
</svg>
</template>

<template id="codespaces-icon">
  <svg aria-hidden="true" height="16" viewBox="0 0 16 16" version="1.1" width="16" data-view-component="true" class="octicon octicon-codespaces">
    <path d="M0 11.25c0-.966.784-1.75 1.75-1.75h12.5c.966 0 1.75.784 1.75 1.75v3A1.75 1.75 0 0 1 14.25 16H1.75A1.75 1.75 0 0 1 0 14.25Zm2-9.5C2 .784 2.784 0 3.75 0h8.5C13.216 0 14 .784 14 1.75v5a1.75 1.75 0 0 1-1.75 1.75h-8.5A1.75 1.75 0 0 1 2 6.75Zm1.75-.25a.25.25 0 0 0-.25.25v5c0 .138.112.25.25.25h8.5a.25.25 0 0 0 .25-.25v-5a.25.25 0 0 0-.25-.25Zm-2 9.5a.25.25 0 0 0-.25.25v3c0 .138.112.25.25.25h12.5a.25.25 0 0 0 .25-.25v-3a.25.25 0 0 0-.25-.25Z"></path><path d="M7 12.75a.75.75 0 0 1 .75-.75h4.5a.75.75 0 0 1 0 1.5h-4.5a.75.75 0 0 1-.75-.75Zm-4 0a.75.75 0 0 1 .75-.75h.5a.75.75 0 0 1 0 1.5h-.5a.75.75 0 0 1-.75-.75Z"></path>
</svg>
</template>

<template id="comment-icon">
  <svg aria-hidden="true" height="16" viewBox="0 0 16 16" version="1.1" width="16" data-view-component="true" class="octicon octicon-comment">
    <path d="M1 2.75C1 1.784 1.784 1 2.75 1h10.5c.966 0 1.75.784 1.75 1.75v7.5A1.75 1.75 0 0 1 13.25 12H9.06l-2.573 2.573A1.458 1.458 0 0 1 4 13.543V12H2.75A1.75 1.75 0 0 1 1 10.25Zm1.75-.25a.25.25 0 0 0-.25.25v7.5c0 .138.112.25.25.25h2a.75.75 0 0 1 .75.75v2.19l2.72-2.72a.749.749 0 0 1 .53-.22h4.5a.25.25 0 0 0 .25-.25v-7.5a.25.25 0 0 0-.25-.25Z"></path>
</svg>
</template>

<template id="comment-discussion-icon">
  <svg aria-hidden="true" height="16" viewBox="0 0 16 16" version="1.1" width="16" data-view-component="true" class="octicon octicon-comment-discussion">
    <path d="M1.75 1h8.5c.966 0 1.75.784 1.75 1.75v5.5A1.75 1.75 0 0 1 10.25 10H7.061l-2.574 2.573A1.458 1.458 0 0 1 2 11.543V10h-.25A1.75 1.75 0 0 1 0 8.25v-5.5C0 1.784.784 1 1.75 1ZM1.5 2.75v5.5c0 .138.112.25.25.25h1a.75.75 0 0 1 .75.75v2.19l2.72-2.72a.749.749 0 0 1 .53-.22h3.5a.25.25 0 0 0 .25-.25v-5.5a.25.25 0 0 0-.25-.25h-8.5a.25.25 0 0 0-.25.25Zm13 2a.25.25 0 0 0-.25-.25h-.5a.75.75 0 0 1 0-1.5h.5c.966 0 1.75.784 1.75 1.75v5.5A1.75 1.75 0 0 1 14.25 12H14v1.543a1.458 1.458 0 0 1-2.487 1.03L9.22 12.28a.749.749 0 0 1 .326-1.275.749.749 0 0 1 .734.215l2.22 2.22v-2.19a.75.75 0 0 1 .75-.75h1a.25.25 0 0 0 .25-.25Z"></path>
</svg>
</template>

<template id="organization-icon">
  <svg aria-hidden="true" height="16" viewBox="0 0 16 16" version="1.1" width="16" data-view-component="true" class="octicon octicon-organization">
    <path d="M1.75 16A1.75 1.75 0 0 1 0 14.25V1.75C0 .784.784 0 1.75 0h8.5C11.216 0 12 .784 12 1.75v12.5c0 .085-.006.168-.018.25h2.268a.25.25 0 0 0 .25-.25V8.285a.25.25 0 0 0-.111-.208l-1.055-.703a.749.749 0 1 1 .832-1.248l1.055.703c.487.325.779.871.779 1.456v5.965A1.75 1.75 0 0 1 14.25 16h-3.5a.766.766 0 0 1-.197-.026c-.099.017-.2.026-.303.026h-3a.75.75 0 0 1-.75-.75V14h-1v1.25a.75.75 0 0 1-.75.75Zm-.25-1.75c0 .138.112.25.25.25H4v-1.25a.75.75 0 0 1 .75-.75h2.5a.75.75 0 0 1 .75.75v1.25h2.25a.25.25 0 0 0 .25-.25V1.75a.25.25 0 0 0-.25-.25h-8.5a.25.25 0 0 0-.25.25ZM3.75 6h.5a.75.75 0 0 1 0 1.5h-.5a.75.75 0 0 1 0-1.5ZM3 3.75A.75.75 0 0 1 3.75 3h.5a.75.75 0 0 1 0 1.5h-.5A.75.75 0 0 1 3 3.75Zm4 3A.75.75 0 0 1 7.75 6h.5a.75.75 0 0 1 0 1.5h-.5A.75.75 0 0 1 7 6.75ZM7.75 3h.5a.75.75 0 0 1 0 1.5h-.5a.75.75 0 0 1 0-1.5ZM3 9.75A.75.75 0 0 1 3.75 9h.5a.75.75 0 0 1 0 1.5h-.5A.75.75 0 0 1 3 9.75ZM7.75 9h.5a.75.75 0 0 1 0 1.5h-.5a.75.75 0 0 1 0-1.5Z"></path>
</svg>
</template>

<template id="rocket-icon">
  <svg aria-hidden="true" height="16" viewBox="0 0 16 16" version="1.1" width="16" data-view-component="true" class="octicon octicon-rocket">
    <path d="M14.064 0h.186C15.216 0 16 .784 16 1.75v.186a8.752 8.752 0 0 1-2.564 6.186l-.458.459c-.314.314-.641.616-.979.904v3.207c0 .608-.315 1.172-.833 1.49l-2.774 1.707a.749.749 0 0 1-1.11-.418l-.954-3.102a1.214 1.214 0 0 1-.145-.125L3.754 9.816a1.218 1.218 0 0 1-.124-.145L.528 8.717a.749.749 0 0 1-.418-1.11l1.71-2.774A1.748 1.748 0 0 1 3.31 4h3.204c.288-.338.59-.665.904-.979l.459-.458A8.749 8.749 0 0 1 14.064 0ZM8.938 3.623h-.002l-.458.458c-.76.76-1.437 1.598-2.02 2.5l-1.5 2.317 2.143 2.143 2.317-1.5c.902-.583 1.74-1.26 2.499-2.02l.459-.458a7.25 7.25 0 0 0 2.123-5.127V1.75a.25.25 0 0 0-.25-.25h-.186a7.249 7.249 0 0 0-5.125 2.123ZM3.56 14.56c-.732.732-2.334 1.045-3.005 1.148a.234.234 0 0 1-.201-.064.234.234 0 0 1-.064-.201c.103-.671.416-2.273 1.15-3.003a1.502 1.502 0 1 1 2.12 2.12Zm6.94-3.935c-.088.06-.177.118-.266.175l-2.35 1.521.548 1.783 1.949-1.2a.25.25 0 0 0 .119-.213ZM3.678 8.116 5.2 5.766c.058-.09.117-.178.176-.266H3.309a.25.25 0 0 0-.213.119l-1.2 1.95ZM12 5a1 1 0 1 1-2 0 1 1 0 0 1 2 0Z"></path>
</svg>
</template>

<template id="shield-check-icon">
  <svg aria-hidden="true" height="16" viewBox="0 0 16 16" version="1.1" width="16" data-view-component="true" class="octicon octicon-shield-check">
    <path d="m8.533.133 5.25 1.68A1.75 1.75 0 0 1 15 3.48V7c0 1.566-.32 3.182-1.303 4.682-.983 1.498-2.585 2.813-5.032 3.855a1.697 1.697 0 0 1-1.33 0c-2.447-1.042-4.049-2.357-5.032-3.855C1.32 10.182 1 8.566 1 7V3.48a1.75 1.75 0 0 1 1.217-1.667l5.25-1.68a1.748 1.748 0 0 1 1.066 0Zm-.61 1.429.001.001-5.25 1.68a.251.251 0 0 0-.174.237V7c0 1.36.275 2.666 1.057 3.859.784 1.194 2.121 2.342 4.366 3.298a.196.196 0 0 0 .154 0c2.245-.957 3.582-2.103 4.366-3.297C13.225 9.666 13.5 8.358 13.5 7V3.48a.25.25 0 0 0-.174-.238l-5.25-1.68a.25.25 0 0 0-.153 0ZM11.28 6.28l-3.5 3.5a.75.75 0 0 1-1.06 0l-1.5-1.5a.749.749 0 0 1 .326-1.275.749.749 0 0 1 .734.215l.97.97 2.97-2.97a.751.751 0 0 1 1.042.018.751.751 0 0 1 .018 1.042Z"></path>
</svg>
</template>

<template id="heart-icon">
  <svg aria-hidden="true" height="16" viewBox="0 0 16 16" version="1.1" width="16" data-view-component="true" class="octicon octicon-heart">
    <path d="m8 14.25.345.666a.75.75 0 0 1-.69 0l-.008-.004-.018-.01a7.152 7.152 0 0 1-.31-.17 22.055 22.055 0 0 1-3.434-2.414C2.045 10.731 0 8.35 0 5.5 0 2.836 2.086 1 4.25 1 5.797 1 7.153 1.802 8 3.02 8.847 1.802 10.203 1 11.75 1 13.914 1 16 2.836 16 5.5c0 2.85-2.045 5.231-3.885 6.818a22.066 22.066 0 0 1-3.744 2.584l-.018.01-.006.003h-.002ZM4.25 2.5c-1.336 0-2.75 1.164-2.75 3 0 2.15 1.58 4.144 3.365 5.682A20.58 20.58 0 0 0 8 13.393a20.58 20.58 0 0 0 3.135-2.211C12.92 9.644 14.5 7.65 14.5 5.5c0-1.836-1.414-3-2.75-3-1.373 0-2.609.986-3.029 2.456a.749.749 0 0 1-1.442 0C6.859 3.486 5.623 2.5 4.25 2.5Z"></path>
</svg>
</template>

<template id="server-icon">
  <svg aria-hidden="true" height="16" viewBox="0 0 16 16" version="1.1" width="16" data-view-component="true" class="octicon octicon-server">
    <path d="M1.75 1h12.5c.966 0 1.75.784 1.75 1.75v4c0 .372-.116.717-.314 1 .198.283.314.628.314 1v4a1.75 1.75 0 0 1-1.75 1.75H1.75A1.75 1.75 0 0 1 0 12.75v-4c0-.358.109-.707.314-1a1.739 1.739 0 0 1-.314-1v-4C0 1.784.784 1 1.75 1ZM1.5 2.75v4c0 .138.112.25.25.25h12.5a.25.25 0 0 0 .25-.25v-4a.25.25 0 0 0-.25-.25H1.75a.25.25 0 0 0-.25.25Zm.25 5.75a.25.25 0 0 0-.25.25v4c0 .138.112.25.25.25h12.5a.25.25 0 0 0 .25-.25v-4a.25.25 0 0 0-.25-.25ZM7 4.75A.75.75 0 0 1 7.75 4h4.5a.75.75 0 0 1 0 1.5h-4.5A.75.75 0 0 1 7 4.75ZM7.75 10h4.5a.75.75 0 0 1 0 1.5h-4.5a.75.75 0 0 1 0-1.5ZM3 4.75A.75.75 0 0 1 3.75 4h.5a.75.75 0 0 1 0 1.5h-.5A.75.75 0 0 1 3 4.75ZM3.75 10h.5a.75.75 0 0 1 0 1.5h-.5a.75.75 0 0 1 0-1.5Z"></path>
</svg>
</template>

<template id="globe-icon">
  <svg aria-hidden="true" height="16" viewBox="0 0 16 16" version="1.1" width="16" data-view-component="true" class="octicon octicon-globe">
    <path d="M8 0a8 8 0 1 1 0 16A8 8 0 0 1 8 0ZM5.78 8.75a9.64 9.64 0 0 0 1.363 4.177c.255.426.542.832.857 1.215.245-.296.551-.705.857-1.215A9.64 9.64 0 0 0 10.22 8.75Zm4.44-1.5a9.64 9.64 0 0 0-1.363-4.177c-.307-.51-.612-.919-.857-1.215a9.927 9.927 0 0 0-.857 1.215A9.64 9.64 0 0 0 5.78 7.25Zm-5.944 1.5H1.543a6.507 6.507 0 0 0 4.666 5.5c-.123-.181-.24-.365-.352-.552-.715-1.192-1.437-2.874-1.581-4.948Zm-2.733-1.5h2.733c.144-2.074.866-3.756 1.58-4.948.12-.197.237-.381.353-.552a6.507 6.507 0 0 0-4.666 5.5Zm10.181 1.5c-.144 2.074-.866 3.756-1.58 4.948-.12.197-.237.381-.353.552a6.507 6.507 0 0 0 4.666-5.5Zm2.733-1.5a6.507 6.507 0 0 0-4.666-5.5c.123.181.24.365.353.552.714 1.192 1.436 2.874 1.58 4.948Z"></path>
</svg>
</template>

<template id="issue-opened-icon">
  <svg aria-hidden="true" height="16" viewBox="0 0 16 16" version="1.1" width="16" data-view-component="true" class="octicon octicon-issue-opened">
    <path d="M8 9.5a1.5 1.5 0 1 0 0-3 1.5 1.5 0 0 0 0 3Z"></path><path d="M8 0a8 8 0 1 1 0 16A8 8 0 0 1 8 0ZM1.5 8a6.5 6.5 0 1 0 13 0 6.5 6.5 0 0 0-13 0Z"></path>
</svg>
</template>

<template id="device-mobile-icon">
  <svg aria-hidden="true" height="16" viewBox="0 0 16 16" version="1.1" width="16" data-view-component="true" class="octicon octicon-device-mobile">
    <path d="M3.75 0h8.5C13.216 0 14 .784 14 1.75v12.5A1.75 1.75 0 0 1 12.25 16h-8.5A1.75 1.75 0 0 1 2 14.25V1.75C2 .784 2.784 0 3.75 0ZM3.5 1.75v12.5c0 .138.112.25.25.25h8.5a.25.25 0 0 0 .25-.25V1.75a.25.25 0 0 0-.25-.25h-8.5a.25.25 0 0 0-.25.25ZM8 13a1 1 0 1 1 0-2 1 1 0 0 1 0 2Z"></path>
</svg>
</template>

<template id="package-icon">
  <svg aria-hidden="true" height="16" viewBox="0 0 16 16" version="1.1" width="16" data-view-component="true" class="octicon octicon-package">
    <path d="m8.878.392 5.25 3.045c.54.314.872.89.872 1.514v6.098a1.75 1.75 0 0 1-.872 1.514l-5.25 3.045a1.75 1.75 0 0 1-1.756 0l-5.25-3.045A1.75 1.75 0 0 1 1 11.049V4.951c0-.624.332-1.201.872-1.514L7.122.392a1.75 1.75 0 0 1 1.756 0ZM7.875 1.69l-4.63 2.685L8 7.133l4.755-2.758-4.63-2.685a.248.248 0 0 0-.25 0ZM2.5 5.677v5.372c0 .09.047.171.125.216l4.625 2.683V8.432Zm6.25 8.271 4.625-2.683a.25.25 0 0 0 .125-.216V5.677L8.75 8.432Z"></path>
</svg>
</template>

<template id="credit-card-icon">
  <svg aria-hidden="true" height="16" viewBox="0 0 16 16" version="1.1" width="16" data-view-component="true" class="octicon octicon-credit-card">
    <path d="M10.75 9a.75.75 0 0 0 0 1.5h1.5a.75.75 0 0 0 0-1.5h-1.5Z"></path><path d="M0 3.75C0 2.784.784 2 1.75 2h12.5c.966 0 1.75.784 1.75 1.75v8.5A1.75 1.75 0 0 1 14.25 14H1.75A1.75 1.75 0 0 1 0 12.25ZM14.5 6.5h-13v5.75c0 .138.112.25.25.25h12.5a.25.25 0 0 0 .25-.25Zm0-2.75a.25.25 0 0 0-.25-.25H1.75a.25.25 0 0 0-.25.25V5h13Z"></path>
</svg>
</template>

<template id="play-icon">
  <svg aria-hidden="true" height="16" viewBox="0 0 16 16" version="1.1" width="16" data-view-component="true" class="octicon octicon-play">
    <path d="M8 0a8 8 0 1 1 0 16A8 8 0 0 1 8 0ZM1.5 8a6.5 6.5 0 1 0 13 0 6.5 6.5 0 0 0-13 0Zm4.879-2.773 4.264 2.559a.25.25 0 0 1 0 .428l-4.264 2.559A.25.25 0 0 1 6 10.559V5.442a.25.25 0 0 1 .379-.215Z"></path>
</svg>
</template>

<template id="gift-icon">
  <svg aria-hidden="true" height="16" viewBox="0 0 16 16" version="1.1" width="16" data-view-component="true" class="octicon octicon-gift">
    <path d="M2 2.75A2.75 2.75 0 0 1 4.75 0c.983 0 1.873.42 2.57 1.232.268.318.497.668.68 1.042.183-.375.411-.725.68-1.044C9.376.42 10.266 0 11.25 0a2.75 2.75 0 0 1 2.45 4h.55c.966 0 1.75.784 1.75 1.75v2c0 .698-.409 1.301-1 1.582v4.918A1.75 1.75 0 0 1 13.25 16H2.75A1.75 1.75 0 0 1 1 14.25V9.332C.409 9.05 0 8.448 0 7.75v-2C0 4.784.784 4 1.75 4h.55c-.192-.375-.3-.8-.3-1.25ZM7.25 9.5H2.5v4.75c0 .138.112.25.25.25h4.5Zm1.5 0v5h4.5a.25.25 0 0 0 .25-.25V9.5Zm0-4V8h5.5a.25.25 0 0 0 .25-.25v-2a.25.25 0 0 0-.25-.25Zm-7 0a.25.25 0 0 0-.25.25v2c0 .138.112.25.25.25h5.5V5.5h-5.5Zm3-4a1.25 1.25 0 0 0 0 2.5h2.309c-.233-.818-.542-1.401-.878-1.793-.43-.502-.915-.707-1.431-.707ZM8.941 4h2.309a1.25 1.25 0 0 0 0-2.5c-.516 0-1 .205-1.43.707-.337.392-.646.975-.879 1.793Z"></path>
</svg>
</template>

<template id="code-square-icon">
  <svg aria-hidden="true" height="16" viewBox="0 0 16 16" version="1.1" width="16" data-view-component="true" class="octicon octicon-code-square">
    <path d="M0 1.75C0 .784.784 0 1.75 0h12.5C15.216 0 16 .784 16 1.75v12.5A1.75 1.75 0 0 1 14.25 16H1.75A1.75 1.75 0 0 1 0 14.25Zm1.75-.25a.25.25 0 0 0-.25.25v12.5c0 .138.112.25.25.25h12.5a.25.25 0 0 0 .25-.25V1.75a.25.25 0 0 0-.25-.25Zm7.47 3.97a.75.75 0 0 1 1.06 0l2 2a.75.75 0 0 1 0 1.06l-2 2a.749.749 0 0 1-1.275-.326.749.749 0 0 1 .215-.734L10.69 8 9.22 6.53a.75.75 0 0 1 0-1.06ZM6.78 6.53 5.31 8l1.47 1.47a.749.749 0 0 1-.326 1.275.749.749 0 0 1-.734-.215l-2-2a.75.75 0 0 1 0-1.06l2-2a.751.751 0 0 1 1.042.018.751.751 0 0 1 .018 1.042Z"></path>
</svg>
</template>

<template id="device-desktop-icon">
  <svg aria-hidden="true" height="16" viewBox="0 0 16 16" version="1.1" width="16" data-view-component="true" class="octicon octicon-device-desktop">
    <path d="M14.25 1c.966 0 1.75.784 1.75 1.75v7.5A1.75 1.75 0 0 1 14.25 12h-3.727c.099 1.041.52 1.872 1.292 2.757A.752.752 0 0 1 11.25 16h-6.5a.75.75 0 0 1-.565-1.243c.772-.885 1.192-1.716 1.292-2.757H1.75A1.75 1.75 0 0 1 0 10.25v-7.5C0 1.784.784 1 1.75 1ZM1.75 2.5a.25.25 0 0 0-.25.25v7.5c0 .138.112.25.25.25h12.5a.25.25 0 0 0 .25-.25v-7.5a.25.25 0 0 0-.25-.25ZM9.018 12H6.982a5.72 5.72 0 0 1-.765 2.5h3.566a5.72 5.72 0 0 1-.765-2.5Z"></path>
</svg>
</template>

        <div class="position-relative">
                <ul
                  role="listbox"
                  class="ActionListWrap QueryBuilder-ListWrap"
                  aria-label="Suggestions"
                  data-action="
                    combobox-commit:query-builder#comboboxCommit
                    mousedown:query-builder#resultsMousedown
                  "
                  data-target="query-builder.resultsList"
                  data-persist-list=false
                  id="query-builder-test-results"
                ></ul>
        </div>
      <div class="FormControl-inlineValidation" id="validation-0a249b6f-1b8f-461f-b17c-9b205627d3b9" hidden="hidden">
        <span class="FormControl-inlineValidation--visual">
          <svg aria-hidden="true" height="12" viewBox="0 0 12 12" version="1.1" width="12" data-view-component="true" class="octicon octicon-alert-fill">
    <path d="M4.855.708c.5-.896 1.79-.896 2.29 0l4.675 8.351a1.312 1.312 0 0 1-1.146 1.954H1.33A1.313 1.313 0 0 1 .183 9.058ZM7 7V3H5v4Zm-1 3a1 1 0 1 0 0-2 1 1 0 0 0 0 2Z"></path>
</svg>
        </span>
        <span></span>
</div>    </div>
    <div data-target="query-builder.screenReaderFeedback" aria-live="polite" aria-atomic="true" class="sr-only"></div>
</query-builder></form>
          <div class="d-flex flex-row color-fg-muted px-3 text-small color-bg-default search-feedback-prompt">
            <a target="_blank" href="https://docs.github.com/search-github/github-code-search/understanding-github-code-search-syntax" data-view-component="true" class="Link color-fg-accent text-normal ml-2">Search syntax tips</a>            <div class="d-flex flex-1"></div>
          </div>
        </div>
</div>

    </div>
</modal-dialog></div>
  </div>
  <div data-action="click:qbsearch-input#retract" class="dark-backdrop position-fixed" hidden data-target="qbsearch-input.darkBackdrop"></div>
  <div class="color-fg-default">
    
<dialog-helper>
  <dialog data-target="qbsearch-input.feedbackDialog" data-action="close:qbsearch-input#handleDialogClose cancel:qbsearch-input#handleDialogClose" id="feedback-dialog" aria-modal="true" aria-labelledby="feedback-dialog-title" aria-describedby="feedback-dialog-description" data-view-component="true" class="Overlay Overlay-whenNarrow Overlay--size-medium Overlay--motion-scaleFade Overlay--disableScroll">
    <div data-view-component="true" class="Overlay-header">
  <div class="Overlay-headerContentWrap">
    <div class="Overlay-titleWrap">
      <h1 class="Overlay-title " id="feedback-dialog-title">
        Provide feedback
      </h1>
        
    </div>
    <div class="Overlay-actionWrap">
      <button data-close-dialog-id="feedback-dialog" aria-label="Close" type="button" data-view-component="true" class="close-button Overlay-closeButton"><svg aria-hidden="true" height="16" viewBox="0 0 16 16" version="1.1" width="16" data-view-component="true" class="octicon octicon-x">
    <path d="M3.72 3.72a.75.75 0 0 1 1.06 0L8 6.94l3.22-3.22a.749.749 0 0 1 1.275.326.749.749 0 0 1-.215.734L9.06 8l3.22 3.22a.749.749 0 0 1-.326 1.275.749.749 0 0 1-.734-.215L8 9.06l-3.22 3.22a.751.751 0 0 1-1.042-.018.751.751 0 0 1-.018-1.042L6.94 8 3.72 4.78a.75.75 0 0 1 0-1.06Z"></path>
</svg></button>
    </div>
  </div>
  
</div>
      <scrollable-region data-labelled-by="feedback-dialog-title">
        <div data-view-component="true" class="Overlay-body">        <!-- '"` --><!-- </textarea></xmp> --></option></form><form id="code-search-feedback-form" data-turbo="false" action="/search/feedback" accept-charset="UTF-8" method="post"><input type="hidden" data-csrf="true" name="authenticity_token" value="S035Ty1BkPaENjNgykjICceRvueZrWYq3WyLk7vQurOAZxDsCOjBoh2HJBrsV3IDAKt8W7ux02zuQtU9U9S97A==" />
          <p>We read every piece of feedback, and take your input very seriously.</p>
          <textarea name="feedback" class="form-control width-full mb-2" style="height: 120px" id="feedback"></textarea>
          <input name="include_email" id="include_email" aria-label="Include my email address so I can be contacted" class="form-control mr-2" type="checkbox">
          <label for="include_email" style="font-weight: normal">Include my email address so I can be contacted</label>
</form></div>
      </scrollable-region>
      <div data-view-component="true" class="Overlay-footer Overlay-footer--alignEnd">          <button data-close-dialog-id="feedback-dialog" type="button" data-view-component="true" class="btn">    Cancel
</button>
          <button form="code-search-feedback-form" data-action="click:qbsearch-input#submitFeedback" type="submit" data-view-component="true" class="btn-primary btn">    Submit feedback
</button>
</div>
</dialog></dialog-helper>

    <custom-scopes data-target="qbsearch-input.customScopesManager">
    
<dialog-helper>
  <dialog data-target="custom-scopes.customScopesModalDialog" data-action="close:qbsearch-input#handleDialogClose cancel:qbsearch-input#handleDialogClose" id="custom-scopes-dialog" aria-modal="true" aria-labelledby="custom-scopes-dialog-title" aria-describedby="custom-scopes-dialog-description" data-view-component="true" class="Overlay Overlay-whenNarrow Overlay--size-medium Overlay--motion-scaleFade Overlay--disableScroll">
    <div data-view-component="true" class="Overlay-header Overlay-header--divided">
  <div class="Overlay-headerContentWrap">
    <div class="Overlay-titleWrap">
      <h1 class="Overlay-title " id="custom-scopes-dialog-title">
        Saved searches
      </h1>
        <h2 id="custom-scopes-dialog-description" class="Overlay-description">Use saved searches to filter your results more quickly</h2>
    </div>
    <div class="Overlay-actionWrap">
      <button data-close-dialog-id="custom-scopes-dialog" aria-label="Close" type="button" data-view-component="true" class="close-button Overlay-closeButton"><svg aria-hidden="true" height="16" viewBox="0 0 16 16" version="1.1" width="16" data-view-component="true" class="octicon octicon-x">
    <path d="M3.72 3.72a.75.75 0 0 1 1.06 0L8 6.94l3.22-3.22a.749.749 0 0 1 1.275.326.749.749 0 0 1-.215.734L9.06 8l3.22 3.22a.749.749 0 0 1-.326 1.275.749.749 0 0 1-.734-.215L8 9.06l-3.22 3.22a.751.751 0 0 1-1.042-.018.751.751 0 0 1-.018-1.042L6.94 8 3.72 4.78a.75.75 0 0 1 0-1.06Z"></path>
</svg></button>
    </div>
  </div>
  
</div>
      <scrollable-region data-labelled-by="custom-scopes-dialog-title">
        <div data-view-component="true" class="Overlay-body">        <div data-target="custom-scopes.customScopesModalDialogFlash"></div>

        <div hidden class="create-custom-scope-form" data-target="custom-scopes.createCustomScopeForm">
        <!-- '"` --><!-- </textarea></xmp> --></option></form><form id="custom-scopes-dialog-form" data-turbo="false" action="/search/custom_scopes" accept-charset="UTF-8" method="post"><input type="hidden" data-csrf="true" name="authenticity_token" value="dgCNVQRv+fBjmw2odxBDv9htNNS/2zjWYyQL2n48G49Cdv0P9cSyjDD8ZIxTfBoD/QNCoFoSr7dfkvxNeBoznQ==" />
          <div data-target="custom-scopes.customScopesModalDialogFlash"></div>

          <input type="hidden" id="custom_scope_id" name="custom_scope_id" data-target="custom-scopes.customScopesIdField">

          <div class="form-group">
            <label for="custom_scope_name">Name</label>
            <auto-check src="/search/custom_scopes/check_name" required only-validate-on-blur="false">
              <input
                type="text"
                name="custom_scope_name"
                id="custom_scope_name"
                data-target="custom-scopes.customScopesNameField"
                class="form-control"
                autocomplete="off"
                placeholder="github-ruby"
                required
                maxlength="50">
              <input type="hidden" data-csrf="true" value="ENtHYttQk0IfE7WLCvWrm9PgZptbo01XXP0h7r2GtRXPeLw9i3XC1A2ceOB11yz5UXNOyrH3Don5xvlfBEjU3A==" />
            </auto-check>
          </div>

          <div class="form-group">
            <label for="custom_scope_query">Query</label>
            <input
              type="text"
              name="custom_scope_query"
              id="custom_scope_query"
              data-target="custom-scopes.customScopesQueryField"
              class="form-control"
              autocomplete="off"
              placeholder="(repo:mona/a OR repo:mona/b) AND lang:python"
              required
              maxlength="500">
          </div>

          <p class="text-small color-fg-muted">
            To see all available qualifiers, see our <a class="Link--inTextBlock" href="https://docs.github.com/search-github/github-code-search/understanding-github-code-search-syntax">documentation</a>.
          </p>
</form>        </div>

        <div data-target="custom-scopes.manageCustomScopesForm">
          <div data-target="custom-scopes.list"></div>
        </div>

</div>
      </scrollable-region>
      <div data-view-component="true" class="Overlay-footer Overlay-footer--alignEnd Overlay-footer--divided">          <button data-action="click:custom-scopes#customScopesCancel" type="button" data-view-component="true" class="btn">    Cancel
</button>
          <button form="custom-scopes-dialog-form" data-action="click:custom-scopes#customScopesSubmit" data-target="custom-scopes.customScopesSubmitButton" type="submit" data-view-component="true" class="btn-primary btn">    Create saved search
</button>
</div>
</dialog></dialog-helper>
    </custom-scopes>
  </div>
</qbsearch-input>


            <div class="position-relative HeaderMenu-link-wrap d-lg-inline-block">
              <a
                href="/login?return_to=https%3A%2F%2Fgithub.com%2FMagafin%2FNo-Man-s-Delight"
                class="HeaderMenu-link HeaderMenu-link--sign-in HeaderMenu-button flex-shrink-0 no-underline d-none d-lg-inline-flex border border-lg-0 rounded rounded-lg-0 px-2 py-1"
                style="margin-left: 12px;"
                data-hydro-click="{&quot;event_type&quot;:&quot;authentication.click&quot;,&quot;payload&quot;:{&quot;location_in_page&quot;:&quot;site header menu&quot;,&quot;repository_id&quot;:null,&quot;auth_type&quot;:&quot;SIGN_UP&quot;,&quot;originating_url&quot;:&quot;https://github.com/Magafin/No-Man-s-Delight&quot;,&quot;user_id&quot;:null}}" data-hydro-click-hmac="714cef19d9e43ab701c238b9bc84ee23f77cd42edd4d26d22b321f07b1d0cb42"
                data-analytics-event="{&quot;category&quot;:&quot;Marketing nav&quot;,&quot;action&quot;:&quot;click to go to homepage&quot;,&quot;label&quot;:&quot;ref_page:Marketing;ref_cta:Sign in;ref_loc:Header&quot;}"
              >
                Sign in
              </a>
            </div>

              <a href="/signup?ref_cta=Sign+up&amp;ref_loc=header+logged+out&amp;ref_page=%2F%3Cuser-name%3E%2F%3Crepo-name%3E&amp;source=header-repo&amp;source_repo=Magafin%2FNo-Man-s-Delight"
                class="HeaderMenu-link HeaderMenu-link--sign-up HeaderMenu-button flex-shrink-0 d-flex d-lg-inline-flex no-underline border color-border-default rounded px-2 py-1"
                data-hydro-click="{&quot;event_type&quot;:&quot;authentication.click&quot;,&quot;payload&quot;:{&quot;location_in_page&quot;:&quot;site header menu&quot;,&quot;repository_id&quot;:null,&quot;auth_type&quot;:&quot;SIGN_UP&quot;,&quot;originating_url&quot;:&quot;https://github.com/Magafin/No-Man-s-Delight&quot;,&quot;user_id&quot;:null}}" data-hydro-click-hmac="714cef19d9e43ab701c238b9bc84ee23f77cd42edd4d26d22b321f07b1d0cb42"
                data-analytics-event="{&quot;category&quot;:&quot;Sign up&quot;,&quot;action&quot;:&quot;click to sign up for account&quot;,&quot;label&quot;:&quot;ref_page:/&lt;user-name&gt;/&lt;repo-name&gt;;ref_cta:Sign up;ref_loc:header logged out&quot;}"
              >
                Sign up
              </a>

              
          <button type="button" class="sr-only js-header-menu-focus-trap d-block d-lg-none">Reseting focus</button>
        </div>
      </div>
    </div>
  </div>
</header>

      <div hidden="hidden" data-view-component="true" class="js-stale-session-flash stale-session-flash flash flash-warn flash-full">
  
        <svg aria-hidden="true" height="16" viewBox="0 0 16 16" version="1.1" width="16" data-view-component="true" class="octicon octicon-alert">
    <path d="M6.457 1.047c.659-1.234 2.427-1.234 3.086 0l6.082 11.378A1.75 1.75 0 0 1 14.082 15H1.918a1.75 1.75 0 0 1-1.543-2.575Zm1.763.707a.25.25 0 0 0-.44 0L1.698 13.132a.25.25 0 0 0 .22.368h12.164a.25.25 0 0 0 .22-.368Zm.53 3.996v2.5a.75.75 0 0 1-1.5 0v-2.5a.75.75 0 0 1 1.5 0ZM9 11a1 1 0 1 1-2 0 1 1 0 0 1 2 0Z"></path>
</svg>
        <span class="js-stale-session-flash-signed-in" hidden>You signed in with another tab or window. <a class="Link--inTextBlock" href="">Reload</a> to refresh your session.</span>
        <span class="js-stale-session-flash-signed-out" hidden>You signed out in another tab or window. <a class="Link--inTextBlock" href="">Reload</a> to refresh your session.</span>
        <span class="js-stale-session-flash-switched" hidden>You switched accounts on another tab or window. <a class="Link--inTextBlock" href="">Reload</a> to refresh your session.</span>

    <button id="icon-button-053d16d0-ed94-46f1-9dc6-a6984e149f1b" aria-labelledby="tooltip-ba24eeb1-2b00-47bd-8c65-c5558cd774f4" type="button" data-view-component="true" class="Button Button--iconOnly Button--invisible Button--medium flash-close js-flash-close">  <svg aria-hidden="true" height="16" viewBox="0 0 16 16" version="1.1" width="16" data-view-component="true" class="octicon octicon-x Button-visual">
    <path d="M3.72 3.72a.75.75 0 0 1 1.06 0L8 6.94l3.22-3.22a.749.749 0 0 1 1.275.326.749.749 0 0 1-.215.734L9.06 8l3.22 3.22a.749.749 0 0 1-.326 1.275.749.749 0 0 1-.734-.215L8 9.06l-3.22 3.22a.751.751 0 0 1-1.042-.018.751.751 0 0 1-.018-1.042L6.94 8 3.72 4.78a.75.75 0 0 1 0-1.06Z"></path>
</svg>
</button><tool-tip id="tooltip-ba24eeb1-2b00-47bd-8c65-c5558cd774f4" for="icon-button-053d16d0-ed94-46f1-9dc6-a6984e149f1b" popover="manual" data-direction="s" data-type="label" data-view-component="true" class="sr-only position-absolute">Dismiss alert</tool-tip>


  
</div>
    </div>

  <div id="start-of-content" class="show-on-focus"></div>








    <div id="js-flash-container" class="flash-container" data-turbo-replace>




  <template class="js-flash-template">
    
<div class="flash flash-full   {{ className }}">
  <div >
    <button autofocus class="flash-close js-flash-close" type="button" aria-label="Dismiss this message">
      <svg aria-hidden="true" height="16" viewBox="0 0 16 16" version="1.1" width="16" data-view-component="true" class="octicon octicon-x">
    <path d="M3.72 3.72a.75.75 0 0 1 1.06 0L8 6.94l3.22-3.22a.749.749 0 0 1 1.275.326.749.749 0 0 1-.215.734L9.06 8l3.22 3.22a.749.749 0 0 1-.326 1.275.749.749 0 0 1-.734-.215L8 9.06l-3.22 3.22a.751.751 0 0 1-1.042-.018.751.751 0 0 1-.018-1.042L6.94 8 3.72 4.78a.75.75 0 0 1 0-1.06Z"></path>
</svg>
    </button>
    <div aria-atomic="true" role="alert" class="js-flash-alert">
      
      <div>{{ message }}</div>

    </div>
  </div>
</div>
  </template>
</div>


    






  <div
    class="application-main "
    data-commit-hovercards-enabled
    data-discussion-hovercards-enabled
    data-issue-and-pr-hovercards-enabled
    data-project-hovercards-enabled
  >
        <div itemscope itemtype="http://schema.org/SoftwareSourceCode" class="">
    <main id="js-repo-pjax-container" >
      
  





    






  
  <div id="repository-container-header"  class="pt-3 hide-full-screen" style="background-color: var(--page-header-bgColor, var(--color-page-header-bg));" data-turbo-replace>

      <div class="d-flex flex-nowrap flex-justify-end mb-3  px-3 px-lg-5" style="gap: 1rem;">

        <div class="flex-auto min-width-0 width-fit">
            
  <div class=" d-flex flex-wrap flex-items-center wb-break-word f3 text-normal">
      <svg aria-hidden="true" height="16" viewBox="0 0 16 16" version="1.1" width="16" data-view-component="true" class="octicon octicon-repo color-fg-muted mr-2">
    <path d="M2 2.5A2.5 2.5 0 0 1 4.5 0h8.75a.75.75 0 0 1 .75.75v12.5a.75.75 0 0 1-.75.75h-2.5a.75.75 0 0 1 0-1.5h1.75v-2h-8a1 1 0 0 0-.714 1.7.75.75 0 1 1-1.072 1.05A2.495 2.495 0 0 1 2 11.5Zm10.5-1h-8a1 1 0 0 0-1 1v6.708A2.486 2.486 0 0 1 4.5 9h8ZM5 12.25a.25.25 0 0 1 .25-.25h3.5a.25.25 0 0 1 .25.25v3.25a.25.25 0 0 1-.4.2l-1.45-1.087a.249.249 0 0 0-.3 0L5.4 15.7a.25.25 0 0 1-.4-.2Z"></path>
</svg>
    
    <span class="author flex-self-stretch" itemprop="author">
      <a class="url fn" rel="author" data-hovercard-type="user" data-hovercard-url="/users/Magafin/hovercard" data-octo-click="hovercard-link-click" data-octo-dimensions="link_type:self" href="/Magafin">
        Magafin
</a>    </span>
    <span class="mx-1 flex-self-stretch color-fg-muted">/</span>
    <strong itemprop="name" class="mr-2 flex-self-stretch">
      <a data-pjax="#repo-content-pjax-container" data-turbo-frame="repo-content-turbo-frame" href="/Magafin/No-Man-s-Delight">No-Man-s-Delight</a>
    </strong>

    <span></span><span class="Label Label--secondary v-align-middle mr-1">Public</span>
  </div>


        </div>

        <div id="repository-details-container" class="flex-shrink-0" data-turbo-replace style="max-width: 70%;">
            <ul class="pagehead-actions flex-shrink-0 d-none d-md-inline" style="padding: 2px 0;">
    
      

  <li>
            <a href="/login?return_to=%2FMagafin%2FNo-Man-s-Delight" rel="nofollow" id="repository-details-watch-button" data-hydro-click="{&quot;event_type&quot;:&quot;authentication.click&quot;,&quot;payload&quot;:{&quot;location_in_page&quot;:&quot;notification subscription menu watch&quot;,&quot;repository_id&quot;:null,&quot;auth_type&quot;:&quot;LOG_IN&quot;,&quot;originating_url&quot;:&quot;https://github.com/Magafin/No-Man-s-Delight&quot;,&quot;user_id&quot;:null}}" data-hydro-click-hmac="5b4e95d0505e722d5ebde8cab858ed73e0ca3a35038bb21478e652f00d3b130d" aria-label="You must be signed in to change notification settings" data-view-component="true" class="btn-sm btn">    <svg aria-hidden="true" height="16" viewBox="0 0 16 16" version="1.1" width="16" data-view-component="true" class="octicon octicon-bell mr-2">
    <path d="M8 16a2 2 0 0 0 1.985-1.75c.017-.137-.097-.25-.235-.25h-3.5c-.138 0-.252.113-.235.25A2 2 0 0 0 8 16ZM3 5a5 5 0 0 1 10 0v2.947c0 .05.015.098.042.139l1.703 2.555A1.519 1.519 0 0 1 13.482 13H2.518a1.516 1.516 0 0 1-1.263-2.36l1.703-2.554A.255.255 0 0 0 3 7.947Zm5-3.5A3.5 3.5 0 0 0 4.5 5v2.947c0 .346-.102.683-.294.97l-1.703 2.556a.017.017 0 0 0-.003.01l.001.006c0 .002.002.004.004.006l.006.004.007.001h10.964l.007-.001.006-.004.004-.006.001-.007a.017.017 0 0 0-.003-.01l-1.703-2.554a1.745 1.745 0 0 1-.294-.97V5A3.5 3.5 0 0 0 8 1.5Z"></path>
</svg>Notifications
</a>    <tool-tip id="tooltip-5d529df1-2dbd-48b1-98e0-d75720befd52" for="repository-details-watch-button" popover="manual" data-direction="s" data-type="description" data-view-component="true" class="sr-only position-absolute">You must be signed in to change notification settings</tool-tip>

  </li>

  <li>
          <a icon="repo-forked" id="fork-button" href="/login?return_to=%2FMagafin%2FNo-Man-s-Delight" rel="nofollow" data-hydro-click="{&quot;event_type&quot;:&quot;authentication.click&quot;,&quot;payload&quot;:{&quot;location_in_page&quot;:&quot;repo details fork button&quot;,&quot;repository_id&quot;:953547737,&quot;auth_type&quot;:&quot;LOG_IN&quot;,&quot;originating_url&quot;:&quot;https://github.com/Magafin/No-Man-s-Delight&quot;,&quot;user_id&quot;:null}}" data-hydro-click-hmac="6edf409a21e2196efb023034b9802eb739f2b22394046b56e45eb590823bf261" data-view-component="true" class="btn-sm btn">    <svg aria-hidden="true" height="16" viewBox="0 0 16 16" version="1.1" width="16" data-view-component="true" class="octicon octicon-repo-forked mr-2">
    <path d="M5 5.372v.878c0 .414.336.75.75.75h4.5a.75.75 0 0 0 .75-.75v-.878a2.25 2.25 0 1 1 1.5 0v.878a2.25 2.25 0 0 1-2.25 2.25h-1.5v2.128a2.251 2.251 0 1 1-1.5 0V8.5h-1.5A2.25 2.25 0 0 1 3.5 6.25v-.878a2.25 2.25 0 1 1 1.5 0ZM5 3.25a.75.75 0 1 0-1.5 0 .75.75 0 0 0 1.5 0Zm6.75.75a.75.75 0 1 0 0-1.5.75.75 0 0 0 0 1.5Zm-3 8.75a.75.75 0 1 0-1.5 0 .75.75 0 0 0 1.5 0Z"></path>
</svg>Fork
    <span id="repo-network-counter" data-pjax-replace="true" data-turbo-replace="true" title="0" data-view-component="true" class="Counter">0</span>
</a>
  </li>

  <li>
        <div data-view-component="true" class="BtnGroup d-flex">
        <a href="/login?return_to=%2FMagafin%2FNo-Man-s-Delight" rel="nofollow" data-hydro-click="{&quot;event_type&quot;:&quot;authentication.click&quot;,&quot;payload&quot;:{&quot;location_in_page&quot;:&quot;star button&quot;,&quot;repository_id&quot;:953547737,&quot;auth_type&quot;:&quot;LOG_IN&quot;,&quot;originating_url&quot;:&quot;https://github.com/Magafin/No-Man-s-Delight&quot;,&quot;user_id&quot;:null}}" data-hydro-click-hmac="6b92a1ecb144509523210a335154c4ded54ba37dfb7450e6e7769ed5a0dcd4eb" aria-label="You must be signed in to star a repository" data-view-component="true" class="tooltipped tooltipped-sw btn-sm btn">    <svg aria-hidden="true" height="16" viewBox="0 0 16 16" version="1.1" width="16" data-view-component="true" class="octicon octicon-star v-align-text-bottom d-inline-block mr-2">
    <path d="M8 .25a.75.75 0 0 1 .673.418l1.882 3.815 4.21.612a.75.75 0 0 1 .416 1.279l-3.046 2.97.719 4.192a.751.751 0 0 1-1.088.791L8 12.347l-3.766 1.98a.75.75 0 0 1-1.088-.79l.72-4.194L.818 6.374a.75.75 0 0 1 .416-1.28l4.21-.611L7.327.668A.75.75 0 0 1 8 .25Zm0 2.445L6.615 5.5a.75.75 0 0 1-.564.41l-3.097.45 2.24 2.184a.75.75 0 0 1 .216.664l-.528 3.084 2.769-1.456a.75.75 0 0 1 .698 0l2.77 1.456-.53-3.084a.75.75 0 0 1 .216-.664l2.24-2.183-3.096-.45a.75.75 0 0 1-.564-.41L8 2.694Z"></path>
</svg><span data-view-component="true" class="d-inline">
          Star
</span>          <span id="repo-stars-counter-star" aria-label="0 users starred this repository" data-singular-suffix="user starred this repository" data-plural-suffix="users starred this repository" data-turbo-replace="true" title="0" data-view-component="true" class="Counter js-social-count">0</span>
</a></div>
  </li>

</ul>

        </div>
      </div>

        <div id="responsive-meta-container" data-turbo-replace>
      <div class="d-block d-md-none mb-2 px-3 px-md-4 px-lg-5">
      <p class="f4 mb-3 ">
        Farmer's Delight X No Man's Land Addon
      </p>

    

    <div class="mb-3">
        <a class="Link--secondary no-underline mr-3" href="/Magafin/No-Man-s-Delight/stargazers">
          <svg aria-hidden="true" height="16" viewBox="0 0 16 16" version="1.1" width="16" data-view-component="true" class="octicon octicon-star mr-1">
    <path d="M8 .25a.75.75 0 0 1 .673.418l1.882 3.815 4.21.612a.75.75 0 0 1 .416 1.279l-3.046 2.97.719 4.192a.751.751 0 0 1-1.088.791L8 12.347l-3.766 1.98a.75.75 0 0 1-1.088-.79l.72-4.194L.818 6.374a.75.75 0 0 1 .416-1.28l4.21-.611L7.327.668A.75.75 0 0 1 8 .25Zm0 2.445L6.615 5.5a.75.75 0 0 1-.564.41l-3.097.45 2.24 2.184a.75.75 0 0 1 .216.664l-.528 3.084 2.769-1.456a.75.75 0 0 1 .698 0l2.77 1.456-.53-3.084a.75.75 0 0 1 .216-.664l2.24-2.183-3.096-.45a.75.75 0 0 1-.564-.41L8 2.694Z"></path>
</svg>
          <span class="text-bold">0</span>
          stars
</a>        <a class="Link--secondary no-underline mr-3" href="/Magafin/No-Man-s-Delight/forks">
          <svg aria-hidden="true" height="16" viewBox="0 0 16 16" version="1.1" width="16" data-view-component="true" class="octicon octicon-repo-forked mr-1">
    <path d="M5 5.372v.878c0 .414.336.75.75.75h4.5a.75.75 0 0 0 .75-.75v-.878a2.25 2.25 0 1 1 1.5 0v.878a2.25 2.25 0 0 1-2.25 2.25h-1.5v2.128a2.251 2.251 0 1 1-1.5 0V8.5h-1.5A2.25 2.25 0 0 1 3.5 6.25v-.878a2.25 2.25 0 1 1 1.5 0ZM5 3.25a.75.75 0 1 0-1.5 0 .75.75 0 0 0 1.5 0Zm6.75.75a.75.75 0 1 0 0-1.5.75.75 0 0 0 0 1.5Zm-3 8.75a.75.75 0 1 0-1.5 0 .75.75 0 0 0 1.5 0Z"></path>
</svg>
          <span class="text-bold">0</span>
          forks
</a>        <a class="Link--secondary no-underline mr-3 d-inline-block" href="/Magafin/No-Man-s-Delight/branches">
          <svg aria-hidden="true" height="16" viewBox="0 0 16 16" version="1.1" width="16" data-view-component="true" class="octicon octicon-git-branch mr-1">
    <path d="M9.5 3.25a2.25 2.25 0 1 1 3 2.122V6A2.5 2.5 0 0 1 10 8.5H6a1 1 0 0 0-1 1v1.128a2.251 2.251 0 1 1-1.5 0V5.372a2.25 2.25 0 1 1 1.5 0v1.836A2.493 2.493 0 0 1 6 7h4a1 1 0 0 0 1-1v-.628A2.25 2.25 0 0 1 9.5 3.25Zm-6 0a.75.75 0 1 0 1.5 0 .75.75 0 0 0-1.5 0Zm8.25-.75a.75.75 0 1 0 0 1.5.75.75 0 0 0 0-1.5ZM4.25 12a.75.75 0 1 0 0 1.5.75.75 0 0 0 0-1.5Z"></path>
</svg>
          <span>Branches</span>
</a>        <a class="Link--secondary no-underline d-inline-block" href="/Magafin/No-Man-s-Delight/tags">
          <svg aria-hidden="true" height="16" viewBox="0 0 16 16" version="1.1" width="16" data-view-component="true" class="octicon octicon-tag mr-1">
    <path d="M1 7.775V2.75C1 1.784 1.784 1 2.75 1h5.025c.464 0 .91.184 1.238.513l6.25 6.25a1.75 1.75 0 0 1 0 2.474l-5.026 5.026a1.75 1.75 0 0 1-2.474 0l-6.25-6.25A1.752 1.752 0 0 1 1 7.775Zm1.5 0c0 .066.026.13.073.177l6.25 6.25a.25.25 0 0 0 .354 0l5.025-5.025a.25.25 0 0 0 0-.354l-6.25-6.25a.25.25 0 0 0-.177-.073H2.75a.25.25 0 0 0-.25.25ZM6 5a1 1 0 1 1 0 2 1 1 0 0 1 0-2Z"></path>
</svg>
          <span>Tags</span>
</a>        <a class="Link--secondary no-underline d-inline-block" href="/Magafin/No-Man-s-Delight/activity">
          <svg aria-hidden="true" height="16" viewBox="0 0 16 16" version="1.1" width="16" data-view-component="true" class="octicon octicon-pulse mr-1">
    <path d="M6 2c.306 0 .582.187.696.471L10 10.731l1.304-3.26A.751.751 0 0 1 12 7h3.25a.75.75 0 0 1 0 1.5h-2.742l-1.812 4.528a.751.751 0 0 1-1.392 0L6 4.77 4.696 8.03A.75.75 0 0 1 4 8.5H.75a.75.75 0 0 1 0-1.5h2.742l1.812-4.529A.751.751 0 0 1 6 2Z"></path>
</svg>
          <span>Activity</span>
</a>    </div>

      <div class="d-flex flex-wrap gap-2">
        <div class="flex-1">
            <div data-view-component="true" class="BtnGroup d-flex">
        <a href="/login?return_to=%2FMagafin%2FNo-Man-s-Delight" rel="nofollow" data-hydro-click="{&quot;event_type&quot;:&quot;authentication.click&quot;,&quot;payload&quot;:{&quot;location_in_page&quot;:&quot;star button&quot;,&quot;repository_id&quot;:953547737,&quot;auth_type&quot;:&quot;LOG_IN&quot;,&quot;originating_url&quot;:&quot;https://github.com/Magafin/No-Man-s-Delight&quot;,&quot;user_id&quot;:null}}" data-hydro-click-hmac="6b92a1ecb144509523210a335154c4ded54ba37dfb7450e6e7769ed5a0dcd4eb" aria-label="You must be signed in to star a repository" data-view-component="true" class="tooltipped tooltipped-sw btn-sm btn btn-block">    <svg aria-hidden="true" height="16" viewBox="0 0 16 16" version="1.1" width="16" data-view-component="true" class="octicon octicon-star v-align-text-bottom d-inline-block mr-2">
    <path d="M8 .25a.75.75 0 0 1 .673.418l1.882 3.815 4.21.612a.75.75 0 0 1 .416 1.279l-3.046 2.97.719 4.192a.751.751 0 0 1-1.088.791L8 12.347l-3.766 1.98a.75.75 0 0 1-1.088-.79l.72-4.194L.818 6.374a.75.75 0 0 1 .416-1.28l4.21-.611L7.327.668A.75.75 0 0 1 8 .25Zm0 2.445L6.615 5.5a.75.75 0 0 1-.564.41l-3.097.45 2.24 2.184a.75.75 0 0 1 .216.664l-.528 3.084 2.769-1.456a.75.75 0 0 1 .698 0l2.77 1.456-.53-3.084a.75.75 0 0 1 .216-.664l2.24-2.183-3.096-.45a.75.75 0 0 1-.564-.41L8 2.694Z"></path>
</svg><span data-view-component="true" class="d-inline">
          Star
</span>
</a></div>
        </div>
        <div class="flex-1">
                <a href="/login?return_to=%2FMagafin%2FNo-Man-s-Delight" rel="nofollow" id="files-overview-watch-button" data-hydro-click="{&quot;event_type&quot;:&quot;authentication.click&quot;,&quot;payload&quot;:{&quot;location_in_page&quot;:&quot;notification subscription menu watch&quot;,&quot;repository_id&quot;:null,&quot;auth_type&quot;:&quot;LOG_IN&quot;,&quot;originating_url&quot;:&quot;https://github.com/Magafin/No-Man-s-Delight&quot;,&quot;user_id&quot;:null}}" data-hydro-click-hmac="5b4e95d0505e722d5ebde8cab858ed73e0ca3a35038bb21478e652f00d3b130d" aria-label="You must be signed in to change notification settings" data-view-component="true" class="btn-sm btn btn-block">    <svg aria-hidden="true" height="16" viewBox="0 0 16 16" version="1.1" width="16" data-view-component="true" class="octicon octicon-bell mr-2">
    <path d="M8 16a2 2 0 0 0 1.985-1.75c.017-.137-.097-.25-.235-.25h-3.5c-.138 0-.252.113-.235.25A2 2 0 0 0 8 16ZM3 5a5 5 0 0 1 10 0v2.947c0 .05.015.098.042.139l1.703 2.555A1.519 1.519 0 0 1 13.482 13H2.518a1.516 1.516 0 0 1-1.263-2.36l1.703-2.554A.255.255 0 0 0 3 7.947Zm5-3.5A3.5 3.5 0 0 0 4.5 5v2.947c0 .346-.102.683-.294.97l-1.703 2.556a.017.017 0 0 0-.003.01l.001.006c0 .002.002.004.004.006l.006.004.007.001h10.964l.007-.001.006-.004.004-.006.001-.007a.017.017 0 0 0-.003-.01l-1.703-2.554a1.745 1.745 0 0 1-.294-.97V5A3.5 3.5 0 0 0 8 1.5Z"></path>
</svg>Notifications
</a>    <tool-tip id="tooltip-091dc597-ae04-42a6-b34c-f62368f3a0ce" for="files-overview-watch-button" popover="manual" data-direction="s" data-type="description" data-view-component="true" class="sr-only position-absolute">You must be signed in to change notification settings</tool-tip>

        </div>
        <span>
          

        </span>
      </div>
  </div>

</div>


          <nav data-pjax="#js-repo-pjax-container" aria-label="Repository" data-view-component="true" class="js-repo-nav js-sidenav-container-pjax js-responsive-underlinenav overflow-hidden UnderlineNav px-3 px-md-4 px-lg-5">

  <ul data-view-component="true" class="UnderlineNav-body list-style-none">
      <li data-view-component="true" class="d-inline-flex">
  <a id="code-tab" href="/Magafin/No-Man-s-Delight" data-tab-item="i0code-tab" data-selected-links="repo_source repo_downloads repo_commits repo_releases repo_tags repo_branches repo_packages repo_deployments repo_attestations /Magafin/No-Man-s-Delight" data-pjax="#repo-content-pjax-container" data-turbo-frame="repo-content-turbo-frame" data-hotkey="g c" data-analytics-event="{&quot;category&quot;:&quot;Underline navbar&quot;,&quot;action&quot;:&quot;Click tab&quot;,&quot;label&quot;:&quot;Code&quot;,&quot;target&quot;:&quot;UNDERLINE_NAV.TAB&quot;}" aria-current="page" data-view-component="true" class="UnderlineNav-item no-wrap js-responsive-underlinenav-item js-selected-navigation-item selected">
    
              <svg aria-hidden="true" height="16" viewBox="0 0 16 16" version="1.1" width="16" data-view-component="true" class="octicon octicon-code UnderlineNav-octicon d-none d-sm-inline">
    <path d="m11.28 3.22 4.25 4.25a.75.75 0 0 1 0 1.06l-4.25 4.25a.749.749 0 0 1-1.275-.326.749.749 0 0 1 .215-.734L13.94 8l-3.72-3.72a.749.749 0 0 1 .326-1.275.749.749 0 0 1 .734.215Zm-6.56 0a.751.751 0 0 1 1.042.018.751.751 0 0 1 .018 1.042L2.06 8l3.72 3.72a.749.749 0 0 1-.326 1.275.749.749 0 0 1-.734-.215L.47 8.53a.75.75 0 0 1 0-1.06Z"></path>
</svg>
        <span data-content="Code">Code</span>
          <span id="code-repo-tab-count" data-pjax-replace="" data-turbo-replace="" title="Not available" data-view-component="true" class="Counter"></span>


    
</a></li>
      <li data-view-component="true" class="d-inline-flex">
  <a id="issues-tab" href="/Magafin/No-Man-s-Delight/issues" data-tab-item="i1issues-tab" data-selected-links="repo_issues repo_labels repo_milestones /Magafin/No-Man-s-Delight/issues" data-pjax="#repo-content-pjax-container" data-turbo-frame="repo-content-turbo-frame" data-hotkey="g i" data-analytics-event="{&quot;category&quot;:&quot;Underline navbar&quot;,&quot;action&quot;:&quot;Click tab&quot;,&quot;label&quot;:&quot;Issues&quot;,&quot;target&quot;:&quot;UNDERLINE_NAV.TAB&quot;}" data-view-component="true" class="UnderlineNav-item no-wrap js-responsive-underlinenav-item js-selected-navigation-item">
    
              <svg aria-hidden="true" height="16" viewBox="0 0 16 16" version="1.1" width="16" data-view-component="true" class="octicon octicon-issue-opened UnderlineNav-octicon d-none d-sm-inline">
    <path d="M8 9.5a1.5 1.5 0 1 0 0-3 1.5 1.5 0 0 0 0 3Z"></path><path d="M8 0a8 8 0 1 1 0 16A8 8 0 0 1 8 0ZM1.5 8a6.5 6.5 0 1 0 13 0 6.5 6.5 0 0 0-13 0Z"></path>
</svg>
        <span data-content="Issues">Issues</span>
          <span id="issues-repo-tab-count" data-pjax-replace="" data-turbo-replace="" title="0" hidden="hidden" data-view-component="true" class="Counter">0</span>


    
</a></li>
      <li data-view-component="true" class="d-inline-flex">
  <a id="pull-requests-tab" href="/Magafin/No-Man-s-Delight/pulls" data-tab-item="i2pull-requests-tab" data-selected-links="repo_pulls checks /Magafin/No-Man-s-Delight/pulls" data-pjax="#repo-content-pjax-container" data-turbo-frame="repo-content-turbo-frame" data-hotkey="g p" data-analytics-event="{&quot;category&quot;:&quot;Underline navbar&quot;,&quot;action&quot;:&quot;Click tab&quot;,&quot;label&quot;:&quot;Pull requests&quot;,&quot;target&quot;:&quot;UNDERLINE_NAV.TAB&quot;}" data-view-component="true" class="UnderlineNav-item no-wrap js-responsive-underlinenav-item js-selected-navigation-item">
    
              <svg aria-hidden="true" height="16" viewBox="0 0 16 16" version="1.1" width="16" data-view-component="true" class="octicon octicon-git-pull-request UnderlineNav-octicon d-none d-sm-inline">
    <path d="M1.5 3.25a2.25 2.25 0 1 1 3 2.122v5.256a2.251 2.251 0 1 1-1.5 0V5.372A2.25 2.25 0 0 1 1.5 3.25Zm5.677-.177L9.573.677A.25.25 0 0 1 10 .854V2.5h1A2.5 2.5 0 0 1 13.5 5v5.628a2.251 2.251 0 1 1-1.5 0V5a1 1 0 0 0-1-1h-1v1.646a.25.25 0 0 1-.427.177L7.177 3.427a.25.25 0 0 1 0-.354ZM3.75 2.5a.75.75 0 1 0 0 1.5.75.75 0 0 0 0-1.5Zm0 9.5a.75.75 0 1 0 0 1.5.75.75 0 0 0 0-1.5Zm8.25.75a.75.75 0 1 0 1.5 0 .75.75 0 0 0-1.5 0Z"></path>
</svg>
        <span data-content="Pull requests">Pull requests</span>
          <span id="pull-requests-repo-tab-count" data-pjax-replace="" data-turbo-replace="" title="0" hidden="hidden" data-view-component="true" class="Counter">0</span>


    
</a></li>
      <li data-view-component="true" class="d-inline-flex">
  <a id="actions-tab" href="/Magafin/No-Man-s-Delight/actions" data-tab-item="i3actions-tab" data-selected-links="repo_actions /Magafin/No-Man-s-Delight/actions" data-pjax="#repo-content-pjax-container" data-turbo-frame="repo-content-turbo-frame" data-hotkey="g a" data-analytics-event="{&quot;category&quot;:&quot;Underline navbar&quot;,&quot;action&quot;:&quot;Click tab&quot;,&quot;label&quot;:&quot;Actions&quot;,&quot;target&quot;:&quot;UNDERLINE_NAV.TAB&quot;}" data-view-component="true" class="UnderlineNav-item no-wrap js-responsive-underlinenav-item js-selected-navigation-item">
    
              <svg aria-hidden="true" height="16" viewBox="0 0 16 16" version="1.1" width="16" data-view-component="true" class="octicon octicon-play UnderlineNav-octicon d-none d-sm-inline">
    <path d="M8 0a8 8 0 1 1 0 16A8 8 0 0 1 8 0ZM1.5 8a6.5 6.5 0 1 0 13 0 6.5 6.5 0 0 0-13 0Zm4.879-2.773 4.264 2.559a.25.25 0 0 1 0 .428l-4.264 2.559A.25.25 0 0 1 6 10.559V5.442a.25.25 0 0 1 .379-.215Z"></path>
</svg>
        <span data-content="Actions">Actions</span>
          <span id="actions-repo-tab-count" data-pjax-replace="" data-turbo-replace="" title="Not available" data-view-component="true" class="Counter"></span>


    
</a></li>
      <li data-view-component="true" class="d-inline-flex">
  <a id="projects-tab" href="/Magafin/No-Man-s-Delight/projects" data-tab-item="i4projects-tab" data-selected-links="repo_projects new_repo_project repo_project /Magafin/No-Man-s-Delight/projects" data-pjax="#repo-content-pjax-container" data-turbo-frame="repo-content-turbo-frame" data-hotkey="g b" data-analytics-event="{&quot;category&quot;:&quot;Underline navbar&quot;,&quot;action&quot;:&quot;Click tab&quot;,&quot;label&quot;:&quot;Projects&quot;,&quot;target&quot;:&quot;UNDERLINE_NAV.TAB&quot;}" data-view-component="true" class="UnderlineNav-item no-wrap js-responsive-underlinenav-item js-selected-navigation-item">
    
              <svg aria-hidden="true" height="16" viewBox="0 0 16 16" version="1.1" width="16" data-view-component="true" class="octicon octicon-table UnderlineNav-octicon d-none d-sm-inline">
    <path d="M0 1.75C0 .784.784 0 1.75 0h12.5C15.216 0 16 .784 16 1.75v12.5A1.75 1.75 0 0 1 14.25 16H1.75A1.75 1.75 0 0 1 0 14.25ZM6.5 6.5v8h7.75a.25.25 0 0 0 .25-.25V6.5Zm8-1.5V1.75a.25.25 0 0 0-.25-.25H6.5V5Zm-13 1.5v7.75c0 .138.112.25.25.25H5v-8ZM5 5V1.5H1.75a.25.25 0 0 0-.25.25V5Z"></path>
</svg>
        <span data-content="Projects">Projects</span>
          <span id="projects-repo-tab-count" data-pjax-replace="" data-turbo-replace="" title="0" hidden="hidden" data-view-component="true" class="Counter">0</span>


    
</a></li>
      <li data-view-component="true" class="d-inline-flex">
  <a id="security-tab" href="/Magafin/No-Man-s-Delight/security" data-tab-item="i5security-tab" data-selected-links="security overview alerts policy token_scanning code_scanning /Magafin/No-Man-s-Delight/security" data-pjax="#repo-content-pjax-container" data-turbo-frame="repo-content-turbo-frame" data-hotkey="g s" data-analytics-event="{&quot;category&quot;:&quot;Underline navbar&quot;,&quot;action&quot;:&quot;Click tab&quot;,&quot;label&quot;:&quot;Security&quot;,&quot;target&quot;:&quot;UNDERLINE_NAV.TAB&quot;}" data-view-component="true" class="UnderlineNav-item no-wrap js-responsive-underlinenav-item js-selected-navigation-item">
    
              <svg aria-hidden="true" height="16" viewBox="0 0 16 16" version="1.1" width="16" data-view-component="true" class="octicon octicon-shield UnderlineNav-octicon d-none d-sm-inline">
    <path d="M7.467.133a1.748 1.748 0 0 1 1.066 0l5.25 1.68A1.75 1.75 0 0 1 15 3.48V7c0 1.566-.32 3.182-1.303 4.682-.983 1.498-2.585 2.813-5.032 3.855a1.697 1.697 0 0 1-1.33 0c-2.447-1.042-4.049-2.357-5.032-3.855C1.32 10.182 1 8.566 1 7V3.48a1.75 1.75 0 0 1 1.217-1.667Zm.61 1.429a.25.25 0 0 0-.153 0l-5.25 1.68a.25.25 0 0 0-.174.238V7c0 1.358.275 2.666 1.057 3.86.784 1.194 2.121 2.34 4.366 3.297a.196.196 0 0 0 .154 0c2.245-.956 3.582-2.104 4.366-3.298C13.225 9.666 13.5 8.36 13.5 7V3.48a.251.251 0 0 0-.174-.237l-5.25-1.68ZM8.75 4.75v3a.75.75 0 0 1-1.5 0v-3a.75.75 0 0 1 1.5 0ZM9 10.5a1 1 0 1 1-2 0 1 1 0 0 1 2 0Z"></path>
</svg>
        <span data-content="Security">Security</span>
          <include-fragment src="/Magafin/No-Man-s-Delight/security/overall-count" accept="text/fragment+html"></include-fragment>

    
</a></li>
      <li data-view-component="true" class="d-inline-flex">
  <a id="insights-tab" href="/Magafin/No-Man-s-Delight/pulse" data-tab-item="i6insights-tab" data-selected-links="repo_graphs repo_contributors dependency_graph dependabot_updates pulse people community /Magafin/No-Man-s-Delight/pulse" data-pjax="#repo-content-pjax-container" data-turbo-frame="repo-content-turbo-frame" data-analytics-event="{&quot;category&quot;:&quot;Underline navbar&quot;,&quot;action&quot;:&quot;Click tab&quot;,&quot;label&quot;:&quot;Insights&quot;,&quot;target&quot;:&quot;UNDERLINE_NAV.TAB&quot;}" data-view-component="true" class="UnderlineNav-item no-wrap js-responsive-underlinenav-item js-selected-navigation-item">
    
              <svg aria-hidden="true" height="16" viewBox="0 0 16 16" version="1.1" width="16" data-view-component="true" class="octicon octicon-graph UnderlineNav-octicon d-none d-sm-inline">
    <path d="M1.5 1.75V13.5h13.75a.75.75 0 0 1 0 1.5H.75a.75.75 0 0 1-.75-.75V1.75a.75.75 0 0 1 1.5 0Zm14.28 2.53-5.25 5.25a.75.75 0 0 1-1.06 0L7 7.06 4.28 9.78a.751.751 0 0 1-1.042-.018.751.751 0 0 1-.018-1.042l3.25-3.25a.75.75 0 0 1 1.06 0L10 7.94l4.72-4.72a.751.751 0 0 1 1.042.018.751.751 0 0 1 .018 1.042Z"></path>
</svg>
        <span data-content="Insights">Insights</span>
          <span id="insights-repo-tab-count" data-pjax-replace="" data-turbo-replace="" title="Not available" data-view-component="true" class="Counter"></span>


    
</a></li>
</ul>
    <div style="visibility:hidden;" data-view-component="true" class="UnderlineNav-actions js-responsive-underlinenav-overflow position-absolute pr-3 pr-md-4 pr-lg-5 right-0">      <action-menu data-select-variant="none" data-view-component="true">
  <focus-group direction="vertical" mnemonics retain>
    <button id="action-menu-e9e25532-892c-40d4-806f-6fa4524a3afb-button" popovertarget="action-menu-e9e25532-892c-40d4-806f-6fa4524a3afb-overlay" aria-controls="action-menu-e9e25532-892c-40d4-806f-6fa4524a3afb-list" aria-haspopup="true" aria-labelledby="tooltip-449dc81d-63f3-40f3-963d-9f789776eb6a" type="button" data-view-component="true" class="Button Button--iconOnly Button--secondary Button--medium UnderlineNav-item">  <svg aria-hidden="true" height="16" viewBox="0 0 16 16" version="1.1" width="16" data-view-component="true" class="octicon octicon-kebab-horizontal Button-visual">
    <path d="M8 9a1.5 1.5 0 1 0 0-3 1.5 1.5 0 0 0 0 3ZM1.5 9a1.5 1.5 0 1 0 0-3 1.5 1.5 0 0 0 0 3Zm13 0a1.5 1.5 0 1 0 0-3 1.5 1.5 0 0 0 0 3Z"></path>
</svg>
</button><tool-tip id="tooltip-449dc81d-63f3-40f3-963d-9f789776eb6a" for="action-menu-e9e25532-892c-40d4-806f-6fa4524a3afb-button" popover="manual" data-direction="s" data-type="label" data-view-component="true" class="sr-only position-absolute">Additional navigation options</tool-tip>


<anchored-position data-target="action-menu.overlay" id="action-menu-e9e25532-892c-40d4-806f-6fa4524a3afb-overlay" anchor="action-menu-e9e25532-892c-40d4-806f-6fa4524a3afb-button" align="start" side="outside-bottom" anchor-offset="normal" popover="auto" data-view-component="true">
  <div data-view-component="true" class="Overlay Overlay--size-auto">
    
      <div data-view-component="true" class="Overlay-body Overlay-body--paddingNone">          <action-list>
  <div data-view-component="true">
    <ul aria-labelledby="action-menu-e9e25532-892c-40d4-806f-6fa4524a3afb-button" id="action-menu-e9e25532-892c-40d4-806f-6fa4524a3afb-list" role="menu" data-view-component="true" class="ActionListWrap--inset ActionListWrap">
        <li hidden="hidden" data-menu-item="i0code-tab" data-targets="action-list.items" role="none" data-view-component="true" class="ActionListItem">
    
    
    <a tabindex="-1" id="item-a0aabf5c-da97-4051-a108-7ab64cc02649" href="/Magafin/No-Man-s-Delight" role="menuitem" data-view-component="true" class="ActionListContent ActionListContent--visual16">
        <span class="ActionListItem-visual ActionListItem-visual--leading">
          <svg aria-hidden="true" height="16" viewBox="0 0 16 16" version="1.1" width="16" data-view-component="true" class="octicon octicon-code">
    <path d="m11.28 3.22 4.25 4.25a.75.75 0 0 1 0 1.06l-4.25 4.25a.749.749 0 0 1-1.275-.326.749.749 0 0 1 .215-.734L13.94 8l-3.72-3.72a.749.749 0 0 1 .326-1.275.749.749 0 0 1 .734.215Zm-6.56 0a.751.751 0 0 1 1.042.018.751.751 0 0 1 .018 1.042L2.06 8l3.72 3.72a.749.749 0 0 1-.326 1.275.749.749 0 0 1-.734-.215L.47 8.53a.75.75 0 0 1 0-1.06Z"></path>
</svg>
        </span>
      
        <span data-view-component="true" class="ActionListItem-label">
          Code
</span>      
</a>
  
</li>
        <li hidden="hidden" data-menu-item="i1issues-tab" data-targets="action-list.items" role="none" data-view-component="true" class="ActionListItem">
    
    
    <a tabindex="-1" id="item-b5925c06-c55b-45d5-a29b-9751566ae01d" href="/Magafin/No-Man-s-Delight/issues" role="menuitem" data-view-component="true" class="ActionListContent ActionListContent--visual16">
        <span class="ActionListItem-visual ActionListItem-visual--leading">
          <svg aria-hidden="true" height="16" viewBox="0 0 16 16" version="1.1" width="16" data-view-component="true" class="octicon octicon-issue-opened">
    <path d="M8 9.5a1.5 1.5 0 1 0 0-3 1.5 1.5 0 0 0 0 3Z"></path><path d="M8 0a8 8 0 1 1 0 16A8 8 0 0 1 8 0ZM1.5 8a6.5 6.5 0 1 0 13 0 6.5 6.5 0 0 0-13 0Z"></path>
</svg>
        </span>
      
        <span data-view-component="true" class="ActionListItem-label">
          Issues
</span>      
</a>
  
</li>
        <li hidden="hidden" data-menu-item="i2pull-requests-tab" data-targets="action-list.items" role="none" data-view-component="true" class="ActionListItem">
    
    
    <a tabindex="-1" id="item-c51f5e25-7f8d-4cd1-853a-03fdc6431257" href="/Magafin/No-Man-s-Delight/pulls" role="menuitem" data-view-component="true" class="ActionListContent ActionListContent--visual16">
        <span class="ActionListItem-visual ActionListItem-visual--leading">
          <svg aria-hidden="true" height="16" viewBox="0 0 16 16" version="1.1" width="16" data-view-component="true" class="octicon octicon-git-pull-request">
    <path d="M1.5 3.25a2.25 2.25 0 1 1 3 2.122v5.256a2.251 2.251 0 1 1-1.5 0V5.372A2.25 2.25 0 0 1 1.5 3.25Zm5.677-.177L9.573.677A.25.25 0 0 1 10 .854V2.5h1A2.5 2.5 0 0 1 13.5 5v5.628a2.251 2.251 0 1 1-1.5 0V5a1 1 0 0 0-1-1h-1v1.646a.25.25 0 0 1-.427.177L7.177 3.427a.25.25 0 0 1 0-.354ZM3.75 2.5a.75.75 0 1 0 0 1.5.75.75 0 0 0 0-1.5Zm0 9.5a.75.75 0 1 0 0 1.5.75.75 0 0 0 0-1.5Zm8.25.75a.75.75 0 1 0 1.5 0 .75.75 0 0 0-1.5 0Z"></path>
</svg>
        </span>
      
        <span data-view-component="true" class="ActionListItem-label">
          Pull requests
</span>      
</a>
  
</li>
        <li hidden="hidden" data-menu-item="i3actions-tab" data-targets="action-list.items" role="none" data-view-component="true" class="ActionListItem">
    
    
    <a tabindex="-1" id="item-9c75c34a-5695-4774-8718-4ed094b79ff2" href="/Magafin/No-Man-s-Delight/actions" role="menuitem" data-view-component="true" class="ActionListContent ActionListContent--visual16">
        <span class="ActionListItem-visual ActionListItem-visual--leading">
          <svg aria-hidden="true" height="16" viewBox="0 0 16 16" version="1.1" width="16" data-view-component="true" class="octicon octicon-play">
    <path d="M8 0a8 8 0 1 1 0 16A8 8 0 0 1 8 0ZM1.5 8a6.5 6.5 0 1 0 13 0 6.5 6.5 0 0 0-13 0Zm4.879-2.773 4.264 2.559a.25.25 0 0 1 0 .428l-4.264 2.559A.25.25 0 0 1 6 10.559V5.442a.25.25 0 0 1 .379-.215Z"></path>
</svg>
        </span>
      
        <span data-view-component="true" class="ActionListItem-label">
          Actions
</span>      
</a>
  
</li>
        <li hidden="hidden" data-menu-item="i4projects-tab" data-targets="action-list.items" role="none" data-view-component="true" class="ActionListItem">
    
    
    <a tabindex="-1" id="item-8504905f-b7d2-4bbc-b88a-76c7ba08fee6" href="/Magafin/No-Man-s-Delight/projects" role="menuitem" data-view-component="true" class="ActionListContent ActionListContent--visual16">
        <span class="ActionListItem-visual ActionListItem-visual--leading">
          <svg aria-hidden="true" height="16" viewBox="0 0 16 16" version="1.1" width="16" data-view-component="true" class="octicon octicon-table">
    <path d="M0 1.75C0 .784.784 0 1.75 0h12.5C15.216 0 16 .784 16 1.75v12.5A1.75 1.75 0 0 1 14.25 16H1.75A1.75 1.75 0 0 1 0 14.25ZM6.5 6.5v8h7.75a.25.25 0 0 0 .25-.25V6.5Zm8-1.5V1.75a.25.25 0 0 0-.25-.25H6.5V5Zm-13 1.5v7.75c0 .138.112.25.25.25H5v-8ZM5 5V1.5H1.75a.25.25 0 0 0-.25.25V5Z"></path>
</svg>
        </span>
      
        <span data-view-component="true" class="ActionListItem-label">
          Projects
</span>      
</a>
  
</li>
        <li hidden="hidden" data-menu-item="i5security-tab" data-targets="action-list.items" role="none" data-view-component="true" class="ActionListItem">
    
    
    <a tabindex="-1" id="item-900d905c-14dd-4b8d-b430-59ee0e4c1584" href="/Magafin/No-Man-s-Delight/security" role="menuitem" data-view-component="true" class="ActionListContent ActionListContent--visual16">
        <span class="ActionListItem-visual ActionListItem-visual--leading">
          <svg aria-hidden="true" height="16" viewBox="0 0 16 16" version="1.1" width="16" data-view-component="true" class="octicon octicon-shield">
    <path d="M7.467.133a1.748 1.748 0 0 1 1.066 0l5.25 1.68A1.75 1.75 0 0 1 15 3.48V7c0 1.566-.32 3.182-1.303 4.682-.983 1.498-2.585 2.813-5.032 3.855a1.697 1.697 0 0 1-1.33 0c-2.447-1.042-4.049-2.357-5.032-3.855C1.32 10.182 1 8.566 1 7V3.48a1.75 1.75 0 0 1 1.217-1.667Zm.61 1.429a.25.25 0 0 0-.153 0l-5.25 1.68a.25.25 0 0 0-.174.238V7c0 1.358.275 2.666 1.057 3.86.784 1.194 2.121 2.34 4.366 3.297a.196.196 0 0 0 .154 0c2.245-.956 3.582-2.104 4.366-3.298C13.225 9.666 13.5 8.36 13.5 7V3.48a.251.251 0 0 0-.174-.237l-5.25-1.68ZM8.75 4.75v3a.75.75 0 0 1-1.5 0v-3a.75.75 0 0 1 1.5 0ZM9 10.5a1 1 0 1 1-2 0 1 1 0 0 1 2 0Z"></path>
</svg>
        </span>
      
        <span data-view-component="true" class="ActionListItem-label">
          Security
</span>      
</a>
  
</li>
        <li hidden="hidden" data-menu-item="i6insights-tab" data-targets="action-list.items" role="none" data-view-component="true" class="ActionListItem">
    
    
    <a tabindex="-1" id="item-c48b19cd-a1a5-4e9e-a8c8-4ab6e5e7e829" href="/Magafin/No-Man-s-Delight/pulse" role="menuitem" data-view-component="true" class="ActionListContent ActionListContent--visual16">
        <span class="ActionListItem-visual ActionListItem-visual--leading">
          <svg aria-hidden="true" height="16" viewBox="0 0 16 16" version="1.1" width="16" data-view-component="true" class="octicon octicon-graph">
    <path d="M1.5 1.75V13.5h13.75a.75.75 0 0 1 0 1.5H.75a.75.75 0 0 1-.75-.75V1.75a.75.75 0 0 1 1.5 0Zm14.28 2.53-5.25 5.25a.75.75 0 0 1-1.06 0L7 7.06 4.28 9.78a.751.751 0 0 1-1.042-.018.751.751 0 0 1-.018-1.042l3.25-3.25a.75.75 0 0 1 1.06 0L10 7.94l4.72-4.72a.751.751 0 0 1 1.042.018.751.751 0 0 1 .018 1.042Z"></path>
</svg>
        </span>
      
        <span data-view-component="true" class="ActionListItem-label">
          Insights
</span>      
</a>
  
</li>
</ul>    
</div></action-list>


</div>
      
</div></anchored-position>  </focus-group>
</action-menu></div>
</nav>

  </div>

  



<turbo-frame id="repo-content-turbo-frame" target="_top" data-turbo-action="advance" class="">
    <div id="repo-content-pjax-container" class="repository-content " >
    



    
      
  <h1 class='sr-only'>Magafin/No-Man-s-Delight</h1>
  <div class="clearfix container-xl px-md-4 px-lg-5 px-3">
    <div>

  <div style="max-width: 100%" data-view-component="true" class="Layout Layout--flowRow-until-md react-repos-overview-margin Layout--sidebarPosition-end Layout--sidebarPosition-flowRow-end">
  <div data-view-component="true" class="Layout-main">      <script crossorigin="anonymous" defer="defer" type="application/javascript" src="https://github.githubassets.com/assets/vendors-node_modules_dompurify_dist_purify_es_mjs-dd1d3ea6a436.js"></script>
<script crossorigin="anonymous" defer="defer" type="application/javascript" src="https://github.githubassets.com/assets/vendors-node_modules_tanstack_query-core_build_modern_queryObserver_js-node_modules_tanstack_-defd52-843b41414e0e.js"></script>
<script crossorigin="anonymous" defer="defer" type="application/javascript" src="https://github.githubassets.com/assets/ui_packages_aria-live_aria-live_ts-ui_packages_history_history_ts-ui_packages_promise-with-re-01dc80-b13b6c1d97b0.js"></script>
<script crossorigin="anonymous" defer="defer" type="application/javascript" src="https://github.githubassets.com/assets/ui_packages_paths_index_ts-04e7ec2d63d9.js"></script>
<script crossorigin="anonymous" defer="defer" type="application/javascript" src="https://github.githubassets.com/assets/ui_packages_ref-selector_RefSelector_tsx-7496afc3784d.js"></script>
<script crossorigin="anonymous" defer="defer" type="application/javascript" src="https://github.githubassets.com/assets/ui_packages_commit-attribution_index_ts-ui_packages_commit-checks-status_index_ts-ui_packages-762eaa-d78307eadb45.js"></script>
<script crossorigin="anonymous" defer="defer" type="application/javascript" src="https://github.githubassets.com/assets/ui_packages_code-view-shared_hooks_use-canonical-object_ts-ui_packages_code-view-shared_hooks-c2dbff-fc59bb4d3e8c.js"></script>
<script crossorigin="anonymous" defer="defer" type="application/javascript" src="https://github.githubassets.com/assets/repos-overview-4ec6cc265f7f.js"></script>
<link crossorigin="anonymous" media="all" rel="stylesheet" href="https://github.githubassets.com/assets/primer-react.7110f8bed75b67122d7a.module.css" />
<link crossorigin="anonymous" media="all" rel="stylesheet" href="https://github.githubassets.com/assets/repos-overview.0ee7cac3ab511a65d9f9.module.css" />

<react-partial
  partial-name="repos-overview"
  data-ssr="true"
  data-attempted-ssr="true"
>
  
  <script type="application/json" data-target="react-partial.embeddedData">{"props":{"initialPayload":{"allShortcutsEnabled":false,"path":"/","repo":{"id":953547737,"defaultBranch":"main","name":"No-Man-s-Delight","ownerLogin":"Magafin","currentUserCanPush":false,"isFork":false,"isEmpty":false,"createdAt":"2025-03-23T16:10:08.000Z","ownerAvatar":"https://avatars.githubusercontent.com/u/204143176?v=4","public":true,"private":false,"isOrgOwned":false},"currentUser":null,"refInfo":{"name":"main","listCacheKey":"v0:1742746208.0","canEdit":false,"refType":"branch","currentOid":"d4e61ff2edbbd385530a3da7716d027c3f460aec"},"tree":{"items":[{"name":"gradle/wrapper","path":"gradle/wrapper","contentType":"directory","hasSimplifiedPath":true},{"name":"src/main","path":"src/main","contentType":"directory","hasSimplifiedPath":true},{"name":".gitignore","path":".gitignore","contentType":"file"},{"name":"README.md","path":"README.md","contentType":"file"},{"name":"build.gradle","path":"build.gradle","contentType":"file"},{"name":"gradle.properties","path":"gradle.properties","contentType":"file"},{"name":"settings.gradle","path":"settings.gradle","contentType":"file"}],"templateDirectorySuggestionUrl":null,"readme":null,"totalCount":7,"showBranchInfobar":false},"fileTree":null,"fileTreeProcessingTime":null,"foldersToFetch":[],"treeExpanded":false,"symbolsExpanded":false,"isOverview":true,"overview":{"banners":{"shouldRecommendReadme":false,"isPersonalRepo":false,"showUseActionBanner":false,"actionSlug":null,"actionId":null,"showProtectBranchBanner":false,"publishBannersInfo":{"dismissActionNoticePath":"/settings/dismiss-notice/publish_action_from_repo","releasePath":"/Magafin/No-Man-s-Delight/releases/new?marketplace=true","showPublishActionBanner":false},"interactionLimitBanner":null,"showInvitationBanner":false,"inviterName":null,"actionsMigrationBannerInfo":{"releaseTags":[],"showImmutableActionsMigrationBanner":false,"initialMigrationStatus":null}},"codeButton":{"contactPath":"/contact","isEnterprise":false,"local":{"protocolInfo":{"httpAvailable":true,"sshAvailable":null,"httpUrl":"https://github.com/Magafin/No-Man-s-Delight.git","showCloneWarning":null,"sshUrl":null,"sshCertificatesRequired":null,"sshCertificatesAvailable":null,"ghCliUrl":"gh repo clone Magafin/No-Man-s-Delight","defaultProtocol":"http","newSshKeyUrl":"/settings/ssh/new","setProtocolPath":"/users/set_protocol"},"platformInfo":{"cloneUrl":"https://desktop.github.com","showVisualStudioCloneButton":false,"visualStudioCloneUrl":"https://windows.github.com","showXcodeCloneButton":false,"xcodeCloneUrl":"xcode://clone?repo=https%3A%2F%2Fgithub.com%2FMagafin%2FNo-Man-s-Delight","zipballUrl":"/Magafin/No-Man-s-Delight/archive/refs/heads/main.zip"}},"newCodespacePath":"/codespaces/new?hide_repo_select=true\u0026repo=953547737"},"popovers":{"rename":null,"renamedParentRepo":null},"commitCount":"12","overviewFiles":[{"displayName":"README.md","repoName":"No-Man-s-Delight","refName":"main","path":"README.md","preferredFileType":"readme","tabName":"README","richText":"\u003carticle class=\"markdown-body entry-content container-lg\" itemprop=\"text\"\u003e\u003cdiv class=\"markdown-heading\" dir=\"auto\"\u003e\u003ch1 tabindex=\"-1\" class=\"heading-element\" dir=\"auto\"\u003eNo-Man-s-Delight\u003c/h1\u003e\u003ca id=\"user-content-no-man-s-delight\" class=\"anchor\" aria-label=\"Permalink: No-Man-s-Delight\" href=\"#no-man-s-delight\"\u003e\u003csvg class=\"octicon octicon-link\" viewBox=\"0 0 16 16\" version=\"1.1\" width=\"16\" height=\"16\" aria-hidden=\"true\"\u003e\u003cpath d=\"m7.775 3.275 1.25-1.25a3.5 3.5 0 1 1 4.95 4.95l-2.5 2.5a3.5 3.5 0 0 1-4.95 0 .751.751 0 0 1 .018-1.042.751.751 0 0 1 1.042-.018 1.998 1.998 0 0 0 2.83 0l2.5-2.5a2.002 2.002 0 0 0-2.83-2.83l-1.25 1.25a.751.751 0 0 1-1.042-.018.751.751 0 0 1-.018-1.042Zm-4.69 9.64a1.998 1.998 0 0 0 2.83 0l1.25-1.25a.751.751 0 0 1 1.042.018.751.751 0 0 1 .018 1.042l-1.25 1.25a3.5 3.5 0 1 1-4.95-4.95l2.5-2.5a3.5 3.5 0 0 1 4.95 0 .751.751 0 0 1-.018 1.042.751.751 0 0 1-1.042.018 1.998 1.998 0 0 0-2.83 0l-2.5 2.5a1.998 1.998 0 0 0 0 2.83Z\"\u003e\u003c/path\u003e\u003c/svg\u003e\u003c/a\u003e\u003c/div\u003e\n\u003cp dir=\"auto\"\u003eFarmer's Delight X No Man's Land Addon\u003c/p\u003e\n\u003c/article\u003e","loaded":true,"timedOut":false,"errorMessage":null,"headerInfo":{"toc":[{"level":1,"text":"No-Man-s-Delight","anchor":"no-man-s-delight","htmlText":"No-Man-s-Delight"}],"siteNavLoginPath":"/login?return_to=https%3A%2F%2Fgithub.com%2FMagafin%2FNo-Man-s-Delight"}}],"overviewFilesProcessingTime":0}},"appPayload":{"helpUrl":"https://docs.github.com","findFileWorkerPath":"/assets-cdn/worker/find-file-worker-7d7eb7c71814.js","findInFileWorkerPath":"/assets-cdn/worker/find-in-file-worker-708ec8ade250.js","githubDevUrl":null,"enabled_features":{"copilot_workspace":null,"code_nav_ui_events":false,"overview_shared_code_dropdown_button":true,"react_blob_overlay":false,"accessible_code_button":true,"github_models_repo_integration":false}}}}</script>
  <div data-target="react-partial.reactRoot"><style data-styled="true" data-styled-version="5.3.11">.iVEunk{margin-top:16px;margin-bottom:16px;}/*!sc*/
.jzuOtQ{display:-webkit-box;display:-webkit-flex;display:-ms-flexbox;display:flex;-webkit-flex-direction:column;-ms-flex-direction:column;flex-direction:column;-webkit-box-pack:justify;-webkit-justify-content:space-between;-ms-flex-pack:justify;justify-content:space-between;}/*!sc*/
.bGojzy{margin-bottom:0;display:-webkit-box;display:-webkit-flex;display:-ms-flexbox;display:flex;-webkit-flex-direction:column;-ms-flex-direction:column;flex-direction:column;row-gap:16px;}/*!sc*/
.iNSVHo{display:-webkit-box;display:-webkit-flex;display:-ms-flexbox;display:flex;-webkit-box-pack:justify;-webkit-justify-content:space-between;-ms-flex-pack:justify;justify-content:space-between;-webkit-box-flex:1;-webkit-flex-grow:1;-ms-flex-positive:1;flex-grow:1;padding-bottom:16px;padding-top:8px;}/*!sc*/
.bVgnfw{display:-webkit-box;display:-webkit-flex;display:-ms-flexbox;display:flex;-webkit-flex-direction:row;-ms-flex-direction:row;flex-direction:row;gap:8px;}/*!sc*/
@media screen and (max-width:320px){.bVgnfw{-webkit-box-flex:1;-webkit-flex-grow:1;-ms-flex-positive:1;flex-grow:1;}}/*!sc*/
.CEgMp{position:relative;}/*!sc*/
@media screen and (max-width:380px){.CEgMp .ref-selector-button-text-container{max-width:80px;}}/*!sc*/
@media screen and (max-width:320px){.CEgMp{-webkit-box-flex:1;-webkit-flex-grow:1;-ms-flex-positive:1;flex-grow:1;}.CEgMp .overview-ref-selector{width:100%;}.CEgMp .overview-ref-selector > span{display:-webkit-box;display:-webkit-flex;display:-ms-flexbox;display:flex;-webkit-box-pack:start;-webkit-justify-content:flex-start;-ms-flex-pack:start;justify-content:flex-start;}.CEgMp .overview-ref-selector > span > span[data-component="text"]{-webkit-box-flex:1;-webkit-flex-grow:1;-ms-flex-positive:1;flex-grow:1;}}/*!sc*/
.gMOVLe[data-size="medium"]{display:-webkit-box;display:-webkit-flex;display:-ms-flexbox;display:flex;min-width:0;}/*!sc*/
.gMOVLe[data-size="medium"] svg{color:var(--fgColor-muted,var(--color-fg-muted,#656d76));}/*!sc*/
.gMOVLe[data-size="medium"] > span{width:inherit;}/*!sc*/
.gUkoLg{-webkit-box-pack:center;-webkit-justify-content:center;-ms-flex-pack:center;justify-content:center;}/*!sc*/
.bZBlpz{display:-webkit-box;display:-webkit-flex;display:-ms-flexbox;display:flex;width:100%;}/*!sc*/
.lhTYNA{margin-right:4px;color:var(--fgColor-muted,var(--color-fg-muted,#656d76));}/*!sc*/
.ffLUq{font-size:14px;min-width:0;overflow:hidden;text-overflow:ellipsis;white-space:nowrap;}/*!sc*/
.bmcJak{min-width:0;}/*!sc*/
.fLXEGX{display:-webkit-box;display:-webkit-flex;display:-ms-flexbox;display:flex;}/*!sc*/
@media screen and (max-width:1079px){.fLXEGX{display:none;}}/*!sc*/
.lmSMZJ[data-size="medium"]{color:var(--fgColor-muted,var(--color-fg-muted,#656d76));padding-left:4px;padding-right:4px;}/*!sc*/
.lmSMZJ[data-size="medium"] span[data-component="leadingVisual"]{margin-right:4px !important;}/*!sc*/
.dqfxud{display:-webkit-box;display:-webkit-flex;display:-ms-flexbox;display:flex;}/*!sc*/
@media screen and (min-width:1080px){.dqfxud{display:none;}}/*!sc*/
@media screen and (max-width:543px){.dqfxud{display:none;}}/*!sc*/
.fGwBZA[data-size="medium"][data-no-visuals]{color:var(--fgColor-muted,var(--color-fg-muted,#656d76));}/*!sc*/
.jxTzTd{display:-webkit-box;display:-webkit-flex;display:-ms-flexbox;display:flex;padding-left:8px;gap:8px;}/*!sc*/
.gqqBXN{display:-webkit-box;display:-webkit-flex;display:-ms-flexbox;display:flex;gap:8px;}/*!sc*/
@media screen and (max-width:543px){.gqqBXN{display:none;}}/*!sc*/
.dzXgxt{display:-webkit-box;display:-webkit-flex;display:-ms-flexbox;display:flex;}/*!sc*/
@media screen and (max-width:1011px){.dzXgxt{display:none;}}/*!sc*/
.iWFGlI{margin-left:8px;margin-right:8px;margin:0;}/*!sc*/
.vcvyP{display:-webkit-box;display:-webkit-flex;display:-ms-flexbox;display:flex;min-width:160px;}/*!sc*/
.YUPas{display:-webkit-box;display:-webkit-flex;display:-ms-flexbox;display:flex;}/*!sc*/
@media screen and (min-width:1012px){.YUPas{display:none;}}/*!sc*/
.izFOf{display:-webkit-box;display:-webkit-flex;display:-ms-flexbox;display:flex;}/*!sc*/
@media screen and (min-width:544px){.izFOf{display:none;}}/*!sc*/
.vIPPs{display:-webkit-box;display:-webkit-flex;display:-ms-flexbox;display:flex;-webkit-flex-direction:column;-ms-flex-direction:column;flex-direction:column;gap:16px;}/*!sc*/
.fdROMU{width:100%;border-collapse:separate;border-spacing:0;border:1px solid;border-color:var(--borderColor-default,var(--color-border-default,#d0d7de));border-radius:6px;table-layout:fixed;overflow:unset;}/*!sc*/
.jGKpsv{height:0px;line-height:0px;}/*!sc*/
.jGKpsv tr{height:0px;font-size:0px;}/*!sc*/
.jdgHnn{padding:16px;color:var(--fgColor-muted,var(--color-fg-muted,#656d76));font-size:12px;text-align:left;height:40px;}/*!sc*/
.jdgHnn th{padding-left:16px;background-color:var(--bgColor-muted,var(--color-canvas-subtle,#f6f8fa));}/*!sc*/
.bQivRW{width:100%;border-top-left-radius:6px;}/*!sc*/
@media screen and (min-width:544px){.bQivRW{display:none;}}/*!sc*/
.ldkMIO{width:40%;border-top-left-radius:6px;}/*!sc*/
@media screen and (max-width:543px){.ldkMIO{display:none;}}/*!sc*/
.jMbWeI{text-align:right;padding-right:16px;width:136px;border-top-right-radius:6px;}/*!sc*/
.gpqjiB{color:var(--fgColor-muted,var(--color-fg-muted,#656d76));font-size:12px;height:40px;}/*!sc*/
.dzCJzi{display:-webkit-box;display:-webkit-flex;display:-ms-flexbox;display:flex;-webkit-flex-direction:row;-ms-flex-direction:row;flex-direction:row;-webkit-flex-wrap:wrap;-ms-flex-wrap:wrap;flex-wrap:wrap;-webkit-box-pack:justify;-webkit-justify-content:space-between;-ms-flex-pack:justify;justify-content:space-between;-webkit-align-items:center;-webkit-box-align:center;-ms-flex-align:center;align-items:center;gap:8px;min-width:273px;padding:8px;}/*!sc*/
@media screen and (min-width:544px){.dzCJzi{-webkit-flex-wrap:nowrap;-ms-flex-wrap:nowrap;flex-wrap:nowrap;}}/*!sc*/
.eNCcrz{text-align:center;vertical-align:center;height:40px;border-top:1px solid;border-color:var(--borderColor-default,var(--color-border-default,#d0d7de));}/*!sc*/
.bHTcCe{border-top:1px solid var(--borderColor-default,var(--color-border-default));cursor:pointer;}/*!sc*/
.csrIcr{display:-webkit-box;display:-webkit-flex;display:-ms-flexbox;display:flex;-webkit-box-flex:1;-webkit-flex-grow:1;-ms-flex-positive:1;flex-grow:1;gap:16px;}/*!sc*/
.bUQNHB{border:1px solid;border-color:var(--borderColor-default,var(--color-border-default,#d0d7de));border-radius:6px;display:-webkit-box;display:-webkit-flex;display:-ms-flexbox;display:flex;-webkit-flex-direction:column;-ms-flex-direction:column;flex-direction:column;-webkit-box-flex:1;-webkit-flex-grow:1;-ms-flex-positive:1;flex-grow:1;}/*!sc*/
@media screen and (max-width:543px){.bUQNHB{margin-left:-16px;margin-right:-16px;max-width:calc(100% + 32px);}}/*!sc*/
@media screen and (min-width:544px){.bUQNHB{max-width:100%;}}/*!sc*/
.jPdcfu{display:-webkit-box;display:-webkit-flex;display:-ms-flexbox;display:flex;border-bottom:1px solid;border-bottom-color:var(--borderColor-default,var(--color-border-default,#d0d7de));-webkit-align-items:center;-webkit-box-align:center;-ms-flex-align:center;align-items:center;padding-right:8px;position:-webkit-sticky;position:sticky;top:0;background-color:var(--bgColor-default,var(--color-canvas-default,#ffffff));z-index:1;border-top-left-radius:6px;border-top-right-radius:6px;}/*!sc*/
.iphEWz{-webkit-box-flex:1;-webkit-flex-grow:1;-ms-flex-positive:1;flex-grow:1;border-bottom:none;max-width:100%;padding-left:8px;padding-right:8px;}/*!sc*/
.hUCRAk{display:-webkit-box;display:-webkit-flex;display:-ms-flexbox;display:flex;-webkit-flex-direction:column;-ms-flex-direction:column;flex-direction:column;-webkit-align-items:center;-webkit-box-align:center;-ms-flex-align:center;align-items:center;}/*!sc*/
.QkQOb{padding:32px;overflow:auto;}/*!sc*/
data-styled.g1[id="Box-sc-g0xbh4-0"]{content:"iVEunk,jzuOtQ,bGojzy,iNSVHo,bVgnfw,CEgMp,gMOVLe,gUkoLg,bZBlpz,lhTYNA,ffLUq,bmcJak,fLXEGX,lmSMZJ,dqfxud,fGwBZA,jxTzTd,gqqBXN,dzXgxt,iWFGlI,vcvyP,YUPas,izFOf,vIPPs,fdROMU,jGKpsv,jdgHnn,bQivRW,ldkMIO,jMbWeI,gpqjiB,dzCJzi,eNCcrz,bHTcCe,csrIcr,bUQNHB,jPdcfu,iphEWz,hUCRAk,QkQOb,"}/*!sc*/
.brGdpi{position:absolute;width:1px;height:1px;padding:0;margin:-1px;overflow:hidden;-webkit-clip:rect(0,0,0,0);clip:rect(0,0,0,0);white-space:nowrap;border-width:0;}/*!sc*/
data-styled.g5[id="_VisuallyHidden__VisuallyHidden-sc-11jhm7a-0"]{content:"brGdpi,"}/*!sc*/
.hWlpPn{position:relative;display:inline-block;}/*!sc*/
.hWlpPn::after{position:absolute;z-index:1000000;display:none;padding:0.5em 0.75em;font:normal normal 11px/1.5 -apple-system,BlinkMacSystemFont,"Segoe UI","Noto Sans",Helvetica,Arial,sans-serif,"Apple Color Emoji","Segoe UI Emoji";-webkit-font-smoothing:subpixel-antialiased;color:var(--tooltip-fgColor,var(--fgColor-onEmphasis,var(--color-fg-on-emphasis,#ffffff)));text-align:center;-webkit-text-decoration:none;text-decoration:none;text-shadow:none;text-transform:none;-webkit-letter-spacing:normal;-moz-letter-spacing:normal;-ms-letter-spacing:normal;letter-spacing:normal;word-wrap:break-word;white-space:pre;pointer-events:none;content:attr(aria-label);background:var(--tooltip-bgColor,var(--bgColor-emphasis,var(--color-neutral-emphasis-plus,#24292f)));border-radius:6px;opacity:0;}/*!sc*/
@-webkit-keyframes tooltip-appear{from{opacity:0;}to{opacity:1;}}/*!sc*/
@keyframes tooltip-appear{from{opacity:0;}to{opacity:1;}}/*!sc*/
.hWlpPn:hover::after,.hWlpPn:active::after,.hWlpPn:focus::after,.hWlpPn:focus-within::after{display:inline-block;-webkit-text-decoration:none;text-decoration:none;-webkit-animation-name:tooltip-appear;animation-name:tooltip-appear;-webkit-animation-duration:0.1s;animation-duration:0.1s;-webkit-animation-fill-mode:forwards;animation-fill-mode:forwards;-webkit-animation-timing-function:ease-in;animation-timing-function:ease-in;-webkit-animation-delay:0s;animation-delay:0s;}/*!sc*/
.hWlpPn.tooltipped-no-delay:hover::after,.hWlpPn.tooltipped-no-delay:active::after,.hWlpPn.tooltipped-no-delay:focus::after,.hWlpPn.tooltipped-no-delay:focus-within::after{-webkit-animation-delay:0s;animation-delay:0s;}/*!sc*/
.hWlpPn.tooltipped-multiline:hover::after,.hWlpPn.tooltipped-multiline:active::after,.hWlpPn.tooltipped-multiline:focus::after,.hWlpPn.tooltipped-multiline:focus-within::after{display:table-cell;}/*!sc*/
.hWlpPn.tooltipped-s::after,.hWlpPn.tooltipped-se::after,.hWlpPn.tooltipped-sw::after{top:100%;right:50%;margin-top:6px;}/*!sc*/
.hWlpPn.tooltipped-se::after{right:auto;left:50%;margin-left:-16px;}/*!sc*/
.hWlpPn.tooltipped-sw::after{margin-right:-16px;}/*!sc*/
.hWlpPn.tooltipped-n::after,.hWlpPn.tooltipped-ne::after,.hWlpPn.tooltipped-nw::after{right:50%;bottom:100%;margin-bottom:6px;}/*!sc*/
.hWlpPn.tooltipped-ne::after{right:auto;left:50%;margin-left:-16px;}/*!sc*/
.hWlpPn.tooltipped-nw::after{margin-right:-16px;}/*!sc*/
.hWlpPn.tooltipped-s::after,.hWlpPn.tooltipped-n::after{-webkit-transform:translateX(50%);-ms-transform:translateX(50%);transform:translateX(50%);}/*!sc*/
.hWlpPn.tooltipped-w::after{right:100%;bottom:50%;margin-right:6px;-webkit-transform:translateY(50%);-ms-transform:translateY(50%);transform:translateY(50%);}/*!sc*/
.hWlpPn.tooltipped-e::after{bottom:50%;left:100%;margin-left:6px;-webkit-transform:translateY(50%);-ms-transform:translateY(50%);transform:translateY(50%);}/*!sc*/
.hWlpPn.tooltipped-multiline::after{width:-webkit-max-content;width:-moz-max-content;width:max-content;max-width:250px;word-wrap:break-word;white-space:pre-line;border-collapse:separate;}/*!sc*/
.hWlpPn.tooltipped-multiline.tooltipped-s::after,.hWlpPn.tooltipped-multiline.tooltipped-n::after{right:auto;left:50%;-webkit-transform:translateX(-50%);-ms-transform:translateX(-50%);transform:translateX(-50%);}/*!sc*/
.hWlpPn.tooltipped-multiline.tooltipped-w::after,.hWlpPn.tooltipped-multiline.tooltipped-e::after{right:100%;}/*!sc*/
.hWlpPn.tooltipped-align-right-2::after{right:0;margin-right:0;}/*!sc*/
.hWlpPn.tooltipped-align-left-2::after{left:0;margin-left:0;}/*!sc*/
data-styled.g16[id="Tooltip__TooltipBase-sc-17tf59c-0"]{content:"hWlpPn,"}/*!sc*/
.liVpTx{display:inline-block;overflow:hidden;text-overflow:ellipsis;vertical-align:top;white-space:nowrap;max-width:125px;}/*!sc*/
data-styled.g18[id="Truncate__StyledTruncate-sc-23o1d2-0"]{content:"liVpTx,"}/*!sc*/
</style> <!-- --> <!-- --> <div class="Box-sc-g0xbh4-0 iVEunk"><div class="Box-sc-g0xbh4-0 jzuOtQ"><div class="Box-sc-g0xbh4-0 bGojzy"></div></div><div class="Box-sc-g0xbh4-0 iNSVHo"><div class="Box-sc-g0xbh4-0 bVgnfw"><div class="Box-sc-g0xbh4-0 CEgMp"><button type="button" aria-haspopup="true" aria-expanded="false" tabindex="0" aria-label="main branch" data-testid="anchor-button" class="Box-sc-g0xbh4-0 gMOVLe prc-Button-ButtonBase-c50BI overview-ref-selector width-full" data-loading="false" data-size="medium" data-variant="default" aria-describedby="branch-picker-repos-header-ref-selector-loading-announcement" id="branch-picker-repos-header-ref-selector"><span data-component="buttonContent" class="Box-sc-g0xbh4-0 gUkoLg prc-Button-ButtonContent-HKbr-"><span data-component="text" class="prc-Button-Label-pTQ3x"><div class="Box-sc-g0xbh4-0 bZBlpz"><div class="Box-sc-g0xbh4-0 lhTYNA"><svg aria-hidden="true" focusable="false" class="octicon octicon-git-branch" viewBox="0 0 16 16" width="16" height="16" fill="currentColor" display="inline-block" overflow="visible" style="vertical-align:text-bottom"><path d="M9.5 3.25a2.25 2.25 0 1 1 3 2.122V6A2.5 2.5 0 0 1 10 8.5H6a1 1 0 0 0-1 1v1.128a2.251 2.251 0 1 1-1.5 0V5.372a2.25 2.25 0 1 1 1.5 0v1.836A2.493 2.493 0 0 1 6 7h4a1 1 0 0 0 1-1v-.628A2.25 2.25 0 0 1 9.5 3.25Zm-6 0a.75.75 0 1 0 1.5 0 .75.75 0 0 0-1.5 0Zm8.25-.75a.75.75 0 1 0 0 1.5.75.75 0 0 0 0-1.5ZM4.25 12a.75.75 0 1 0 0 1.5.75.75 0 0 0 0-1.5Z"></path></svg></div><div class="Box-sc-g0xbh4-0 ffLUq ref-selector-button-text-container"><span class="Box-sc-g0xbh4-0 bmcJak prc-Text-Text-0ima0"> <!-- -->main</span></div></div></span><span data-component="trailingVisual" class="prc-Button-Visual-2epfX prc-Button-VisualWrap-Db-eB"><svg aria-hidden="true" focusable="false" class="octicon octicon-triangle-down" viewBox="0 0 16 16" width="16" height="16" fill="currentColor" display="inline-block" overflow="visible" style="vertical-align:text-bottom"><path d="m4.427 7.427 3.396 3.396a.25.25 0 0 0 .354 0l3.396-3.396A.25.25 0 0 0 11.396 7H4.604a.25.25 0 0 0-.177.427Z"></path></svg></span></span></button><button hidden="" data-hotkey-scope="read-only-cursor-text-area"></button></div><div class="Box-sc-g0xbh4-0 fLXEGX"><a style="--button-color:fg.muted" type="button" href="/Magafin/No-Man-s-Delight/branches" class="Box-sc-g0xbh4-0 lmSMZJ prc-Button-ButtonBase-c50BI" data-loading="false" data-size="medium" data-variant="invisible" aria-describedby=":Rclab:-loading-announcement"><span data-component="buttonContent" class="Box-sc-g0xbh4-0 gUkoLg prc-Button-ButtonContent-HKbr-"><span data-component="leadingVisual" class="prc-Button-Visual-2epfX prc-Button-VisualWrap-Db-eB"><svg aria-hidden="true" focusable="false" class="octicon octicon-git-branch" viewBox="0 0 16 16" width="16" height="16" fill="currentColor" display="inline-block" overflow="visible" style="vertical-align:text-bottom"><path d="M9.5 3.25a2.25 2.25 0 1 1 3 2.122V6A2.5 2.5 0 0 1 10 8.5H6a1 1 0 0 0-1 1v1.128a2.251 2.251 0 1 1-1.5 0V5.372a2.25 2.25 0 1 1 1.5 0v1.836A2.493 2.493 0 0 1 6 7h4a1 1 0 0 0 1-1v-.628A2.25 2.25 0 0 1 9.5 3.25Zm-6 0a.75.75 0 1 0 1.5 0 .75.75 0 0 0-1.5 0Zm8.25-.75a.75.75 0 1 0 0 1.5.75.75 0 0 0 0-1.5ZM4.25 12a.75.75 0 1 0 0 1.5.75.75 0 0 0 0-1.5Z"></path></svg></span><span data-component="text" class="prc-Button-Label-pTQ3x">Branches</span></span></a><a style="--button-color:fg.muted" type="button" href="/Magafin/No-Man-s-Delight/tags" class="Box-sc-g0xbh4-0 lmSMZJ prc-Button-ButtonBase-c50BI" data-loading="false" data-size="medium" data-variant="invisible" aria-describedby=":Rklab:-loading-announcement"><span data-component="buttonContent" class="Box-sc-g0xbh4-0 gUkoLg prc-Button-ButtonContent-HKbr-"><span data-component="leadingVisual" class="prc-Button-Visual-2epfX prc-Button-VisualWrap-Db-eB"><svg aria-hidden="true" focusable="false" class="octicon octicon-tag" viewBox="0 0 16 16" width="16" height="16" fill="currentColor" display="inline-block" overflow="visible" style="vertical-align:text-bottom"><path d="M1 7.775V2.75C1 1.784 1.784 1 2.75 1h5.025c.464 0 .91.184 1.238.513l6.25 6.25a1.75 1.75 0 0 1 0 2.474l-5.026 5.026a1.75 1.75 0 0 1-2.474 0l-6.25-6.25A1.752 1.752 0 0 1 1 7.775Zm1.5 0c0 .066.026.13.073.177l6.25 6.25a.25.25 0 0 0 .354 0l5.025-5.025a.25.25 0 0 0 0-.354l-6.25-6.25a.25.25 0 0 0-.177-.073H2.75a.25.25 0 0 0-.25.25ZM6 5a1 1 0 1 1 0 2 1 1 0 0 1 0-2Z"></path></svg></span><span data-component="text" class="prc-Button-Label-pTQ3x">Tags</span></span></a></div><div class="Box-sc-g0xbh4-0 dqfxud"><a style="--button-color:fg.muted" type="button" aria-label="Go to Branches page" href="/Magafin/No-Man-s-Delight/branches" class="Box-sc-g0xbh4-0 fGwBZA prc-Button-ButtonBase-c50BI" data-loading="false" data-no-visuals="true" data-size="medium" data-variant="invisible" aria-describedby=":Relab:-loading-announcement"><svg aria-hidden="true" focusable="false" class="octicon octicon-git-branch" viewBox="0 0 16 16" width="16" height="16" fill="currentColor" display="inline-block" overflow="visible" style="vertical-align:text-bottom"><path d="M9.5 3.25a2.25 2.25 0 1 1 3 2.122V6A2.5 2.5 0 0 1 10 8.5H6a1 1 0 0 0-1 1v1.128a2.251 2.251 0 1 1-1.5 0V5.372a2.25 2.25 0 1 1 1.5 0v1.836A2.493 2.493 0 0 1 6 7h4a1 1 0 0 0 1-1v-.628A2.25 2.25 0 0 1 9.5 3.25Zm-6 0a.75.75 0 1 0 1.5 0 .75.75 0 0 0-1.5 0Zm8.25-.75a.75.75 0 1 0 0 1.5.75.75 0 0 0 0-1.5ZM4.25 12a.75.75 0 1 0 0 1.5.75.75 0 0 0 0-1.5Z"></path></svg></a><a style="--button-color:fg.muted" type="button" aria-label="Go to Tags page" href="/Magafin/No-Man-s-Delight/tags" class="Box-sc-g0xbh4-0 fGwBZA prc-Button-ButtonBase-c50BI" data-loading="false" data-no-visuals="true" data-size="medium" data-variant="invisible" aria-describedby=":Rmlab:-loading-announcement"><svg aria-hidden="true" focusable="false" class="octicon octicon-tag" viewBox="0 0 16 16" width="16" height="16" fill="currentColor" display="inline-block" overflow="visible" style="vertical-align:text-bottom"><path d="M1 7.775V2.75C1 1.784 1.784 1 2.75 1h5.025c.464 0 .91.184 1.238.513l6.25 6.25a1.75 1.75 0 0 1 0 2.474l-5.026 5.026a1.75 1.75 0 0 1-2.474 0l-6.25-6.25A1.752 1.752 0 0 1 1 7.775Zm1.5 0c0 .066.026.13.073.177l6.25 6.25a.25.25 0 0 0 .354 0l5.025-5.025a.25.25 0 0 0 0-.354l-6.25-6.25a.25.25 0 0 0-.177-.073H2.75a.25.25 0 0 0-.25.25ZM6 5a1 1 0 1 1 0 2 1 1 0 0 1 0-2Z"></path></svg></a></div></div><div class="Box-sc-g0xbh4-0 jxTzTd"><div class="Box-sc-g0xbh4-0 gqqBXN"><div class="Box-sc-g0xbh4-0 dzXgxt"><!--$--><div class="Box-sc-g0xbh4-0 iWFGlI"><span class="Box-sc-g0xbh4-0 vcvyP TextInput-wrapper prc-components-TextInputWrapper-i1ofR prc-components-TextInputBaseWrapper-ueK9q" data-leading-visual="true" data-trailing-visual="true" aria-busy="false"><span class="TextInput-icon" id=":R2j5ab:" aria-hidden="true"><svg aria-hidden="true" focusable="false" class="octicon octicon-search" viewBox="0 0 16 16" width="16" height="16" fill="currentColor" display="inline-block" overflow="visible" style="vertical-align:text-bottom"><path d="M10.68 11.74a6 6 0 0 1-7.922-8.982 6 6 0 0 1 8.982 7.922l3.04 3.04a.749.749 0 0 1-.326 1.275.749.749 0 0 1-.734-.215ZM11.5 7a4.499 4.499 0 1 0-8.997 0A4.499 4.499 0 0 0 11.5 7Z"></path></svg></span><input type="text" aria-label="Go to file" role="combobox" aria-controls="file-results-list" aria-expanded="false" aria-haspopup="dialog" autoCorrect="off" spellcheck="false" placeholder="Go to file" aria-describedby=":R2j5ab: :R2j5abH1:" data-component="input" class="prc-components-Input-Ic-y8" value=""/><span class="TextInput-icon" id=":R2j5abH1:" aria-hidden="true"></span></span></div><!--/$--></div><div class="Box-sc-g0xbh4-0 YUPas"><button type="button" class="prc-Button-ButtonBase-c50BI" data-loading="false" data-no-visuals="true" data-size="medium" data-variant="default" aria-describedby=":Rr5ab:-loading-announcement"><span data-component="buttonContent" data-align="center" class="prc-Button-ButtonContent-HKbr-"><span data-component="text" class="prc-Button-Label-pTQ3x">Go to file</span></span></button></div><div class="react-directory-add-file-icon"></div><div class="react-directory-remove-file-icon"></div></div><button type="button" aria-haspopup="true" aria-expanded="false" tabindex="0" class="prc-Button-ButtonBase-c50BI" data-loading="false" data-size="medium" data-variant="primary" aria-describedby=":R55ab:-loading-announcement" id=":R55ab:"><span data-component="buttonContent" data-align="center" class="prc-Button-ButtonContent-HKbr-"><span data-component="leadingVisual" class="prc-Button-Visual-2epfX prc-Button-VisualWrap-Db-eB"><svg aria-hidden="true" focusable="false" class="octicon octicon-code hide-sm" viewBox="0 0 16 16" width="16" height="16" fill="currentColor" display="inline-block" overflow="visible" style="vertical-align:text-bottom"><path d="m11.28 3.22 4.25 4.25a.75.75 0 0 1 0 1.06l-4.25 4.25a.749.749 0 0 1-1.275-.326.749.749 0 0 1 .215-.734L13.94 8l-3.72-3.72a.749.749 0 0 1 .326-1.275.749.749 0 0 1 .734.215Zm-6.56 0a.751.751 0 0 1 1.042.018.751.751 0 0 1 .018 1.042L2.06 8l3.72 3.72a.749.749 0 0 1-.326 1.275.749.749 0 0 1-.734-.215L.47 8.53a.75.75 0 0 1 0-1.06Z"></path></svg></span><span data-component="text" class="prc-Button-Label-pTQ3x">Code</span><span data-component="trailingVisual" class="prc-Button-Visual-2epfX prc-Button-VisualWrap-Db-eB"><svg aria-hidden="true" focusable="false" class="octicon octicon-triangle-down" viewBox="0 0 16 16" width="16" height="16" fill="currentColor" display="inline-block" overflow="visible" style="vertical-align:text-bottom"><path d="m4.427 7.427 3.396 3.396a.25.25 0 0 0 .354 0l3.396-3.396A.25.25 0 0 0 11.396 7H4.604a.25.25 0 0 0-.177.427Z"></path></svg></span></span></button><div class="Box-sc-g0xbh4-0 izFOf"><button data-component="IconButton" type="button" aria-label="Open more actions menu" aria-haspopup="true" aria-expanded="false" tabindex="0" class="prc-Button-ButtonBase-c50BI prc-Button-IconButton-szpyj" data-loading="false" data-no-visuals="true" data-size="medium" data-variant="default" aria-describedby=":R75ab:-loading-announcement" id=":R75ab:"><svg aria-hidden="true" focusable="false" class="octicon octicon-kebab-horizontal" viewBox="0 0 16 16" width="16" height="16" fill="currentColor" display="inline-block" overflow="visible" style="vertical-align:text-bottom"><path d="M8 9a1.5 1.5 0 1 0 0-3 1.5 1.5 0 0 0 0 3ZM1.5 9a1.5 1.5 0 1 0 0-3 1.5 1.5 0 0 0 0 3Zm13 0a1.5 1.5 0 1 0 0-3 1.5 1.5 0 0 0 0 3Z"></path></svg></button></div></div></div><div class="Box-sc-g0xbh4-0 vIPPs"><div data-hpc="true"><button hidden="" data-testid="focus-next-element-button" data-hotkey="j"></button><button hidden="" data-testid="focus-previous-element-button" data-hotkey="k"></button><h2 class="sr-only ScreenReaderHeading-module__userSelectNone--vW4Cq prc-Heading-Heading-6CmGO" data-testid="screen-reader-heading" id="folders-and-files">Folders and files</h2><table aria-labelledby="folders-and-files" class="Box-sc-g0xbh4-0 fdROMU"><thead class="Box-sc-g0xbh4-0 jGKpsv"><tr class="Box-sc-g0xbh4-0 jdgHnn"><th colSpan="2" class="Box-sc-g0xbh4-0 bQivRW"><span class="text-bold">Name</span></th><th colSpan="1" class="Box-sc-g0xbh4-0 ldkMIO"><span class="text-bold">Name</span></th><th class="hide-sm"><div title="Last commit message" class="Truncate__StyledTruncate-sc-23o1d2-0 liVpTx width-fit"><span class="text-bold">Last commit message</span></div></th><th colSpan="1" class="Box-sc-g0xbh4-0 jMbWeI"><div title="Last commit date" class="Truncate__StyledTruncate-sc-23o1d2-0 liVpTx width-fit"><span class="text-bold">Last commit date</span></div></th></tr></thead><tbody><tr class="Box-sc-g0xbh4-0 gpqjiB"><td colSpan="3" class="bgColor-muted p-1 rounded-top-2"><div class="Box-sc-g0xbh4-0 dzCJzi"><h2 class="sr-only ScreenReaderHeading-module__userSelectNone--vW4Cq prc-Heading-Heading-6CmGO" data-testid="screen-reader-heading">Latest commit</h2><div style="width:120px" class="Skeleton Skeleton--text" data-testid="loading"> </div><div class="d-flex flex-shrink-0 gap-2"><div data-testid="latest-commit-details" class="d-none d-sm-flex flex-items-center"></div><div class="d-flex gap-2"><h2 class="sr-only ScreenReaderHeading-module__userSelectNone--vW4Cq prc-Heading-Heading-6CmGO" data-testid="screen-reader-heading">History</h2><a href="/Magafin/No-Man-s-Delight/commits/main/" class="prc-Button-ButtonBase-c50BI d-none d-lg-flex LinkButton-module__code-view-link-button--xvCGA flex-items-center fgColor-default" data-loading="false" data-size="small" data-variant="invisible" aria-describedby=":Raqj8pab:-loading-announcement"><span data-component="buttonContent" data-align="center" class="prc-Button-ButtonContent-HKbr-"><span data-component="leadingVisual" class="prc-Button-Visual-2epfX prc-Button-VisualWrap-Db-eB"><svg aria-hidden="true" focusable="false" class="octicon octicon-history" viewBox="0 0 16 16" width="16" height="16" fill="currentColor" display="inline-block" overflow="visible" style="vertical-align:text-bottom"><path d="m.427 1.927 1.215 1.215a8.002 8.002 0 1 1-1.6 5.685.75.75 0 1 1 1.493-.154 6.5 6.5 0 1 0 1.18-4.458l1.358 1.358A.25.25 0 0 1 3.896 6H.25A.25.25 0 0 1 0 5.75V2.104a.25.25 0 0 1 .427-.177ZM7.75 4a.75.75 0 0 1 .75.75v2.992l2.028.812a.75.75 0 0 1-.557 1.392l-2.5-1A.751.751 0 0 1 7 8.25v-3.5A.75.75 0 0 1 7.75 4Z"></path></svg></span><span data-component="text" class="prc-Button-Label-pTQ3x"><span class="fgColor-default">12 Commits</span></span></span></a><div class="d-sm-none"></div><div class="d-flex d-lg-none"><span role="tooltip" aria-label="12 Commits" id="history-icon-button-tooltip" class="Tooltip__TooltipBase-sc-17tf59c-0 hWlpPn tooltipped-n"><a href="/Magafin/No-Man-s-Delight/commits/main/" class="prc-Button-ButtonBase-c50BI LinkButton-module__code-view-link-button--xvCGA flex-items-center fgColor-default" data-loading="false" data-size="small" data-variant="invisible" aria-describedby=":R1iqj8pab:-loading-announcement history-icon-button-tooltip"><span data-component="buttonContent" data-align="center" class="prc-Button-ButtonContent-HKbr-"><span data-component="leadingVisual" class="prc-Button-Visual-2epfX prc-Button-VisualWrap-Db-eB"><svg aria-hidden="true" focusable="false" class="octicon octicon-history" viewBox="0 0 16 16" width="16" height="16" fill="currentColor" display="inline-block" overflow="visible" style="vertical-align:text-bottom"><path d="m.427 1.927 1.215 1.215a8.002 8.002 0 1 1-1.6 5.685.75.75 0 1 1 1.493-.154 6.5 6.5 0 1 0 1.18-4.458l1.358 1.358A.25.25 0 0 1 3.896 6H.25A.25.25 0 0 1 0 5.75V2.104a.25.25 0 0 1 .427-.177ZM7.75 4a.75.75 0 0 1 .75.75v2.992l2.028.812a.75.75 0 0 1-.557 1.392l-2.5-1A.751.751 0 0 1 7 8.25v-3.5A.75.75 0 0 1 7.75 4Z"></path></svg></span></span></a></span></div></div></div></div></td></tr><tr class="react-directory-row undefined" id="folder-row-0"><td class="react-directory-row-name-cell-small-screen" colSpan="2"><div class="react-directory-filename-column"><svg aria-hidden="true" focusable="false" class="octicon octicon-file-directory-fill icon-directory" viewBox="0 0 16 16" width="16" height="16" fill="currentColor" display="inline-block" overflow="visible" style="vertical-align:text-bottom"><path d="M1.75 1A1.75 1.75 0 0 0 0 2.75v10.5C0 14.216.784 15 1.75 15h12.5A1.75 1.75 0 0 0 16 13.25v-8.5A1.75 1.75 0 0 0 14.25 3H7.5a.25.25 0 0 1-.2-.1l-.9-1.2C6.07 1.26 5.55 1 5 1H1.75Z"></path></svg><div class="overflow-hidden"><div class="react-directory-filename-cell"><div class="react-directory-truncate"><a title="This path skips through empty directories" aria-label="gradle/wrapper, (Directory)" class="Link--primary" href="/Magafin/No-Man-s-Delight/tree/main/gradle/wrapper"><span class="react-directory-default-color" data-testid="path-name-segment">gradle/</span><span class="" data-testid="path-name-segment">wrapper</span></a></div></div></div></div></td><td class="react-directory-row-name-cell-large-screen" colSpan="1"><div class="react-directory-filename-column"><svg aria-hidden="true" focusable="false" class="octicon octicon-file-directory-fill icon-directory" viewBox="0 0 16 16" width="16" height="16" fill="currentColor" display="inline-block" overflow="visible" style="vertical-align:text-bottom"><path d="M1.75 1A1.75 1.75 0 0 0 0 2.75v10.5C0 14.216.784 15 1.75 15h12.5A1.75 1.75 0 0 0 16 13.25v-8.5A1.75 1.75 0 0 0 14.25 3H7.5a.25.25 0 0 1-.2-.1l-.9-1.2C6.07 1.26 5.55 1 5 1H1.75Z"></path></svg><div class="overflow-hidden"><div class="react-directory-filename-cell"><div class="react-directory-truncate"><a title="This path skips through empty directories" aria-label="gradle/wrapper, (Directory)" class="Link--primary" href="/Magafin/No-Man-s-Delight/tree/main/gradle/wrapper"><span class="react-directory-default-color" data-testid="path-name-segment">gradle/</span><span class="" data-testid="path-name-segment">wrapper</span></a></div></div></div></div></td><td class="react-directory-row-commit-cell"><div class="Skeleton Skeleton--text"> </div></td><td><div class="Skeleton Skeleton--text"> </div></td></tr><tr class="react-directory-row undefined" id="folder-row-1"><td class="react-directory-row-name-cell-small-screen" colSpan="2"><div class="react-directory-filename-column"><svg aria-hidden="true" focusable="false" class="octicon octicon-file-directory-fill icon-directory" viewBox="0 0 16 16" width="16" height="16" fill="currentColor" display="inline-block" overflow="visible" style="vertical-align:text-bottom"><path d="M1.75 1A1.75 1.75 0 0 0 0 2.75v10.5C0 14.216.784 15 1.75 15h12.5A1.75 1.75 0 0 0 16 13.25v-8.5A1.75 1.75 0 0 0 14.25 3H7.5a.25.25 0 0 1-.2-.1l-.9-1.2C6.07 1.26 5.55 1 5 1H1.75Z"></path></svg><div class="overflow-hidden"><div class="react-directory-filename-cell"><div class="react-directory-truncate"><a title="This path skips through empty directories" aria-label="src/main, (Directory)" class="Link--primary" href="/Magafin/No-Man-s-Delight/tree/main/src/main"><span class="react-directory-default-color" data-testid="path-name-segment">src/</span><span class="" data-testid="path-name-segment">main</span></a></div></div></div></div></td><td class="react-directory-row-name-cell-large-screen" colSpan="1"><div class="react-directory-filename-column"><svg aria-hidden="true" focusable="false" class="octicon octicon-file-directory-fill icon-directory" viewBox="0 0 16 16" width="16" height="16" fill="currentColor" display="inline-block" overflow="visible" style="vertical-align:text-bottom"><path d="M1.75 1A1.75 1.75 0 0 0 0 2.75v10.5C0 14.216.784 15 1.75 15h12.5A1.75 1.75 0 0 0 16 13.25v-8.5A1.75 1.75 0 0 0 14.25 3H7.5a.25.25 0 0 1-.2-.1l-.9-1.2C6.07 1.26 5.55 1 5 1H1.75Z"></path></svg><div class="overflow-hidden"><div class="react-directory-filename-cell"><div class="react-directory-truncate"><a title="This path skips through empty directories" aria-label="src/main, (Directory)" class="Link--primary" href="/Magafin/No-Man-s-Delight/tree/main/src/main"><span class="react-directory-default-color" data-testid="path-name-segment">src/</span><span class="" data-testid="path-name-segment">main</span></a></div></div></div></div></td><td class="react-directory-row-commit-cell"><div class="Skeleton Skeleton--text"> </div></td><td><div class="Skeleton Skeleton--text"> </div></td></tr><tr class="react-directory-row undefined" id="folder-row-2"><td class="react-directory-row-name-cell-small-screen" colSpan="2"><div class="react-directory-filename-column"><svg aria-hidden="true" focusable="false" class="octicon octicon-file color-fg-muted" viewBox="0 0 16 16" width="16" height="16" fill="currentColor" display="inline-block" overflow="visible" style="vertical-align:text-bottom"><path d="M2 1.75C2 .784 2.784 0 3.75 0h6.586c.464 0 .909.184 1.237.513l2.914 2.914c.329.328.513.773.513 1.237v9.586A1.75 1.75 0 0 1 13.25 16h-9.5A1.75 1.75 0 0 1 2 14.25Zm1.75-.25a.25.25 0 0 0-.25.25v12.5c0 .138.112.25.25.25h9.5a.25.25 0 0 0 .25-.25V6h-2.75A1.75 1.75 0 0 1 9 4.25V1.5Zm6.75.062V4.25c0 .138.112.25.25.25h2.688l-.011-.013-2.914-2.914-.013-.011Z"></path></svg><div class="overflow-hidden"><div class="react-directory-filename-cell"><div class="react-directory-truncate"><a title=".gitignore" aria-label=".gitignore, (File)" class="Link--primary" href="/Magafin/No-Man-s-Delight/blob/main/.gitignore">.gitignore</a></div></div></div></div></td><td class="react-directory-row-name-cell-large-screen" colSpan="1"><div class="react-directory-filename-column"><svg aria-hidden="true" focusable="false" class="octicon octicon-file color-fg-muted" viewBox="0 0 16 16" width="16" height="16" fill="currentColor" display="inline-block" overflow="visible" style="vertical-align:text-bottom"><path d="M2 1.75C2 .784 2.784 0 3.75 0h6.586c.464 0 .909.184 1.237.513l2.914 2.914c.329.328.513.773.513 1.237v9.586A1.75 1.75 0 0 1 13.25 16h-9.5A1.75 1.75 0 0 1 2 14.25Zm1.75-.25a.25.25 0 0 0-.25.25v12.5c0 .138.112.25.25.25h9.5a.25.25 0 0 0 .25-.25V6h-2.75A1.75 1.75 0 0 1 9 4.25V1.5Zm6.75.062V4.25c0 .138.112.25.25.25h2.688l-.011-.013-2.914-2.914-.013-.011Z"></path></svg><div class="overflow-hidden"><div class="react-directory-filename-cell"><div class="react-directory-truncate"><a title=".gitignore" aria-label=".gitignore, (File)" class="Link--primary" href="/Magafin/No-Man-s-Delight/blob/main/.gitignore">.gitignore</a></div></div></div></div></td><td class="react-directory-row-commit-cell"><div class="Skeleton Skeleton--text"> </div></td><td><div class="Skeleton Skeleton--text"> </div></td></tr><tr class="react-directory-row undefined" id="folder-row-3"><td class="react-directory-row-name-cell-small-screen" colSpan="2"><div class="react-directory-filename-column"><svg aria-hidden="true" focusable="false" class="octicon octicon-file color-fg-muted" viewBox="0 0 16 16" width="16" height="16" fill="currentColor" display="inline-block" overflow="visible" style="vertical-align:text-bottom"><path d="M2 1.75C2 .784 2.784 0 3.75 0h6.586c.464 0 .909.184 1.237.513l2.914 2.914c.329.328.513.773.513 1.237v9.586A1.75 1.75 0 0 1 13.25 16h-9.5A1.75 1.75 0 0 1 2 14.25Zm1.75-.25a.25.25 0 0 0-.25.25v12.5c0 .138.112.25.25.25h9.5a.25.25 0 0 0 .25-.25V6h-2.75A1.75 1.75 0 0 1 9 4.25V1.5Zm6.75.062V4.25c0 .138.112.25.25.25h2.688l-.011-.013-2.914-2.914-.013-.011Z"></path></svg><div class="overflow-hidden"><div class="react-directory-filename-cell"><div class="react-directory-truncate"><a title="README.md" aria-label="README.md, (File)" class="Link--primary" href="/Magafin/No-Man-s-Delight/blob/main/README.md">README.md</a></div></div></div></div></td><td class="react-directory-row-name-cell-large-screen" colSpan="1"><div class="react-directory-filename-column"><svg aria-hidden="true" focusable="false" class="octicon octicon-file color-fg-muted" viewBox="0 0 16 16" width="16" height="16" fill="currentColor" display="inline-block" overflow="visible" style="vertical-align:text-bottom"><path d="M2 1.75C2 .784 2.784 0 3.75 0h6.586c.464 0 .909.184 1.237.513l2.914 2.914c.329.328.513.773.513 1.237v9.586A1.75 1.75 0 0 1 13.25 16h-9.5A1.75 1.75 0 0 1 2 14.25Zm1.75-.25a.25.25 0 0 0-.25.25v12.5c0 .138.112.25.25.25h9.5a.25.25 0 0 0 .25-.25V6h-2.75A1.75 1.75 0 0 1 9 4.25V1.5Zm6.75.062V4.25c0 .138.112.25.25.25h2.688l-.011-.013-2.914-2.914-.013-.011Z"></path></svg><div class="overflow-hidden"><div class="react-directory-filename-cell"><div class="react-directory-truncate"><a title="README.md" aria-label="README.md, (File)" class="Link--primary" href="/Magafin/No-Man-s-Delight/blob/main/README.md">README.md</a></div></div></div></div></td><td class="react-directory-row-commit-cell"><div class="Skeleton Skeleton--text"> </div></td><td><div class="Skeleton Skeleton--text"> </div></td></tr><tr class="react-directory-row undefined" id="folder-row-4"><td class="react-directory-row-name-cell-small-screen" colSpan="2"><div class="react-directory-filename-column"><svg aria-hidden="true" focusable="false" class="octicon octicon-file color-fg-muted" viewBox="0 0 16 16" width="16" height="16" fill="currentColor" display="inline-block" overflow="visible" style="vertical-align:text-bottom"><path d="M2 1.75C2 .784 2.784 0 3.75 0h6.586c.464 0 .909.184 1.237.513l2.914 2.914c.329.328.513.773.513 1.237v9.586A1.75 1.75 0 0 1 13.25 16h-9.5A1.75 1.75 0 0 1 2 14.25Zm1.75-.25a.25.25 0 0 0-.25.25v12.5c0 .138.112.25.25.25h9.5a.25.25 0 0 0 .25-.25V6h-2.75A1.75 1.75 0 0 1 9 4.25V1.5Zm6.75.062V4.25c0 .138.112.25.25.25h2.688l-.011-.013-2.914-2.914-.013-.011Z"></path></svg><div class="overflow-hidden"><div class="react-directory-filename-cell"><div class="react-directory-truncate"><a title="build.gradle" aria-label="build.gradle, (File)" class="Link--primary" href="/Magafin/No-Man-s-Delight/blob/main/build.gradle">build.gradle</a></div></div></div></div></td><td class="react-directory-row-name-cell-large-screen" colSpan="1"><div class="react-directory-filename-column"><svg aria-hidden="true" focusable="false" class="octicon octicon-file color-fg-muted" viewBox="0 0 16 16" width="16" height="16" fill="currentColor" display="inline-block" overflow="visible" style="vertical-align:text-bottom"><path d="M2 1.75C2 .784 2.784 0 3.75 0h6.586c.464 0 .909.184 1.237.513l2.914 2.914c.329.328.513.773.513 1.237v9.586A1.75 1.75 0 0 1 13.25 16h-9.5A1.75 1.75 0 0 1 2 14.25Zm1.75-.25a.25.25 0 0 0-.25.25v12.5c0 .138.112.25.25.25h9.5a.25.25 0 0 0 .25-.25V6h-2.75A1.75 1.75 0 0 1 9 4.25V1.5Zm6.75.062V4.25c0 .138.112.25.25.25h2.688l-.011-.013-2.914-2.914-.013-.011Z"></path></svg><div class="overflow-hidden"><div class="react-directory-filename-cell"><div class="react-directory-truncate"><a title="build.gradle" aria-label="build.gradle, (File)" class="Link--primary" href="/Magafin/No-Man-s-Delight/blob/main/build.gradle">build.gradle</a></div></div></div></div></td><td class="react-directory-row-commit-cell"><div class="Skeleton Skeleton--text"> </div></td><td><div class="Skeleton Skeleton--text"> </div></td></tr><tr class="react-directory-row undefined" id="folder-row-5"><td class="react-directory-row-name-cell-small-screen" colSpan="2"><div class="react-directory-filename-column"><svg aria-hidden="true" focusable="false" class="octicon octicon-file color-fg-muted" viewBox="0 0 16 16" width="16" height="16" fill="currentColor" display="inline-block" overflow="visible" style="vertical-align:text-bottom"><path d="M2 1.75C2 .784 2.784 0 3.75 0h6.586c.464 0 .909.184 1.237.513l2.914 2.914c.329.328.513.773.513 1.237v9.586A1.75 1.75 0 0 1 13.25 16h-9.5A1.75 1.75 0 0 1 2 14.25Zm1.75-.25a.25.25 0 0 0-.25.25v12.5c0 .138.112.25.25.25h9.5a.25.25 0 0 0 .25-.25V6h-2.75A1.75 1.75 0 0 1 9 4.25V1.5Zm6.75.062V4.25c0 .138.112.25.25.25h2.688l-.011-.013-2.914-2.914-.013-.011Z"></path></svg><div class="overflow-hidden"><div class="react-directory-filename-cell"><div class="react-directory-truncate"><a title="gradle.properties" aria-label="gradle.properties, (File)" class="Link--primary" href="/Magafin/No-Man-s-Delight/blob/main/gradle.properties">gradle.properties</a></div></div></div></div></td><td class="react-directory-row-name-cell-large-screen" colSpan="1"><div class="react-directory-filename-column"><svg aria-hidden="true" focusable="false" class="octicon octicon-file color-fg-muted" viewBox="0 0 16 16" width="16" height="16" fill="currentColor" display="inline-block" overflow="visible" style="vertical-align:text-bottom"><path d="M2 1.75C2 .784 2.784 0 3.75 0h6.586c.464 0 .909.184 1.237.513l2.914 2.914c.329.328.513.773.513 1.237v9.586A1.75 1.75 0 0 1 13.25 16h-9.5A1.75 1.75 0 0 1 2 14.25Zm1.75-.25a.25.25 0 0 0-.25.25v12.5c0 .138.112.25.25.25h9.5a.25.25 0 0 0 .25-.25V6h-2.75A1.75 1.75 0 0 1 9 4.25V1.5Zm6.75.062V4.25c0 .138.112.25.25.25h2.688l-.011-.013-2.914-2.914-.013-.011Z"></path></svg><div class="overflow-hidden"><div class="react-directory-filename-cell"><div class="react-directory-truncate"><a title="gradle.properties" aria-label="gradle.properties, (File)" class="Link--primary" href="/Magafin/No-Man-s-Delight/blob/main/gradle.properties">gradle.properties</a></div></div></div></div></td><td class="react-directory-row-commit-cell"><div class="Skeleton Skeleton--text"> </div></td><td><div class="Skeleton Skeleton--text"> </div></td></tr><tr class="react-directory-row undefined" id="folder-row-6"><td class="react-directory-row-name-cell-small-screen" colSpan="2"><div class="react-directory-filename-column"><svg aria-hidden="true" focusable="false" class="octicon octicon-file color-fg-muted" viewBox="0 0 16 16" width="16" height="16" fill="currentColor" display="inline-block" overflow="visible" style="vertical-align:text-bottom"><path d="M2 1.75C2 .784 2.784 0 3.75 0h6.586c.464 0 .909.184 1.237.513l2.914 2.914c.329.328.513.773.513 1.237v9.586A1.75 1.75 0 0 1 13.25 16h-9.5A1.75 1.75 0 0 1 2 14.25Zm1.75-.25a.25.25 0 0 0-.25.25v12.5c0 .138.112.25.25.25h9.5a.25.25 0 0 0 .25-.25V6h-2.75A1.75 1.75 0 0 1 9 4.25V1.5Zm6.75.062V4.25c0 .138.112.25.25.25h2.688l-.011-.013-2.914-2.914-.013-.011Z"></path></svg><div class="overflow-hidden"><div class="react-directory-filename-cell"><div class="react-directory-truncate"><a title="settings.gradle" aria-label="settings.gradle, (File)" class="Link--primary" href="/Magafin/No-Man-s-Delight/blob/main/settings.gradle">settings.gradle</a></div></div></div></div></td><td class="react-directory-row-name-cell-large-screen" colSpan="1"><div class="react-directory-filename-column"><svg aria-hidden="true" focusable="false" class="octicon octicon-file color-fg-muted" viewBox="0 0 16 16" width="16" height="16" fill="currentColor" display="inline-block" overflow="visible" style="vertical-align:text-bottom"><path d="M2 1.75C2 .784 2.784 0 3.75 0h6.586c.464 0 .909.184 1.237.513l2.914 2.914c.329.328.513.773.513 1.237v9.586A1.75 1.75 0 0 1 13.25 16h-9.5A1.75 1.75 0 0 1 2 14.25Zm1.75-.25a.25.25 0 0 0-.25.25v12.5c0 .138.112.25.25.25h9.5a.25.25 0 0 0 .25-.25V6h-2.75A1.75 1.75 0 0 1 9 4.25V1.5Zm6.75.062V4.25c0 .138.112.25.25.25h2.688l-.011-.013-2.914-2.914-.013-.011Z"></path></svg><div class="overflow-hidden"><div class="react-directory-filename-cell"><div class="react-directory-truncate"><a title="settings.gradle" aria-label="settings.gradle, (File)" class="Link--primary" href="/Magafin/No-Man-s-Delight/blob/main/settings.gradle">settings.gradle</a></div></div></div></div></td><td class="react-directory-row-commit-cell"><div class="Skeleton Skeleton--text"> </div></td><td><div class="Skeleton Skeleton--text"> </div></td></tr><tr class="Box-sc-g0xbh4-0 eNCcrz d-none" data-testid="view-all-files-row"><td colSpan="3" class="Box-sc-g0xbh4-0 bHTcCe"><div><button class="prc-Link-Link-85e08">View all files</button></div></td></tr></tbody></table></div><div class="Box-sc-g0xbh4-0 csrIcr"><div class="Box-sc-g0xbh4-0 bUQNHB"><div itemscope="" itemType="https://schema.org/abstract" class="Box-sc-g0xbh4-0 jPdcfu"><h2 class="_VisuallyHidden__VisuallyHidden-sc-11jhm7a-0 brGdpi">Repository files navigation</h2><nav class="Box-sc-g0xbh4-0 iphEWz prc-components-UnderlineWrapper-oOh5J" aria-label="Repository files"><ul class="prc-components-UnderlineItemList-b23Hf" role="list"><li class="Box-sc-g0xbh4-0 hUCRAk"><a class="prc-components-UnderlineItem-lJsg-" href="#" aria-current="page"><span data-component="icon"><svg aria-hidden="true" focusable="false" class="octicon octicon-book" viewBox="0 0 16 16" width="16" height="16" fill="currentColor" display="inline-block" overflow="visible" style="vertical-align:text-bottom"><path d="M0 1.75A.75.75 0 0 1 .75 1h4.253c1.227 0 2.317.59 3 1.501A3.743 3.743 0 0 1 11.006 1h4.245a.75.75 0 0 1 .75.75v10.5a.75.75 0 0 1-.75.75h-4.507a2.25 2.25 0 0 0-1.591.659l-.622.621a.75.75 0 0 1-1.06 0l-.622-.621A2.25 2.25 0 0 0 5.258 13H.75a.75.75 0 0 1-.75-.75Zm7.251 10.324.004-5.073-.002-2.253A2.25 2.25 0 0 0 5.003 2.5H1.5v9h3.757a3.75 3.75 0 0 1 1.994.574ZM8.755 4.75l-.004 7.322a3.752 3.752 0 0 1 1.992-.572H14.5v-9h-3.495a2.25 2.25 0 0 0-2.25 2.25Z"></path></svg></span><span data-component="text" data-content="README">README</span></a></li></ul></nav></div><div class="Box-sc-g0xbh4-0 QkQOb js-snippet-clipboard-copy-unpositioned undefined" data-hpc="true"><article class="markdown-body entry-content container-lg" itemprop="text"><div class="markdown-heading" dir="auto"><h1 tabindex="-1" class="heading-element" dir="auto">No-Man-s-Delight</h1><a id="user-content-no-man-s-delight" class="anchor" aria-label="Permalink: No-Man-s-Delight" href="#no-man-s-delight"><svg class="octicon octicon-link" viewBox="0 0 16 16" version="1.1" width="16" height="16" aria-hidden="true"><path d="m7.775 3.275 1.25-1.25a3.5 3.5 0 1 1 4.95 4.95l-2.5 2.5a3.5 3.5 0 0 1-4.95 0 .751.751 0 0 1 .018-1.042.751.751 0 0 1 1.042-.018 1.998 1.998 0 0 0 2.83 0l2.5-2.5a2.002 2.002 0 0 0-2.83-2.83l-1.25 1.25a.751.751 0 0 1-1.042-.018.751.751 0 0 1-.018-1.042Zm-4.69 9.64a1.998 1.998 0 0 0 2.83 0l1.25-1.25a.751.751 0 0 1 1.042.018.751.751 0 0 1 .018 1.042l-1.25 1.25a3.5 3.5 0 1 1-4.95-4.95l2.5-2.5a3.5 3.5 0 0 1 4.95 0 .751.751 0 0 1-.018 1.042.751.751 0 0 1-1.042.018 1.998 1.998 0 0 0-2.83 0l-2.5 2.5a1.998 1.998 0 0 0 0 2.83Z"></path></svg></a></div>
<p dir="auto">Farmer's Delight X No Man's Land Addon</p>
</article></div></div></div></div></div> <!-- --> <!-- --> <script type="application/json" id="__PRIMER_DATA_:R0:__">{"resolvedServerColorMode":"day"}</script></div>
</react-partial>

      <input type="hidden" data-csrf="true" value="N+7Q3OVtlyh1H0+6Pwv5F/JA+6D/hDS54NmqKbi5dp+3HuYP6QuCm7OjAQuWdlzZy98jb8E7GwznUkD+pA2OHQ==" />
</div>
  <div data-view-component="true" class="Layout-sidebar">      

      <div class="BorderGrid about-margin" data-pjax>
        <div class="BorderGrid-row">
          <div class="BorderGrid-cell">
            <div class="hide-sm hide-md">
  <h2 class="mb-3 h4">About</h2>

      <p class="f4 my-3">
        Farmer's Delight X No Man's Land Addon
      </p>


    <h3 class="sr-only">Resources</h3>
    <div class="mt-2">
      <a class="Link--muted" data-analytics-event="{&quot;category&quot;:&quot;Repository Overview&quot;,&quot;action&quot;:&quot;click&quot;,&quot;label&quot;:&quot;location:sidebar;file:readme&quot;}" href="#readme-ov-file">
        <svg aria-hidden="true" height="16" viewBox="0 0 16 16" version="1.1" width="16" data-view-component="true" class="octicon octicon-book mr-2">
    <path d="M0 1.75A.75.75 0 0 1 .75 1h4.253c1.227 0 2.317.59 3 1.501A3.743 3.743 0 0 1 11.006 1h4.245a.75.75 0 0 1 .75.75v10.5a.75.75 0 0 1-.75.75h-4.507a2.25 2.25 0 0 0-1.591.659l-.622.621a.75.75 0 0 1-1.06 0l-.622-.621A2.25 2.25 0 0 0 5.258 13H.75a.75.75 0 0 1-.75-.75Zm7.251 10.324.004-5.073-.002-2.253A2.25 2.25 0 0 0 5.003 2.5H1.5v9h3.757a3.75 3.75 0 0 1 1.994.574ZM8.755 4.75l-.004 7.322a3.752 3.752 0 0 1 1.992-.572H14.5v-9h-3.495a2.25 2.25 0 0 0-2.25 2.25Z"></path>
</svg>
        Readme
</a>    </div>

  



  <include-fragment  src="/Magafin/No-Man-s-Delight/hovercards/citation/sidebar_partial?tree_name=main">
  </include-fragment>

  <div class="mt-2">
    <a href="/Magafin/No-Man-s-Delight/activity" data-view-component="true" class="Link Link--muted"><svg text="gray" aria-hidden="true" height="16" viewBox="0 0 16 16" version="1.1" width="16" data-view-component="true" class="octicon octicon-pulse mr-2">
    <path d="M6 2c.306 0 .582.187.696.471L10 10.731l1.304-3.26A.751.751 0 0 1 12 7h3.25a.75.75 0 0 1 0 1.5h-2.742l-1.812 4.528a.751.751 0 0 1-1.392 0L6 4.77 4.696 8.03A.75.75 0 0 1 4 8.5H.75a.75.75 0 0 1 0-1.5h2.742l1.812-4.529A.751.751 0 0 1 6 2Z"></path>
</svg>
      <span class="color-fg-muted">Activity</span></a>  </div>


  <h3 class="sr-only">Stars</h3>
  <div class="mt-2">
    <a href="/Magafin/No-Man-s-Delight/stargazers" data-view-component="true" class="Link Link--muted"><svg aria-hidden="true" height="16" viewBox="0 0 16 16" version="1.1" width="16" data-view-component="true" class="octicon octicon-star mr-2">
    <path d="M8 .25a.75.75 0 0 1 .673.418l1.882 3.815 4.21.612a.75.75 0 0 1 .416 1.279l-3.046 2.97.719 4.192a.751.751 0 0 1-1.088.791L8 12.347l-3.766 1.98a.75.75 0 0 1-1.088-.79l.72-4.194L.818 6.374a.75.75 0 0 1 .416-1.28l4.21-.611L7.327.668A.75.75 0 0 1 8 .25Zm0 2.445L6.615 5.5a.75.75 0 0 1-.564.41l-3.097.45 2.24 2.184a.75.75 0 0 1 .216.664l-.528 3.084 2.769-1.456a.75.75 0 0 1 .698 0l2.77 1.456-.53-3.084a.75.75 0 0 1 .216-.664l2.24-2.183-3.096-.45a.75.75 0 0 1-.564-.41L8 2.694Z"></path>
</svg>
      <strong>0</strong>
      stars</a>  </div>

  <h3 class="sr-only">Watchers</h3>
  <div class="mt-2">
    <a href="/Magafin/No-Man-s-Delight/watchers" data-view-component="true" class="Link Link--muted"><svg aria-hidden="true" height="16" viewBox="0 0 16 16" version="1.1" width="16" data-view-component="true" class="octicon octicon-eye mr-2">
    <path d="M8 2c1.981 0 3.671.992 4.933 2.078 1.27 1.091 2.187 2.345 2.637 3.023a1.62 1.62 0 0 1 0 1.798c-.45.678-1.367 1.932-2.637 3.023C11.67 13.008 9.981 14 8 14c-1.981 0-3.671-.992-4.933-2.078C1.797 10.83.88 9.576.43 8.898a1.62 1.62 0 0 1 0-1.798c.45-.677 1.367-1.931 2.637-3.022C4.33 2.992 6.019 2 8 2ZM1.679 7.932a.12.12 0 0 0 0 .136c.411.622 1.241 1.75 2.366 2.717C5.176 11.758 6.527 12.5 8 12.5c1.473 0 2.825-.742 3.955-1.715 1.124-.967 1.954-2.096 2.366-2.717a.12.12 0 0 0 0-.136c-.412-.621-1.242-1.75-2.366-2.717C10.824 4.242 9.473 3.5 8 3.5c-1.473 0-2.825.742-3.955 1.715-1.124.967-1.954 2.096-2.366 2.717ZM8 10a2 2 0 1 1-.001-3.999A2 2 0 0 1 8 10Z"></path>
</svg>
      <strong>1</strong>
      watching</a>  </div>

  <h3 class="sr-only">Forks</h3>
  <div class="mt-2">
    <a href="/Magafin/No-Man-s-Delight/forks" data-view-component="true" class="Link Link--muted"><svg aria-hidden="true" height="16" viewBox="0 0 16 16" version="1.1" width="16" data-view-component="true" class="octicon octicon-repo-forked mr-2">
    <path d="M5 5.372v.878c0 .414.336.75.75.75h4.5a.75.75 0 0 0 .75-.75v-.878a2.25 2.25 0 1 1 1.5 0v.878a2.25 2.25 0 0 1-2.25 2.25h-1.5v2.128a2.251 2.251 0 1 1-1.5 0V8.5h-1.5A2.25 2.25 0 0 1 3.5 6.25v-.878a2.25 2.25 0 1 1 1.5 0ZM5 3.25a.75.75 0 1 0-1.5 0 .75.75 0 0 0 1.5 0Zm6.75.75a.75.75 0 1 0 0-1.5.75.75 0 0 0 0 1.5Zm-3 8.75a.75.75 0 1 0-1.5 0 .75.75 0 0 0 1.5 0Z"></path>
</svg>
      <strong>0</strong>
      forks</a>  </div>

    <div class="mt-2">
      <a class="Link--muted" href="/contact/report-content?content_url=https%3A%2F%2Fgithub.com%2FMagafin%2FNo-Man-s-Delight&amp;report=Magafin+%28user%29">
          Report repository
</a>    </div>
</div>

          </div>
        </div>

        
            <div class="BorderGrid-row">
              <div class="BorderGrid-cell">
                <h2 class="h4 mb-3" data-pjax="#repo-content-pjax-container" data-turbo-frame="repo-content-turbo-frame">
  <a href="/Magafin/No-Man-s-Delight/releases" data-view-component="true" class="Link--primary no-underline Link">Releases</a></h2>

    <div class="text-small color-fg-muted">No releases published</div>

              </div>
            </div>

        
        
            <div class="BorderGrid-row">
              <div class="BorderGrid-cell">
                
  <h2 class="h4 mb-3">
  <a href="/users/Magafin/packages?repo_name=No-Man-s-Delight" data-view-component="true" class="Link--primary no-underline Link d-flex flex-items-center">Packages
      <span title="0" hidden="hidden" data-view-component="true" class="Counter ml-1">0</span></a></h2>


      <div class="text-small color-fg-muted" >
        No packages published <br>
      </div>



              </div>
            </div>

        
            <div class="BorderGrid-row" hidden>
              <div class="BorderGrid-cell">
                <include-fragment src="/Magafin/No-Man-s-Delight/used_by_list" accept="text/fragment+html">
</include-fragment>
              </div>
            </div>

        
            <div class="BorderGrid-row">
              <div class="BorderGrid-cell">
                <h2 class="h4 mb-3">
  <a href="/Magafin/No-Man-s-Delight/graphs/contributors" data-view-component="true" class="Link--primary no-underline Link d-flex flex-items-center">Contributors
      <span title="3" data-view-component="true" class="Counter ml-1">3</span></a></h2>


    <include-fragment src="/Magafin/No-Man-s-Delight/contributors_list?count=3&amp;current_repository=No-Man-s-Delight&amp;items_to_show=3" aria-busy="true" aria-label="Loading contributors">
      <ul class="list-style-none ">
          <li class="mb-2 d-flex">
            <div class="Skeleton avatar avatar-user mr-2" style="width:32px;height:32px;"></div>
              <div class="Skeleton Skeleton--text flex-1 flex-self-center f4">&nbsp;</div>
          </li>
          <li class="mb-2 d-flex">
            <div class="Skeleton avatar avatar-user mr-2" style="width:32px;height:32px;"></div>
              <div class="Skeleton Skeleton--text flex-1 flex-self-center f4">&nbsp;</div>
          </li>
          <li class="mb-2 d-flex">
            <div class="Skeleton avatar avatar-user mr-2" style="width:32px;height:32px;"></div>
              <div class="Skeleton Skeleton--text flex-1 flex-self-center f4">&nbsp;</div>
          </li>
      </ul>
</include-fragment>


              </div>
            </div>

        
        
            <div class="BorderGrid-row">
              <div class="BorderGrid-cell">
                <h2 class="h4 mb-3">Languages</h2>
<div class="mb-2">
  <span data-view-component="true" class="Progress">
    <span style="background-color:#b07219 !important;;width: 100.0%;" itemprop="keywords" data-view-component="true" class="Progress-item color-bg-success-emphasis"></span>
</span></div>
<ul class="list-style-none">
    <li class="d-inline">
        <a class="d-inline-flex flex-items-center flex-nowrap Link--secondary no-underline text-small mr-3" href="/Magafin/No-Man-s-Delight/search?l=java"  data-ga-click="Repository, language stats search click, location:repo overview">
          <svg style="color:#b07219;" aria-hidden="true" height="16" viewBox="0 0 16 16" version="1.1" width="16" data-view-component="true" class="octicon octicon-dot-fill mr-2">
    <path d="M8 4a4 4 0 1 1 0 8 4 4 0 0 1 0-8Z"></path>
</svg>
          <span class="color-fg-default text-bold mr-1">Java</span>
          <span>100.0%</span>
        </a>
    </li>
</ul>

              </div>
            </div>

              </div>
</div>
  
</div></div>

  </div>


  </div>

</turbo-frame>


    </main>
  </div>

  </div>

          <footer class="footer pt-8 pb-6 f6 color-fg-muted p-responsive" role="contentinfo" >
  <h2 class='sr-only'>Footer</h2>

  


  <div class="d-flex flex-justify-center flex-items-center flex-column-reverse flex-lg-row flex-wrap flex-lg-nowrap">
    <div class="d-flex flex-items-center flex-shrink-0 mx-2">
      <a aria-label="Homepage" title="GitHub" class="footer-octicon mr-2" href="https://github.com">
        <svg aria-hidden="true" height="24" viewBox="0 0 24 24" version="1.1" width="24" data-view-component="true" class="octicon octicon-mark-github">
    <path d="M12 1C5.9225 1 1 5.9225 1 12C1 16.8675 4.14875 20.9787 8.52125 22.4362C9.07125 22.5325 9.2775 22.2025 9.2775 21.9137C9.2775 21.6525 9.26375 20.7862 9.26375 19.865C6.5 20.3737 5.785 19.1912 5.565 18.5725C5.44125 18.2562 4.905 17.28 4.4375 17.0187C4.0525 16.8125 3.5025 16.3037 4.42375 16.29C5.29 16.2762 5.90875 17.0875 6.115 17.4175C7.105 19.0812 8.68625 18.6137 9.31875 18.325C9.415 17.61 9.70375 17.1287 10.02 16.8537C7.5725 16.5787 5.015 15.63 5.015 11.4225C5.015 10.2262 5.44125 9.23625 6.1425 8.46625C6.0325 8.19125 5.6475 7.06375 6.2525 5.55125C6.2525 5.55125 7.17375 5.2625 9.2775 6.67875C10.1575 6.43125 11.0925 6.3075 12.0275 6.3075C12.9625 6.3075 13.8975 6.43125 14.7775 6.67875C16.8813 5.24875 17.8025 5.55125 17.8025 5.55125C18.4075 7.06375 18.0225 8.19125 17.9125 8.46625C18.6138 9.23625 19.04 10.2125 19.04 11.4225C19.04 15.6437 16.4688 16.5787 14.0213 16.8537C14.42 17.1975 14.7638 17.8575 14.7638 18.8887C14.7638 20.36 14.75 21.5425 14.75 21.9137C14.75 22.2025 14.9563 22.5462 15.5063 22.4362C19.8513 20.9787 23 16.8537 23 12C23 5.9225 18.0775 1 12 1Z"></path>
</svg>
</a>
      <span>
        &copy; 2025 GitHub,&nbsp;Inc.
      </span>
    </div>

    <nav aria-label="Footer">
      <h3 class="sr-only" id="sr-footer-heading">Footer navigation</h3>

      <ul class="list-style-none d-flex flex-justify-center flex-wrap mb-2 mb-lg-0" aria-labelledby="sr-footer-heading">

          <li class="mx-2">
            <a data-analytics-event="{&quot;category&quot;:&quot;Footer&quot;,&quot;action&quot;:&quot;go to Terms&quot;,&quot;label&quot;:&quot;text:terms&quot;}" href="https://docs.github.com/site-policy/github-terms/github-terms-of-service" data-view-component="true" class="Link--secondary Link">Terms</a>
          </li>

          <li class="mx-2">
            <a data-analytics-event="{&quot;category&quot;:&quot;Footer&quot;,&quot;action&quot;:&quot;go to privacy&quot;,&quot;label&quot;:&quot;text:privacy&quot;}" href="https://docs.github.com/site-policy/privacy-policies/github-privacy-statement" data-view-component="true" class="Link--secondary Link">Privacy</a>
          </li>

          <li class="mx-2">
            <a data-analytics-event="{&quot;category&quot;:&quot;Footer&quot;,&quot;action&quot;:&quot;go to security&quot;,&quot;label&quot;:&quot;text:security&quot;}" href="https://github.com/security" data-view-component="true" class="Link--secondary Link">Security</a>
          </li>

          <li class="mx-2">
            <a data-analytics-event="{&quot;category&quot;:&quot;Footer&quot;,&quot;action&quot;:&quot;go to status&quot;,&quot;label&quot;:&quot;text:status&quot;}" href="https://www.githubstatus.com/" data-view-component="true" class="Link--secondary Link">Status</a>
          </li>

          <li class="mx-2">
            <a data-analytics-event="{&quot;category&quot;:&quot;Footer&quot;,&quot;action&quot;:&quot;go to docs&quot;,&quot;label&quot;:&quot;text:docs&quot;}" href="https://docs.github.com/" data-view-component="true" class="Link--secondary Link">Docs</a>
          </li>

          <li class="mx-2">
            <a data-analytics-event="{&quot;category&quot;:&quot;Footer&quot;,&quot;action&quot;:&quot;go to contact&quot;,&quot;label&quot;:&quot;text:contact&quot;}" href="https://support.github.com?tags=dotcom-footer" data-view-component="true" class="Link--secondary Link">Contact</a>
          </li>

          <li class="mx-2" >
  <cookie-consent-link>
    <button
      type="button"
      class="Link--secondary underline-on-hover border-0 p-0 color-bg-transparent"
      data-action="click:cookie-consent-link#showConsentManagement"
      data-analytics-event="{&quot;location&quot;:&quot;footer&quot;,&quot;action&quot;:&quot;cookies&quot;,&quot;context&quot;:&quot;subfooter&quot;,&quot;tag&quot;:&quot;link&quot;,&quot;label&quot;:&quot;cookies_link_subfooter_footer&quot;}"
    >
      Manage cookies
    </button>
  </cookie-consent-link>
</li>

<li class="mx-2">
  <cookie-consent-link>
    <button
      type="button"
      class="Link--secondary underline-on-hover border-0 p-0 color-bg-transparent"
      data-action="click:cookie-consent-link#showConsentManagement"
      data-analytics-event="{&quot;location&quot;:&quot;footer&quot;,&quot;action&quot;:&quot;dont_share_info&quot;,&quot;context&quot;:&quot;subfooter&quot;,&quot;tag&quot;:&quot;link&quot;,&quot;label&quot;:&quot;dont_share_info_link_subfooter_footer&quot;}"
    >
      Do not share my personal information
    </button>
  </cookie-consent-link>
</li>

      </ul>
    </nav>
  </div>
</footer>



    <ghcc-consent id="ghcc" class="position-fixed bottom-0 left-0" style="z-index: 999999" data-initial-cookie-consent-allowed="" data-cookie-consent-required="false"></ghcc-consent>



  <div id="ajax-error-message" class="ajax-error-message flash flash-error" hidden>
    <svg aria-hidden="true" height="16" viewBox="0 0 16 16" version="1.1" width="16" data-view-component="true" class="octicon octicon-alert">
    <path d="M6.457 1.047c.659-1.234 2.427-1.234 3.086 0l6.082 11.378A1.75 1.75 0 0 1 14.082 15H1.918a1.75 1.75 0 0 1-1.543-2.575Zm1.763.707a.25.25 0 0 0-.44 0L1.698 13.132a.25.25 0 0 0 .22.368h12.164a.25.25 0 0 0 .22-.368Zm.53 3.996v2.5a.75.75 0 0 1-1.5 0v-2.5a.75.75 0 0 1 1.5 0ZM9 11a1 1 0 1 1-2 0 1 1 0 0 1 2 0Z"></path>
</svg>
    <button type="button" class="flash-close js-ajax-error-dismiss" aria-label="Dismiss error">
      <svg aria-hidden="true" height="16" viewBox="0 0 16 16" version="1.1" width="16" data-view-component="true" class="octicon octicon-x">
    <path d="M3.72 3.72a.75.75 0 0 1 1.06 0L8 6.94l3.22-3.22a.749.749 0 0 1 1.275.326.749.749 0 0 1-.215.734L9.06 8l3.22 3.22a.749.749 0 0 1-.326 1.275.749.749 0 0 1-.734-.215L8 9.06l-3.22 3.22a.751.751 0 0 1-1.042-.018.751.751 0 0 1-.018-1.042L6.94 8 3.72 4.78a.75.75 0 0 1 0-1.06Z"></path>
</svg>
    </button>
    You can’t perform that action at this time.
  </div>

    <template id="site-details-dialog">
  <details class="details-reset details-overlay details-overlay-dark lh-default color-fg-default hx_rsm" open>
    <summary role="button" aria-label="Close dialog"></summary>
    <details-dialog class="Box Box--overlay d-flex flex-column anim-fade-in fast hx_rsm-dialog hx_rsm-modal">
      <button class="Box-btn-octicon m-0 btn-octicon position-absolute right-0 top-0" type="button" aria-label="Close dialog" data-close-dialog>
        <svg aria-hidden="true" height="16" viewBox="0 0 16 16" version="1.1" width="16" data-view-component="true" class="octicon octicon-x">
    <path d="M3.72 3.72a.75.75 0 0 1 1.06 0L8 6.94l3.22-3.22a.749.749 0 0 1 1.275.326.749.749 0 0 1-.215.734L9.06 8l3.22 3.22a.749.749 0 0 1-.326 1.275.749.749 0 0 1-.734-.215L8 9.06l-3.22 3.22a.751.751 0 0 1-1.042-.018.751.751 0 0 1-.018-1.042L6.94 8 3.72 4.78a.75.75 0 0 1 0-1.06Z"></path>
</svg>
      </button>
      <div class="octocat-spinner my-6 js-details-dialog-spinner"></div>
    </details-dialog>
  </details>
</template>

    <div class="Popover js-hovercard-content position-absolute" style="display: none; outline: none;">
  <div class="Popover-message Popover-message--bottom-left Popover-message--large Box color-shadow-large" style="width:360px;">
  </div>
</div>

    <template id="snippet-clipboard-copy-button">
  <div class="zeroclipboard-container position-absolute right-0 top-0">
    <clipboard-copy aria-label="Copy" class="ClipboardButton btn js-clipboard-copy m-2 p-0" data-copy-feedback="Copied!" data-tooltip-direction="w">
      <svg aria-hidden="true" height="16" viewBox="0 0 16 16" version="1.1" width="16" data-view-component="true" class="octicon octicon-copy js-clipboard-copy-icon m-2">
    <path d="M0 6.75C0 5.784.784 5 1.75 5h1.5a.75.75 0 0 1 0 1.5h-1.5a.25.25 0 0 0-.25.25v7.5c0 .138.112.25.25.25h7.5a.25.25 0 0 0 .25-.25v-1.5a.75.75 0 0 1 1.5 0v1.5A1.75 1.75 0 0 1 9.25 16h-7.5A1.75 1.75 0 0 1 0 14.25Z"></path><path d="M5 1.75C5 .784 5.784 0 6.75 0h7.5C15.216 0 16 .784 16 1.75v7.5A1.75 1.75 0 0 1 14.25 11h-7.5A1.75 1.75 0 0 1 5 9.25Zm1.75-.25a.25.25 0 0 0-.25.25v7.5c0 .138.112.25.25.25h7.5a.25.25 0 0 0 .25-.25v-7.5a.25.25 0 0 0-.25-.25Z"></path>
</svg>
      <svg aria-hidden="true" height="16" viewBox="0 0 16 16" version="1.1" width="16" data-view-component="true" class="octicon octicon-check js-clipboard-check-icon color-fg-success d-none m-2">
    <path d="M13.78 4.22a.75.75 0 0 1 0 1.06l-7.25 7.25a.75.75 0 0 1-1.06 0L2.22 9.28a.751.751 0 0 1 .018-1.042.751.751 0 0 1 1.042-.018L6 10.94l6.72-6.72a.75.75 0 0 1 1.06 0Z"></path>
</svg>
    </clipboard-copy>
  </div>
</template>
<template id="snippet-clipboard-copy-button-unpositioned">
  <div class="zeroclipboard-container">
    <clipboard-copy aria-label="Copy" class="ClipboardButton btn btn-invisible js-clipboard-copy m-2 p-0 d-flex flex-justify-center flex-items-center" data-copy-feedback="Copied!" data-tooltip-direction="w">
      <svg aria-hidden="true" height="16" viewBox="0 0 16 16" version="1.1" width="16" data-view-component="true" class="octicon octicon-copy js-clipboard-copy-icon">
    <path d="M0 6.75C0 5.784.784 5 1.75 5h1.5a.75.75 0 0 1 0 1.5h-1.5a.25.25 0 0 0-.25.25v7.5c0 .138.112.25.25.25h7.5a.25.25 0 0 0 .25-.25v-1.5a.75.75 0 0 1 1.5 0v1.5A1.75 1.75 0 0 1 9.25 16h-7.5A1.75 1.75 0 0 1 0 14.25Z"></path><path d="M5 1.75C5 .784 5.784 0 6.75 0h7.5C15.216 0 16 .784 16 1.75v7.5A1.75 1.75 0 0 1 14.25 11h-7.5A1.75 1.75 0 0 1 5 9.25Zm1.75-.25a.25.25 0 0 0-.25.25v7.5c0 .138.112.25.25.25h7.5a.25.25 0 0 0 .25-.25v-7.5a.25.25 0 0 0-.25-.25Z"></path>
</svg>
      <svg aria-hidden="true" height="16" viewBox="0 0 16 16" version="1.1" width="16" data-view-component="true" class="octicon octicon-check js-clipboard-check-icon color-fg-success d-none">
    <path d="M13.78 4.22a.75.75 0 0 1 0 1.06l-7.25 7.25a.75.75 0 0 1-1.06 0L2.22 9.28a.751.751 0 0 1 .018-1.042.751.751 0 0 1 1.042-.018L6 10.94l6.72-6.72a.75.75 0 0 1 1.06 0Z"></path>
</svg>
    </clipboard-copy>
  </div>
</template>




    </div>

    <div id="js-global-screen-reader-notice" class="sr-only mt-n1" aria-live="polite" aria-atomic="true" ></div>
    <div id="js-global-screen-reader-notice-assertive" class="sr-only mt-n1" aria-live="assertive" aria-atomic="true"></div>
  </body>
</html>

[03апр.2025 21:12:33.185] [NeoForge Version Check/WARN] [net.neoforged.fml.VersionChecker/]: Failed to process update information
com.google.gson.JsonSyntaxException: java.lang.IllegalStateException: Expected BEGIN_OBJECT but was STRING at line 8 column 1 path $
	at MC-BOOTSTRAP/com.google.gson@2.10.1/com.google.gson.Gson.fromJson(Gson.java:1238) ~[gson-2.10.1.jar%23103!/:?]
	at MC-BOOTSTRAP/com.google.gson@2.10.1/com.google.gson.Gson.fromJson(Gson.java:1137) ~[gson-2.10.1.jar%23103!/:?]
	at MC-BOOTSTRAP/com.google.gson@2.10.1/com.google.gson.Gson.fromJson(Gson.java:1047) ~[gson-2.10.1.jar%23103!/:?]
	at MC-BOOTSTRAP/com.google.gson@2.10.1/com.google.gson.Gson.fromJson(Gson.java:982) ~[gson-2.10.1.jar%23103!/:?]
	at MC-BOOTSTRAP/fml_loader@4.0.38/net.neoforged.fml.VersionChecker$1.process(VersionChecker.java:167) ~[loader-4.0.38.jar%23139!/:4.0]
	at java.base/java.lang.Iterable.forEach(Iterable.java:75) [?:?]
	at MC-BOOTSTRAP/fml_loader@4.0.38/net.neoforged.fml.VersionChecker$1.run(VersionChecker.java:105) [loader-4.0.38.jar%23139!/:4.0]
Caused by: java.lang.IllegalStateException: Expected BEGIN_OBJECT but was STRING at line 8 column 1 path $
	at MC-BOOTSTRAP/com.google.gson@2.10.1/com.google.gson.stream.JsonReader.beginObject(JsonReader.java:393) ~[gson-2.10.1.jar%23103!/:?]
	at MC-BOOTSTRAP/com.google.gson@2.10.1/com.google.gson.internal.bind.MapTypeAdapterFactory$Adapter.read(MapTypeAdapterFactory.java:182) ~[gson-2.10.1.jar%23103!/:?]
	at MC-BOOTSTRAP/com.google.gson@2.10.1/com.google.gson.internal.bind.MapTypeAdapterFactory$Adapter.read(MapTypeAdapterFactory.java:144) ~[gson-2.10.1.jar%23103!/:?]
	at MC-BOOTSTRAP/com.google.gson@2.10.1/com.google.gson.Gson.fromJson(Gson.java:1227) ~[gson-2.10.1.jar%23103!/:?]
	... 6 more
[03апр.2025 21:12:33.986] [Render thread/WARN] [net.minecraft.client.sounds.SoundEngine/]: Missing sound for event: minecraft:item.goat_horn.play
[03апр.2025 21:12:33.986] [Render thread/WARN] [net.minecraft.client.sounds.SoundEngine/]: Missing sound for event: minecraft:entity.goat.screaming.horn_break
[03апр.2025 21:12:34.046] [Render thread/INFO] [com.mojang.blaze3d.audio.Library/]: OpenAL initialized on device OpenAL Soft on Динамики (USBAudio2.0)
[03апр.2025 21:12:34.047] [Render thread/INFO] [net.minecraft.client.sounds.SoundEngine/SOUNDS]: Sound engine started
[03апр.2025 21:12:34.153] [Render thread/INFO] [net.minecraft.client.renderer.texture.TextureAtlas/]: Created: 1024x1024x4 minecraft:textures/atlas/blocks.png-atlas
[03апр.2025 21:12:34.844] [Render thread/INFO] [net.minecraft.client.renderer.texture.TextureAtlas/]: Created: 512x512x4 minecraft:textures/atlas/signs.png-atlas
[03апр.2025 21:12:34.862] [Render thread/INFO] [net.minecraft.client.renderer.texture.TextureAtlas/]: Created: 512x512x4 minecraft:textures/atlas/banner_patterns.png-atlas
[03апр.2025 21:12:34.873] [Render thread/INFO] [net.minecraft.client.renderer.texture.TextureAtlas/]: Created: 512x512x4 minecraft:textures/atlas/shield_patterns.png-atlas
[03апр.2025 21:12:34.886] [Render thread/INFO] [net.minecraft.client.renderer.texture.TextureAtlas/]: Created: 1024x1024x4 minecraft:textures/atlas/armor_trims.png-atlas
[03апр.2025 21:12:34.999] [Render thread/INFO] [net.minecraft.client.renderer.texture.TextureAtlas/]: Created: 128x64x4 minecraft:textures/atlas/decorated_pot.png-atlas
[03апр.2025 21:12:35.004] [Render thread/INFO] [net.minecraft.client.renderer.texture.TextureAtlas/]: Created: 256x256x4 minecraft:textures/atlas/chest.png-atlas
[03апр.2025 21:12:35.007] [Render thread/INFO] [net.minecraft.client.renderer.texture.TextureAtlas/]: Created: 512x256x4 minecraft:textures/atlas/shulker_boxes.png-atlas
[03апр.2025 21:12:35.011] [Render thread/INFO] [net.minecraft.client.renderer.texture.TextureAtlas/]: Created: 512x256x4 minecraft:textures/atlas/beds.png-atlas
[03апр.2025 21:12:35.033] [Render thread/DEBUG] [mixin/]: Mixing mob_variants.SquidModelMixin from nomansland.mixins.json into net.minecraft.client.model.SquidModel
[03апр.2025 21:12:35.034] [Render thread/DEBUG] [mixin/]: nomansland.mixins.json:mob_variants.SquidModelMixin from mod nomansland->@Inject::createBodyLayer(Lorg/spongepowered/asm/mixin/injection/callback/CallbackInfoReturnable;)V does use it's CallbackInfoReturnable
[03апр.2025 21:12:35.091] [Render thread/INFO] [net.minecraft.client.renderer.texture.TextureAtlas/]: Created: 512x256x0 minecraft:textures/atlas/particles.png-atlas
[03апр.2025 21:12:35.116] [Render thread/INFO] [net.minecraft.client.renderer.texture.TextureAtlas/]: Created: 512x256x0 minecraft:textures/atlas/paintings.png-atlas
[03апр.2025 21:12:35.120] [Render thread/INFO] [net.minecraft.client.renderer.texture.TextureAtlas/]: Created: 256x128x0 minecraft:textures/atlas/mob_effects.png-atlas
[03апр.2025 21:12:35.124] [Render thread/INFO] [net.minecraft.client.renderer.texture.TextureAtlas/]: Created: 64x64x0 minecraft:textures/atlas/map_decorations.png-atlas
[03апр.2025 21:12:35.127] [Render thread/INFO] [net.minecraft.client.renderer.texture.TextureAtlas/]: Created: 1024x512x0 minecraft:textures/atlas/gui.png-atlas
[03апр.2025 21:12:35.187] [Render thread/WARN] [net.minecraft.client.renderer.ShaderInstance/]: Shader rendertype_entity_translucent_emissive could not find sampler named Sampler2 in the specified shader program.
[03апр.2025 21:12:35.258] [Render thread/INFO] [net.neoforged.neoforge.client.entity.animation.json.AnimationLoader/]: Loaded 0 entity animations
[03апр.2025 21:12:35.258] [Render thread/INFO] [net.minecraft.client.renderer.texture.TextureAtlas/]: Created: 256x256x0 jei:textures/atlas/gui.png-atlas
[03апр.2025 21:12:38.562] [Render thread/DEBUG] [mixin/]: Mixing MixinDataPackContents from biolith.mixins.json into net.minecraft.server.ReloadableServerResources
[03апр.2025 21:12:38.562] [Render thread/DEBUG] [mixin/]: biolith.mixins.json:MixinDataPackContents from mod biolith: Class version 65 required is higher than the class version supported by the current version of Mixin (JAVA_17 supports class version 61)
[03апр.2025 21:12:38.564] [Render thread/DEBUG] [mixin/]: biolith.mixins.json:MixinDataPackContents from mod biolith->@Inject::biolith$addDataPackContents(Lnet/minecraft/core/RegistryAccess$Frozen;Lnet/minecraft/world/flag/FeatureFlagSet;Lnet/minecraft/commands/Commands$CommandSelection;ILorg/spongepowered/asm/mixin/injection/callback/CallbackInfo;)V doesn't use it's CallbackInfo
[03апр.2025 21:12:38.564] [Render thread/DEBUG] [mixin/]: biolith.mixins.json:MixinDataPackContents from mod biolith->@Inject::biolith$addDataPackContents(Lnet/minecraft/core/RegistryAccess$Frozen;Lnet/minecraft/world/flag/FeatureFlagSet;Lnet/minecraft/commands/Commands$CommandSelection;ILorg/spongepowered/asm/mixin/injection/callback/CallbackInfo;)V has 0 override(s) in child classes
[03апр.2025 21:12:38.564] [Render thread/DEBUG] [mixin/]: biolith.mixins.json:MixinDataPackContents from mod biolith->@Inject::biolith$addDataPackContents(Lnet/minecraft/core/RegistryAccess$Frozen;Lnet/minecraft/world/flag/FeatureFlagSet;Lnet/minecraft/commands/Commands$CommandSelection;ILorg/spongepowered/asm/mixin/injection/callback/CallbackInfo;)V won't be passed a CallbackInfo as a result
[03апр.2025 21:12:38.565] [Render thread/DEBUG] [mixin/]: Mixing MixinSaveLoader from biolith.neoforge.mixins.json into net.minecraft.server.WorldStem
[03апр.2025 21:12:38.565] [Render thread/DEBUG] [mixin/]: biolith.neoforge.mixins.json:MixinSaveLoader from mod biolith: Class version 65 required is higher than the class version supported by the current version of Mixin (JAVA_17 supports class version 61)
[03апр.2025 21:12:38.566] [Render thread/DEBUG] [mixin/]: biolith.neoforge.mixins.json:MixinSaveLoader from mod biolith->@Inject::biolith$earlyCaptureRegistries(Lnet/minecraft/server/packs/resources/CloseableResourceManager;Lnet/minecraft/server/ReloadableServerResources;Lnet/minecraft/core/LayeredRegistryAccess;Lnet/minecraft/world/level/storage/WorldData;Lorg/spongepowered/asm/mixin/injection/callback/CallbackInfo;)V doesn't use it's CallbackInfo
[03апр.2025 21:12:38.720] [Render thread/WARN] [net.minecraft.util.random.Weight/]: Found 0 weight, make sure this is intentional!
[03апр.2025 21:12:38.721] [Render thread/WARN] [net.minecraft.util.random.Weight/]: Found 0 weight, make sure this is intentional!
[03апр.2025 21:12:38.722] [Render thread/WARN] [net.minecraft.util.random.Weight/]: Found 0 weight, make sure this is intentional!
[03апр.2025 21:12:38.722] [Render thread/WARN] [net.minecraft.util.random.Weight/]: Found 0 weight, make sure this is intentional!
[03апр.2025 21:12:38.723] [Render thread/WARN] [net.minecraft.util.random.Weight/]: Found 0 weight, make sure this is intentional!
[03апр.2025 21:12:38.723] [Render thread/WARN] [net.minecraft.util.random.Weight/]: Found 0 weight, make sure this is intentional!
[03апр.2025 21:12:39.191] [Worker-Main-3/ERROR] [net.minecraft.tags.TagLoader/]: Couldn't load tag blockbox:spiked_palisades as it is missing following references: 
	nomansland:spiked_maple_palisade (from mod/nomansland)
	nomansland:spiked_pine_palisade (from mod/nomansland)
	nomansland:spiked_walnut_palisade (from mod/nomansland)
	nomansland:spiked_willow_palisade (from mod/nomansland)
	nomansland:stripped_spiked_maple_palisade (from mod/nomansland)
	nomansland:stripped_spiked_pine_palisade (from mod/nomansland)
	nomansland:stripped_spiked_walnut_palisade (from mod/nomansland)
	nomansland:stripped_spiked_willow_palisade (from mod/nomansland)
[03апр.2025 21:12:39.192] [Worker-Main-3/ERROR] [net.minecraft.tags.TagLoader/]: Couldn't load tag blockbox:palisades as it is missing following references: 
	nomansland:maple_palisade (from mod/nomansland)
	nomansland:pine_palisade (from mod/nomansland)
	nomansland:walnut_palisade (from mod/nomansland)
	nomansland:willow_palisade (from mod/nomansland)
	nomansland:stripped_maple_palisade (from mod/nomansland)
	nomansland:stripped_pine_palisade (from mod/nomansland)
	nomansland:stripped_walnut_palisade (from mod/nomansland)
	nomansland:stripped_willow_palisade (from mod/nomansland)
[03апр.2025 21:12:39.193] [Worker-Main-3/ERROR] [net.minecraft.tags.TagLoader/]: Couldn't load tag blockbox:wooden_seats as it is missing following references: 
	nomansland:maple_seat (from mod/nomansland)
	nomansland:pine_seat (from mod/nomansland)
	nomansland:walnut_seat (from mod/nomansland)
	nomansland:willow_seat (from mod/nomansland)
[03апр.2025 21:12:39.304] [Render thread/INFO] [net.minecraft.world.item.crafting.RecipeManager/]: Loaded 1887 recipes
[03апр.2025 21:12:39.435] [Render thread/INFO] [net.minecraft.advancements.AdvancementTree/]: Loaded 1615 advancements
[03апр.2025 21:12:39.444] [Render thread/WARN] [net.minecraft.core.MappedRegistry/]: Not all defined tags for registry ResourceKey[minecraft:root / minecraft:worldgen/biome] are present in data pack: minecraft:is_snowy, nomansland:feature_removal/no_cattails, nomansland:has_structure/forest_temple
[03апр.2025 21:12:39.754] [Render thread/INFO] [mezz.jei.neoforge.startup.StartEventObserver/]: JEI StartEventObserver received class net.neoforged.neoforge.event.TagsUpdatedEvent too early, ignoring
[03апр.2025 21:12:39.817] [Render thread/DEBUG] [net.neoforged.neoforge.common.CommonHooks/WP]: Gathered mod list to write to world save New World
[03апр.2025 21:12:39.861] [Server thread/INFO] [net.minecraft.client.server.IntegratedServer/]: Starting integrated minecraft server version 1.21.1
[03апр.2025 21:12:39.861] [Server thread/INFO] [net.minecraft.server.MinecraftServer/]: Generating keypair
[03апр.2025 21:12:39.930] [Server thread/DEBUG] [net.neoforged.fml.config.ConfigTracker/CONFIG]: Loading configs type SERVER
[03апр.2025 21:12:39.931] [Server thread/DEBUG] [net.neoforged.fml.config.ConfigTracker/CONFIG]: Loaded TOML config file C:\Users\admin\Desktop\No-Man-s-Delight\run\config\jei-server.toml
[03апр.2025 21:12:39.932] [Server thread/DEBUG] [net.neoforged.fml.config.ConfigTracker/CONFIG]: Watching TOML config file C:\Users\admin\Desktop\No-Man-s-Delight\run\config\jei-server.toml for changes
[03апр.2025 21:12:39.933] [Server thread/DEBUG] [net.neoforged.neoforge.common.NeoForgeConfig/FORGEMOD]: Loaded NeoForge config file neoforge-server.toml
[03апр.2025 21:12:39.933] [Server thread/DEBUG] [net.neoforged.fml.config.ConfigTracker/CONFIG]: Loaded TOML config file C:\Users\admin\Desktop\No-Man-s-Delight\run\config\neoforge-server.toml
[03апр.2025 21:12:39.933] [Server thread/DEBUG] [net.neoforged.fml.config.ConfigTracker/CONFIG]: Watching TOML config file C:\Users\admin\Desktop\No-Man-s-Delight\run\config\neoforge-server.toml for changes
[03апр.2025 21:12:40.054] [Server thread/DEBUG] [mixin/]: Mixing MixinSurfaceBuilder from biolith.mixins.json into net.minecraft.world.level.levelgen.SurfaceSystem
[03апр.2025 21:12:40.054] [Server thread/DEBUG] [mixin/]: biolith.mixins.json:MixinSurfaceBuilder from mod biolith: Class version 65 required is higher than the class version supported by the current version of Mixin (JAVA_17 supports class version 61)
[03апр.2025 21:12:40.062] [Server thread/DEBUG] [mixin/]: biolith.mixins.json:MixinSurfaceBuilder from mod biolith->@Inject::biolith$injectSurfaceBuilders(Lnet/minecraft/world/level/levelgen/RandomState;Lnet/minecraft/world/level/biome/BiomeManager;Lnet/minecraft/core/Registry;ZLnet/minecraft/world/level/levelgen/WorldGenerationContext;Lnet/minecraft/world/level/chunk/ChunkAccess;Lnet/minecraft/world/level/levelgen/NoiseChunk;Lnet/minecraft/world/level/levelgen/SurfaceRules$RuleSource;Lorg/spongepowered/asm/mixin/injection/callback/CallbackInfo;Lnet/minecraft/core/BlockPos$MutableBlockPos;Lnet/minecraft/world/level/ChunkPos;IILnet/minecraft/world/level/chunk/BlockColumn;Lnet/minecraft/world/level/levelgen/SurfaceRules$Context;Lnet/minecraft/world/level/levelgen/SurfaceRules$SurfaceRule;Lnet/minecraft/core/BlockPos$MutableBlockPos;IIIIILnet/minecraft/core/Holder;)V doesn't use it's CallbackInfo
[03апр.2025 21:12:40.062] [Server thread/DEBUG] [mixin/]: biolith.mixins.json:MixinSurfaceBuilder from mod biolith->@Inject::biolith$injectSurfaceBuilders(Lnet/minecraft/world/level/levelgen/RandomState;Lnet/minecraft/world/level/biome/BiomeManager;Lnet/minecraft/core/Registry;ZLnet/minecraft/world/level/levelgen/WorldGenerationContext;Lnet/minecraft/world/level/chunk/ChunkAccess;Lnet/minecraft/world/level/levelgen/NoiseChunk;Lnet/minecraft/world/level/levelgen/SurfaceRules$RuleSource;Lorg/spongepowered/asm/mixin/injection/callback/CallbackInfo;Lnet/minecraft/core/BlockPos$MutableBlockPos;Lnet/minecraft/world/level/ChunkPos;IILnet/minecraft/world/level/chunk/BlockColumn;Lnet/minecraft/world/level/levelgen/SurfaceRules$Context;Lnet/minecraft/world/level/levelgen/SurfaceRules$SurfaceRule;Lnet/minecraft/core/BlockPos$MutableBlockPos;IIIIILnet/minecraft/core/Holder;)V has 0 override(s) in child classes
[03апр.2025 21:12:40.062] [Server thread/DEBUG] [mixin/]: biolith.mixins.json:MixinSurfaceBuilder from mod biolith->@Inject::biolith$injectSurfaceBuilders(Lnet/minecraft/world/level/levelgen/RandomState;Lnet/minecraft/world/level/biome/BiomeManager;Lnet/minecraft/core/Registry;ZLnet/minecraft/world/level/levelgen/WorldGenerationContext;Lnet/minecraft/world/level/chunk/ChunkAccess;Lnet/minecraft/world/level/levelgen/NoiseChunk;Lnet/minecraft/world/level/levelgen/SurfaceRules$RuleSource;Lorg/spongepowered/asm/mixin/injection/callback/CallbackInfo;Lnet/minecraft/core/BlockPos$MutableBlockPos;Lnet/minecraft/world/level/ChunkPos;IILnet/minecraft/world/level/chunk/BlockColumn;Lnet/minecraft/world/level/levelgen/SurfaceRules$Context;Lnet/minecraft/world/level/levelgen/SurfaceRules$SurfaceRule;Lnet/minecraft/core/BlockPos$MutableBlockPos;IIIIILnet/minecraft/core/Holder;)V won't be passed a CallbackInfo as a result
[03апр.2025 21:12:40.062] [Server thread/DEBUG] [mixin/]: biolith.mixins.json:MixinSurfaceBuilder from mod biolith->@Inject::biolith$injectLateSurfaceBuilders(Lnet/minecraft/world/level/levelgen/RandomState;Lnet/minecraft/world/level/biome/BiomeManager;Lnet/minecraft/core/Registry;ZLnet/minecraft/world/level/levelgen/WorldGenerationContext;Lnet/minecraft/world/level/chunk/ChunkAccess;Lnet/minecraft/world/level/levelgen/NoiseChunk;Lnet/minecraft/world/level/levelgen/SurfaceRules$RuleSource;Lorg/spongepowered/asm/mixin/injection/callback/CallbackInfo;Lnet/minecraft/core/BlockPos$MutableBlockPos;Lnet/minecraft/world/level/ChunkPos;IILnet/minecraft/world/level/chunk/BlockColumn;Lnet/minecraft/world/level/levelgen/SurfaceRules$Context;Lnet/minecraft/world/level/levelgen/SurfaceRules$SurfaceRule;Lnet/minecraft/core/BlockPos$MutableBlockPos;IIIIILnet/minecraft/core/Holder;)V doesn't use it's CallbackInfo
[03апр.2025 21:12:40.062] [Server thread/DEBUG] [mixin/]: biolith.mixins.json:MixinSurfaceBuilder from mod biolith->@Inject::biolith$injectLateSurfaceBuilders(Lnet/minecraft/world/level/levelgen/RandomState;Lnet/minecraft/world/level/biome/BiomeManager;Lnet/minecraft/core/Registry;ZLnet/minecraft/world/level/levelgen/WorldGenerationContext;Lnet/minecraft/world/level/chunk/ChunkAccess;Lnet/minecraft/world/level/levelgen/NoiseChunk;Lnet/minecraft/world/level/levelgen/SurfaceRules$RuleSource;Lorg/spongepowered/asm/mixin/injection/callback/CallbackInfo;Lnet/minecraft/core/BlockPos$MutableBlockPos;Lnet/minecraft/world/level/ChunkPos;IILnet/minecraft/world/level/chunk/BlockColumn;Lnet/minecraft/world/level/levelgen/SurfaceRules$Context;Lnet/minecraft/world/level/levelgen/SurfaceRules$SurfaceRule;Lnet/minecraft/core/BlockPos$MutableBlockPos;IIIIILnet/minecraft/core/Holder;)V has 0 override(s) in child classes
[03апр.2025 21:12:40.063] [Server thread/DEBUG] [mixin/]: biolith.mixins.json:MixinSurfaceBuilder from mod biolith->@Inject::biolith$injectLateSurfaceBuilders(Lnet/minecraft/world/level/levelgen/RandomState;Lnet/minecraft/world/level/biome/BiomeManager;Lnet/minecraft/core/Registry;ZLnet/minecraft/world/level/levelgen/WorldGenerationContext;Lnet/minecraft/world/level/chunk/ChunkAccess;Lnet/minecraft/world/level/levelgen/NoiseChunk;Lnet/minecraft/world/level/levelgen/SurfaceRules$RuleSource;Lorg/spongepowered/asm/mixin/injection/callback/CallbackInfo;Lnet/minecraft/core/BlockPos$MutableBlockPos;Lnet/minecraft/world/level/ChunkPos;IILnet/minecraft/world/level/chunk/BlockColumn;Lnet/minecraft/world/level/levelgen/SurfaceRules$Context;Lnet/minecraft/world/level/levelgen/SurfaceRules$SurfaceRule;Lnet/minecraft/core/BlockPos$MutableBlockPos;IIIIILnet/minecraft/core/Holder;)V won't be passed a CallbackInfo as a result
[03апр.2025 21:12:40.230] [Server thread/DEBUG] [biolith/]: biolith_overworld_state: Resolved replacements list from NBT: minecraft:forest -> [biolith:vanilla, nomansland:maple_forest, nomansland:autumnal_forest]
[03апр.2025 21:12:40.231] [Server thread/DEBUG] [biolith/]: biolith_overworld_state: Resolved replacements list from NBT: minecraft:grove -> [biolith:vanilla, nomansland:maple_grove]
[03апр.2025 21:12:40.231] [Server thread/DEBUG] [biolith/]: biolith_overworld_state: Resolved replacements list from NBT: minecraft:jungle -> [nomansland:bayou, biolith:vanilla]
[03апр.2025 21:12:40.231] [Server thread/DEBUG] [biolith/]: biolith_overworld_state: Resolved replacements list from NBT: minecraft:swamp -> [nomansland:bog, biolith:vanilla]
[03апр.2025 21:12:40.231] [Server thread/DEBUG] [biolith/]: biolith_overworld_state: Resolved replacements list from NBT: minecraft:mangrove_swamp -> [nomansland:bog, biolith:vanilla, nomansland:bayou]
[03апр.2025 21:12:40.231] [Server thread/DEBUG] [biolith/]: biolith_overworld_state: Resolved replacements list from NBT: minecraft:old_growth_birch_forest -> [biolith:vanilla, nomansland:old_growth_forest]
[03апр.2025 21:12:40.231] [Server thread/DEBUG] [biolith/]: biolith_overworld_state: Resolved replacements list from NBT: minecraft:dark_forest -> [nomansland:old_growth_forest, nomansland:dark_swamp, biolith:vanilla]
[03апр.2025 21:12:41.130] [Server thread/DEBUG] [biolith/]: No saved state found for biolith_nether_state; starting anew...
[03апр.2025 21:12:41.156] [Server thread/DEBUG] [biolith/]: No saved state found for biolith_end_state; starting anew...
[03апр.2025 21:12:41.183] [Server thread/INFO] [net.minecraft.server.MinecraftServer/]: Preparing start region for dimension minecraft:overworld
[03апр.2025 21:12:41.489] [progressListener/INFO] [net.minecraft.server.level.progress.LoggerChunkProgressListener/]: Preparing spawn area: 0%
[03апр.2025 21:12:41.612] [Server thread/INFO] [net.neoforged.neoforge.server.permission.PermissionAPI/]: Successfully initialized permission handler neoforge:default_handler
[03апр.2025 21:12:41.614] [progressListener/INFO] [net.minecraft.server.level.progress.LoggerChunkProgressListener/]: Time elapsed: 425 ms
[03апр.2025 21:12:41.697] [Server thread/INFO] [net.minecraft.client.server.IntegratedServer/]: Changing view distance to 12, from 10
[03апр.2025 21:12:41.697] [Server thread/INFO] [net.minecraft.client.server.IntegratedServer/]: Changing simulation distance to 12, from 0
[03апр.2025 21:12:41.712] [Render thread/DEBUG] [io.netty.channel.MultithreadEventLoopGroup/]: -Dio.netty.eventLoopThreads: 24
[03апр.2025 21:12:41.730] [Render thread/DEBUG] [io.netty.util.concurrent.GlobalEventExecutor/]: -Dio.netty.globalEventExecutor.quietPeriodSeconds: 1
[03апр.2025 21:12:41.742] [Render thread/DEBUG] [io.netty.channel.nio.NioEventLoop/]: -Dio.netty.noKeySetOptimization: false
[03апр.2025 21:12:41.742] [Render thread/DEBUG] [io.netty.channel.nio.NioEventLoop/]: -Dio.netty.selectorAutoRebuildThreshold: 512
[03апр.2025 21:12:41.749] [Render thread/DEBUG] [io.netty.util.internal.PlatformDependent/]: org.jctools-core.MpscChunkedArrayQueue: available
[03апр.2025 21:12:41.799] [Render thread/DEBUG] [io.netty.channel.DefaultChannelId/]: -Dio.netty.processId: 10848 (auto-detected)
[03апр.2025 21:12:41.801] [Render thread/DEBUG] [io.netty.util.NetUtil/]: -Djava.net.preferIPv4Stack: false
[03апр.2025 21:12:41.802] [Render thread/DEBUG] [io.netty.util.NetUtil/]: -Djava.net.preferIPv6Addresses: system
[03апр.2025 21:12:41.804] [Render thread/DEBUG] [io.netty.util.NetUtilInitializations/]: Loopback interface: loopback_0 (Software Loopback Interface 1, 0:0:0:0:0:0:0:1)
[03апр.2025 21:12:41.806] [Render thread/DEBUG] [io.netty.util.NetUtil/]: Failed to get SOMAXCONN from sysctl and file \proc\sys\net\core\somaxconn. Default: 200
[03апр.2025 21:12:41.808] [Render thread/DEBUG] [io.netty.channel.DefaultChannelId/]: -Dio.netty.machineId: 00:00:00:00:00:00:00:e0 (auto-detected)
[03апр.2025 21:12:41.907] [Render thread/DEBUG] [io.netty.util.Recycler/]: -Dio.netty.recycler.maxCapacityPerThread: 4096
[03апр.2025 21:12:41.907] [Render thread/DEBUG] [io.netty.util.Recycler/]: -Dio.netty.recycler.ratio: 8
[03апр.2025 21:12:41.907] [Render thread/DEBUG] [io.netty.util.Recycler/]: -Dio.netty.recycler.chunkSize: 32
[03апр.2025 21:12:41.907] [Render thread/DEBUG] [io.netty.util.Recycler/]: -Dio.netty.recycler.blocking: false
[03апр.2025 21:12:41.907] [Render thread/DEBUG] [io.netty.util.Recycler/]: -Dio.netty.recycler.batchFastThreadLocalOnly: true
[03апр.2025 21:12:42.211] [Netty Server IO #1/DEBUG] [net.neoforged.neoforge.network.filters.NetworkFilters/]: Injected net.neoforged.neoforge.network.filters.GenericPacketSplitter@21d7181e into net.minecraft.network.Connection@6e6fae53
[03апр.2025 21:12:42.240] [Netty Local Client IO #0/DEBUG] [net.neoforged.neoforge.network.filters.NetworkFilters/]: Injected net.neoforged.neoforge.network.filters.GenericPacketSplitter@227f9967 into net.minecraft.network.Connection@40d8b019
[03апр.2025 21:12:42.569] [Render thread/INFO] [mezz.jei.neoforge.startup.StartEventObserver/]: JEI StartEventObserver received class net.neoforged.neoforge.event.TagsUpdatedEvent
[03апр.2025 21:12:42.868] [Netty Server IO #1/DEBUG] [net.neoforged.neoforge.network.filters.NetworkFilters/]: Injected net.neoforged.neoforge.network.filters.GenericPacketSplitter@fd24f7a into net.minecraft.network.Connection@6e6fae53
[03апр.2025 21:12:43.001] [Server thread/INFO] [net.minecraft.server.players.PlayerList/]: Dev[local:E:b563751a] logged in with entity id 10 at (-132.35084888009158, 71.0, -78.25153146735008)
[03апр.2025 21:12:43.072] [Server thread/INFO] [net.minecraft.server.MinecraftServer/]: Dev joined the game
[03апр.2025 21:12:43.244] [Render thread/INFO] [mezz.jei.neoforge.startup.StartEventObserver/]: JEI StartEventObserver received class net.neoforged.neoforge.client.event.RecipesUpdatedEvent
[03апр.2025 21:12:43.244] [Render thread/INFO] [mezz.jei.neoforge.startup.StartEventObserver/]: JEI StartEventObserver transitioning state from LISTENING to JEI_STARTED
[03апр.2025 21:12:43.246] [Render thread/INFO] [mezz.jei.core.util.LoggedTimer/]: Starting JEI...
[03апр.2025 21:12:43.257] [Render thread/INFO] [mezz.jei.library.load.PluginCaller/]: Registering item subtypes...
[03апр.2025 21:12:43.258] [Render thread/DEBUG] [mezz.jei.library.load.PluginCallerTimerRunnable/]: Registering item subtypes: jei:minecraft...
[03апр.2025 21:12:43.264] [Render thread/DEBUG] [mezz.jei.library.load.PluginCallerTimerRunnable/]: Registering item subtypes: farmersdelight:jei_plugin...
[03апр.2025 21:12:43.264] [Render thread/DEBUG] [mezz.jei.library.load.PluginCallerTimerRunnable/]: Registering item subtypes: jei:neoforge_gui...
[03апр.2025 21:12:43.264] [Render thread/DEBUG] [mezz.jei.library.load.PluginCallerTimerRunnable/]: Registering item subtypes: jei:debug...
[03апр.2025 21:12:43.264] [Render thread/DEBUG] [mezz.jei.library.load.PluginCallerTimerRunnable/]: Registering item subtypes: jei:gui...
[03апр.2025 21:12:43.264] [Render thread/DEBUG] [mezz.jei.library.load.PluginCallerTimerRunnable/]: Registering item subtypes: jei:internal...
[03апр.2025 21:12:43.264] [Render thread/INFO] [mezz.jei.library.load.PluginCaller/]: Registering item subtypes took 6.588 ms
[03апр.2025 21:12:43.264] [Render thread/INFO] [mezz.jei.library.load.PluginCaller/]: Registering fluid subtypes...
[03апр.2025 21:12:43.264] [Render thread/DEBUG] [mezz.jei.library.load.PluginCallerTimerRunnable/]: Registering fluid subtypes: jei:minecraft...
[03апр.2025 21:12:43.264] [Render thread/DEBUG] [mezz.jei.library.load.PluginCallerTimerRunnable/]: Registering fluid subtypes: farmersdelight:jei_plugin...
[03апр.2025 21:12:43.264] [Render thread/DEBUG] [mezz.jei.library.load.PluginCallerTimerRunnable/]: Registering fluid subtypes: jei:neoforge_gui...
[03апр.2025 21:12:43.264] [Render thread/DEBUG] [mezz.jei.library.load.PluginCallerTimerRunnable/]: Registering fluid subtypes: jei:debug...
[03апр.2025 21:12:43.266] [Render thread/DEBUG] [mezz.jei.library.load.PluginCallerTimerRunnable/]: Registering fluid subtypes: jei:gui...
[03апр.2025 21:12:43.267] [Render thread/DEBUG] [mezz.jei.library.load.PluginCallerTimerRunnable/]: Registering fluid subtypes: jei:internal...
[03апр.2025 21:12:43.267] [Render thread/INFO] [mezz.jei.library.load.PluginCaller/]: Registering fluid subtypes took 1.997 ms
[03апр.2025 21:12:43.269] [Render thread/INFO] [mezz.jei.library.load.PluginCaller/]: Registering ingredients...
[03апр.2025 21:12:43.270] [Render thread/DEBUG] [mezz.jei.library.load.PluginCallerTimerRunnable/]: Registering ingredients: jei:minecraft...
[03апр.2025 21:12:43.296] [Render thread/DEBUG] [mezz.jei.library.plugins.vanilla.ingredients.ItemStackListFactory/]: Added  516/ 516 new items from 'Building Blocks' creative tab's displayItems
[03апр.2025 21:12:43.302] [Render thread/DEBUG] [mezz.jei.library.plugins.vanilla.ingredients.ItemStackListFactory/]: Added  198/ 198 new items from 'Colored Blocks' creative tab's displayItems
[03апр.2025 21:12:43.307] [Render thread/DEBUG] [mezz.jei.library.plugins.vanilla.ingredients.ItemStackListFactory/]: Added  280/ 310 new items from 'Natural Blocks' creative tab's displayItems
[03апр.2025 21:12:43.322] [Render thread/DEBUG] [mezz.jei.library.plugins.vanilla.ingredients.ItemStackListFactory/]: Added  149/ 251 new items from 'Functional Blocks' creative tab's displayItems
[03апр.2025 21:12:43.324] [Render thread/DEBUG] [mezz.jei.library.plugins.vanilla.ingredients.ItemStackListFactory/]: Added   30/  69 new items from 'Redstone Blocks' creative tab's displayItems
[03апр.2025 21:12:43.324] [Render thread/DEBUG] [mezz.jei.library.plugins.vanilla.ingredients.ItemStackListFactory/]: Skipping creative tab: 'Saved Hotbars' because it is type: HOTBAR
[03апр.2025 21:12:43.324] [Render thread/DEBUG] [mezz.jei.library.plugins.vanilla.ingredients.ItemStackListFactory/]: Skipping creative tab: 'Search Items' because it is type: SEARCH
[03апр.2025 21:12:43.331] [Render thread/DEBUG] [mezz.jei.library.plugins.vanilla.ingredients.ItemStackListFactory/]: Added  111/ 123 new items from 'Tools & Utilities' creative tab's displayItems
[03апр.2025 21:12:43.336] [Render thread/DEBUG] [mezz.jei.library.plugins.vanilla.ingredients.ItemStackListFactory/]: Added   95/ 107 new items from 'Combat' creative tab's displayItems
[03апр.2025 21:12:43.344] [Render thread/DEBUG] [mezz.jei.library.plugins.vanilla.ingredients.ItemStackListFactory/]: Added  227/ 230 new items from 'Food & Drinks' creative tab's displayItems
[03апр.2025 21:12:43.356] [Render thread/DEBUG] [mezz.jei.library.plugins.vanilla.ingredients.ItemStackListFactory/]: Added  174/ 188 new items from 'Ingredients' creative tab's displayItems
[03апр.2025 21:12:43.357] [Render thread/DEBUG] [mezz.jei.library.plugins.vanilla.ingredients.ItemStackListFactory/]: Added   85/ 273 new items from 'Ingredients' creative tab's searchTabDisplayItems
[03апр.2025 21:12:43.360] [Render thread/DEBUG] [mezz.jei.library.plugins.vanilla.ingredients.ItemStackListFactory/]: Added   83/  83 new items from 'Spawn Eggs' creative tab's displayItems
[03апр.2025 21:12:43.360] [Render thread/WARN] [mezz.jei.library.plugins.vanilla.ingredients.ItemStackListFactory/]: Item Group has no display items and no search tab display items. Items from this group will be missing from the JEI ingredient list. Operator Utilities
[03апр.2025 21:12:43.360] [Render thread/DEBUG] [mezz.jei.library.plugins.vanilla.ingredients.ItemStackListFactory/]: Skipping creative tab: 'Survival Inventory' because it is type: INVENTORY
[03апр.2025 21:12:43.361] [Render thread/DEBUG] [mezz.jei.library.plugins.vanilla.ingredients.ItemStackListFactory/]: Added  177/ 177 new items from 'Farmer's Delight' creative tab's displayItems
[03апр.2025 21:12:43.362] [Render thread/DEBUG] [mezz.jei.library.plugins.vanilla.ingredients.ItemStackListFactory/]: Added    3/ 243 new items from 'No Man's Land' creative tab's displayItems
[03апр.2025 21:12:43.363] [Render thread/DEBUG] [mezz.jei.library.plugins.vanilla.ingredients.ItemStackListFactory/]: Added   23/  23 new items from 'No Man's Delight' creative tab's displayItems
[03апр.2025 21:12:43.384] [Render thread/INFO] [mezz.jei.library.load.PluginCallerTimerRunnable/]: Registering ingredients: jei:minecraft took 115.1 milliseconds
[03апр.2025 21:12:43.384] [Render thread/DEBUG] [mezz.jei.library.load.PluginCallerTimerRunnable/]: Registering ingredients: farmersdelight:jei_plugin...
[03апр.2025 21:12:43.386] [Render thread/DEBUG] [mezz.jei.library.load.PluginCallerTimerRunnable/]: Registering ingredients: jei:neoforge_gui...
[03апр.2025 21:12:43.386] [Render thread/DEBUG] [mezz.jei.library.load.PluginCallerTimerRunnable/]: Registering ingredients: jei:debug...
[03апр.2025 21:12:43.386] [Render thread/DEBUG] [mezz.jei.library.load.PluginCallerTimerRunnable/]: Registering ingredients: jei:gui...
[03апр.2025 21:12:43.386] [Render thread/DEBUG] [mezz.jei.library.load.PluginCallerTimerRunnable/]: Registering ingredients: jei:internal...
[03апр.2025 21:12:43.386] [Render thread/INFO] [mezz.jei.library.load.PluginCaller/]: Registering ingredients took 116.6 ms
[03апр.2025 21:12:43.387] [Render thread/INFO] [mezz.jei.library.load.PluginCaller/]: Registering extra ingredients...
[03апр.2025 21:12:43.387] [Render thread/DEBUG] [mezz.jei.library.load.PluginCallerTimerRunnable/]: Registering extra ingredients: jei:minecraft...
[03апр.2025 21:12:43.387] [Render thread/DEBUG] [mezz.jei.library.load.PluginCallerTimerRunnable/]: Registering extra ingredients: farmersdelight:jei_plugin...
[03апр.2025 21:12:43.387] [Render thread/DEBUG] [mezz.jei.library.load.PluginCallerTimerRunnable/]: Registering extra ingredients: jei:neoforge_gui...
[03апр.2025 21:12:43.387] [Render thread/DEBUG] [mezz.jei.library.load.PluginCallerTimerRunnable/]: Registering extra ingredients: jei:debug...
[03апр.2025 21:12:43.387] [Render thread/DEBUG] [mezz.jei.library.load.PluginCallerTimerRunnable/]: Registering extra ingredients: jei:gui...
[03апр.2025 21:12:43.387] [Render thread/DEBUG] [mezz.jei.library.load.PluginCallerTimerRunnable/]: Registering extra ingredients: jei:internal...
[03апр.2025 21:12:43.387] [Render thread/INFO] [mezz.jei.library.load.PluginCaller/]: Registering extra ingredients took 782.8 μs
[03апр.2025 21:12:43.388] [Render thread/INFO] [mezz.jei.library.load.PluginCaller/]: Registering search ingredient aliases...
[03апр.2025 21:12:43.388] [Render thread/DEBUG] [mezz.jei.library.load.PluginCallerTimerRunnable/]: Registering search ingredient aliases: jei:minecraft...
[03апр.2025 21:12:43.389] [Render thread/DEBUG] [mezz.jei.library.load.PluginCallerTimerRunnable/]: Registering search ingredient aliases: farmersdelight:jei_plugin...
[03апр.2025 21:12:43.389] [Render thread/DEBUG] [mezz.jei.library.load.PluginCallerTimerRunnable/]: Registering search ingredient aliases: jei:neoforge_gui...
[03апр.2025 21:12:43.389] [Render thread/DEBUG] [mezz.jei.library.load.PluginCallerTimerRunnable/]: Registering search ingredient aliases: jei:debug...
[03апр.2025 21:12:43.389] [Render thread/DEBUG] [mezz.jei.library.load.PluginCallerTimerRunnable/]: Registering search ingredient aliases: jei:gui...
[03апр.2025 21:12:43.389] [Render thread/DEBUG] [mezz.jei.library.load.PluginCallerTimerRunnable/]: Registering search ingredient aliases: jei:internal...
[03апр.2025 21:12:43.389] [Render thread/INFO] [mezz.jei.library.load.PluginCaller/]: Registering search ingredient aliases took 982.8 μs
[03апр.2025 21:12:43.414] [Render thread/INFO] [mezz.jei.library.load.PluginCaller/]: Registering Mod Info...
[03апр.2025 21:12:43.416] [Render thread/DEBUG] [mezz.jei.library.load.PluginCallerTimerRunnable/]: Registering Mod Info: jei:minecraft...
[03апр.2025 21:12:43.416] [Render thread/DEBUG] [mezz.jei.library.load.PluginCallerTimerRunnable/]: Registering Mod Info: farmersdelight:jei_plugin...
[03апр.2025 21:12:43.416] [Render thread/DEBUG] [mezz.jei.library.load.PluginCallerTimerRunnable/]: Registering Mod Info: jei:neoforge_gui...
[03апр.2025 21:12:43.416] [Render thread/DEBUG] [mezz.jei.library.load.PluginCallerTimerRunnable/]: Registering Mod Info: jei:debug...
[03апр.2025 21:12:43.416] [Render thread/DEBUG] [mezz.jei.library.load.PluginCallerTimerRunnable/]: Registering Mod Info: jei:gui...
[03апр.2025 21:12:43.416] [Render thread/DEBUG] [mezz.jei.library.load.PluginCallerTimerRunnable/]: Registering Mod Info: jei:internal...
[03апр.2025 21:12:43.416] [Render thread/INFO] [mezz.jei.library.load.PluginCaller/]: Registering Mod Info took 787.2 μs
[03апр.2025 21:12:43.439] [Render thread/INFO] [mezz.jei.library.load.PluginCaller/]: Registering categories...
[03апр.2025 21:12:43.439] [Render thread/DEBUG] [mezz.jei.library.load.PluginCallerTimerRunnable/]: Registering categories: jei:minecraft...
[03апр.2025 21:12:43.466] [Render thread/INFO] [mezz.jei.library.load.PluginCallerTimerRunnable/]: Registering categories: jei:minecraft took 25.52 milliseconds
[03апр.2025 21:12:43.466] [Render thread/DEBUG] [mezz.jei.library.load.PluginCallerTimerRunnable/]: Registering categories: farmersdelight:jei_plugin...
[03апр.2025 21:12:43.470] [Render thread/DEBUG] [mezz.jei.library.load.PluginCallerTimerRunnable/]: Registering categories: jei:neoforge_gui...
[03апр.2025 21:12:43.470] [Render thread/DEBUG] [mezz.jei.library.load.PluginCallerTimerRunnable/]: Registering categories: jei:debug...
[03апр.2025 21:12:43.470] [Render thread/DEBUG] [mezz.jei.library.load.PluginCallerTimerRunnable/]: Registering categories: jei:gui...
[03апр.2025 21:12:43.470] [Render thread/DEBUG] [mezz.jei.library.load.PluginCallerTimerRunnable/]: Registering categories: jei:internal...
[03апр.2025 21:12:43.475] [Render thread/INFO] [mezz.jei.library.load.PluginCaller/]: Registering categories took 35.97 ms
[03апр.2025 21:12:43.478] [Render thread/INFO] [mezz.jei.library.load.PluginCaller/]: Registering vanilla category extensions...
[03апр.2025 21:12:43.478] [Render thread/DEBUG] [mezz.jei.library.load.PluginCallerTimerRunnable/]: Registering vanilla category extensions: jei:minecraft...
[03апр.2025 21:12:43.480] [Render thread/DEBUG] [mezz.jei.library.load.PluginCallerTimerRunnable/]: Registering vanilla category extensions: farmersdelight:jei_plugin...
[03апр.2025 21:12:43.480] [Render thread/DEBUG] [mezz.jei.library.load.PluginCallerTimerRunnable/]: Registering vanilla category extensions: jei:neoforge_gui...
[03апр.2025 21:12:43.480] [Render thread/DEBUG] [mezz.jei.library.load.PluginCallerTimerRunnable/]: Registering vanilla category extensions: jei:debug...
[03апр.2025 21:12:43.481] [Render thread/DEBUG] [mezz.jei.library.load.PluginCallerTimerRunnable/]: Registering vanilla category extensions: jei:gui...
[03апр.2025 21:12:43.481] [Render thread/DEBUG] [mezz.jei.library.load.PluginCallerTimerRunnable/]: Registering vanilla category extensions: jei:internal...
[03апр.2025 21:12:43.481] [Render thread/INFO] [mezz.jei.library.load.PluginCaller/]: Registering vanilla category extensions took 3.743 ms
[03апр.2025 21:12:43.482] [Render thread/INFO] [mezz.jei.library.load.PluginCaller/]: Registering recipe catalysts...
[03апр.2025 21:12:43.482] [Render thread/DEBUG] [mezz.jei.library.load.PluginCallerTimerRunnable/]: Registering recipe catalysts: jei:minecraft...
[03апр.2025 21:12:43.484] [Render thread/DEBUG] [mezz.jei.library.load.PluginCallerTimerRunnable/]: Registering recipe catalysts: farmersdelight:jei_plugin...
[03апр.2025 21:12:43.484] [Render thread/DEBUG] [mezz.jei.library.load.PluginCallerTimerRunnable/]: Registering recipe catalysts: jei:neoforge_gui...
[03апр.2025 21:12:43.484] [Render thread/DEBUG] [mezz.jei.library.load.PluginCallerTimerRunnable/]: Registering recipe catalysts: jei:debug...
[03апр.2025 21:12:43.484] [Render thread/DEBUG] [mezz.jei.library.load.PluginCallerTimerRunnable/]: Registering recipe catalysts: jei:gui...
[03апр.2025 21:12:43.484] [Render thread/DEBUG] [mezz.jei.library.load.PluginCallerTimerRunnable/]: Registering recipe catalysts: jei:internal...
[03апр.2025 21:12:43.484] [Render thread/INFO] [mezz.jei.library.load.PluginCaller/]: Registering recipe catalysts took 1.234 ms
[03апр.2025 21:12:43.484] [Render thread/INFO] [mezz.jei.core.util.LoggedTimer/]: Building recipe registry...
[03апр.2025 21:12:43.497] [Render thread/INFO] [mezz.jei.core.util.LoggedTimer/]: Building recipe registry took 12.26 ms
[03апр.2025 21:12:43.499] [Render thread/INFO] [mezz.jei.library.load.PluginCaller/]: Registering advanced plugins...
[03апр.2025 21:12:43.499] [Render thread/DEBUG] [mezz.jei.library.load.PluginCallerTimerRunnable/]: Registering advanced plugins: jei:minecraft...
[03апр.2025 21:12:43.499] [Render thread/DEBUG] [mezz.jei.library.load.PluginCallerTimerRunnable/]: Registering advanced plugins: farmersdelight:jei_plugin...
[03апр.2025 21:12:43.500] [Render thread/DEBUG] [mezz.jei.library.load.PluginCallerTimerRunnable/]: Registering advanced plugins: jei:neoforge_gui...
[03апр.2025 21:12:43.500] [Render thread/DEBUG] [mezz.jei.library.load.PluginCallerTimerRunnable/]: Registering advanced plugins: jei:debug...
[03апр.2025 21:12:43.500] [Render thread/DEBUG] [mezz.jei.library.load.PluginCallerTimerRunnable/]: Registering advanced plugins: jei:gui...
[03апр.2025 21:12:43.500] [Render thread/DEBUG] [mezz.jei.library.load.PluginCallerTimerRunnable/]: Registering advanced plugins: jei:internal...
[03апр.2025 21:12:43.500] [Render thread/INFO] [mezz.jei.library.load.PluginCaller/]: Registering advanced plugins took 536.7 μs
[03апр.2025 21:12:43.501] [Render thread/INFO] [mezz.jei.library.load.PluginCaller/]: Registering recipes...
[03апр.2025 21:12:43.501] [Render thread/DEBUG] [mezz.jei.library.load.PluginCallerTimerRunnable/]: Registering recipes: jei:minecraft...
[03апр.2025 21:12:43.523] [Render thread/DEBUG] [mezz.jei.library.recipes.RecipeManagerInternal/]: Adding recipes: RecipeType[uid=minecraft:crafting, recipeClass=class net.minecraft.world.item.crafting.RecipeHolder]
[03апр.2025 21:12:43.566] [Render thread/DEBUG] [mezz.jei.library.recipes.RecipeManagerInternal/]: Adding recipes: RecipeType[uid=minecraft:crafting, recipeClass=class net.minecraft.world.item.crafting.RecipeHolder]
[03апр.2025 21:12:43.572] [Render thread/DEBUG] [mezz.jei.library.recipes.RecipeManagerInternal/]: Adding recipes: RecipeType[uid=minecraft:stonecutting, recipeClass=class net.minecraft.world.item.crafting.RecipeHolder]
[03апр.2025 21:12:43.575] [Render thread/DEBUG] [mezz.jei.library.recipes.RecipeManagerInternal/]: Adding recipes: RecipeType[uid=minecraft:smelting, recipeClass=class net.minecraft.world.item.crafting.RecipeHolder]
[03апр.2025 21:12:43.576] [Render thread/DEBUG] [mezz.jei.library.recipes.RecipeManagerInternal/]: Adding recipes: RecipeType[uid=minecraft:smoking, recipeClass=class net.minecraft.world.item.crafting.RecipeHolder]
[03апр.2025 21:12:43.576] [Render thread/DEBUG] [mezz.jei.library.recipes.RecipeManagerInternal/]: Adding recipes: RecipeType[uid=minecraft:blasting, recipeClass=class net.minecraft.world.item.crafting.RecipeHolder]
[03апр.2025 21:12:43.576] [Render thread/DEBUG] [mezz.jei.library.recipes.RecipeManagerInternal/]: Adding recipes: RecipeType[uid=minecraft:campfire_cooking, recipeClass=class net.minecraft.world.item.crafting.RecipeHolder]
[03апр.2025 21:12:43.581] [Render thread/DEBUG] [mezz.jei.library.recipes.RecipeManagerInternal/]: Adding recipes: RecipeType[uid=minecraft:fuel, recipeClass=interface mezz.jei.api.recipe.vanilla.IJeiFuelingRecipe]
[03апр.2025 21:12:43.597] [Render thread/DEBUG] [mezz.jei.library.recipes.RecipeManagerInternal/]: Adding recipes: RecipeType[uid=minecraft:anvil, recipeClass=interface mezz.jei.api.recipe.vanilla.IJeiAnvilRecipe]
[03апр.2025 21:12:43.614] [Render thread/DEBUG] [mezz.jei.library.recipes.RecipeManagerInternal/]: Adding recipes: RecipeType[uid=minecraft:smithing, recipeClass=class net.minecraft.world.item.crafting.RecipeHolder]
[03апр.2025 21:12:43.628] [Render thread/DEBUG] [mezz.jei.library.recipes.RecipeManagerInternal/]: Adding recipes: RecipeType[uid=minecraft:compostable, recipeClass=interface mezz.jei.api.recipe.vanilla.IJeiCompostingRecipe]
[03апр.2025 21:12:43.654] [Render thread/DEBUG] [mezz.jei.library.recipes.RecipeManagerInternal/]: Adding recipes: RecipeType[uid=minecraft:brewing, recipeClass=interface mezz.jei.api.recipe.vanilla.IJeiBrewingRecipe]
[03апр.2025 21:12:43.660] [Render thread/INFO] [mezz.jei.library.load.PluginCallerTimerRunnable/]: Registering recipes: jei:minecraft took 158.6 milliseconds
[03апр.2025 21:12:43.660] [Render thread/DEBUG] [mezz.jei.library.load.PluginCallerTimerRunnable/]: Registering recipes: farmersdelight:jei_plugin...
[03апр.2025 21:12:43.662] [Render thread/DEBUG] [mezz.jei.library.recipes.RecipeManagerInternal/]: Adding recipes: RecipeType[uid=farmersdelight:cooking, recipeClass=class vectorwing.farmersdelight.common.crafting.CookingPotRecipe]
[03апр.2025 21:12:43.664] [Render thread/DEBUG] [mezz.jei.library.recipes.RecipeManagerInternal/]: Adding recipes: RecipeType[uid=farmersdelight:cutting, recipeClass=class vectorwing.farmersdelight.common.crafting.CuttingBoardRecipe]
[03апр.2025 21:12:43.696] [Render thread/DEBUG] [mezz.jei.library.recipes.RecipeManagerInternal/]: Adding recipes: RecipeType[uid=farmersdelight:decomposition, recipeClass=class vectorwing.farmersdelight.integration.jei.resource.DecompositionDummy]
[03апр.2025 21:12:43.699] [Render thread/DEBUG] [mezz.jei.library.recipes.RecipeManagerInternal/]: Adding recipes: RecipeType[uid=jei:information, recipeClass=interface mezz.jei.api.recipe.vanilla.IJeiIngredientInfoRecipe]
[03апр.2025 21:12:43.700] [Render thread/DEBUG] [mezz.jei.library.recipes.RecipeManagerInternal/]: Adding recipes: RecipeType[uid=jei:information, recipeClass=interface mezz.jei.api.recipe.vanilla.IJeiIngredientInfoRecipe]
[03апр.2025 21:12:43.700] [Render thread/DEBUG] [mezz.jei.library.recipes.RecipeManagerInternal/]: Adding recipes: RecipeType[uid=jei:information, recipeClass=interface mezz.jei.api.recipe.vanilla.IJeiIngredientInfoRecipe]
[03апр.2025 21:12:43.702] [Render thread/DEBUG] [mezz.jei.library.recipes.RecipeManagerInternal/]: Adding recipes: RecipeType[uid=jei:information, recipeClass=interface mezz.jei.api.recipe.vanilla.IJeiIngredientInfoRecipe]
[03апр.2025 21:12:43.702] [Render thread/DEBUG] [mezz.jei.library.recipes.RecipeManagerInternal/]: Adding recipes: RecipeType[uid=jei:information, recipeClass=interface mezz.jei.api.recipe.vanilla.IJeiIngredientInfoRecipe]
[03апр.2025 21:12:43.703] [Render thread/DEBUG] [mezz.jei.library.recipes.RecipeManagerInternal/]: Adding recipes: RecipeType[uid=jei:information, recipeClass=interface mezz.jei.api.recipe.vanilla.IJeiIngredientInfoRecipe]
[03апр.2025 21:12:43.703] [Render thread/DEBUG] [mezz.jei.library.recipes.RecipeManagerInternal/]: Adding recipes: RecipeType[uid=jei:information, recipeClass=interface mezz.jei.api.recipe.vanilla.IJeiIngredientInfoRecipe]
[03апр.2025 21:12:43.703] [Render thread/DEBUG] [mezz.jei.library.recipes.RecipeManagerInternal/]: Adding recipes: RecipeType[uid=jei:information, recipeClass=interface mezz.jei.api.recipe.vanilla.IJeiIngredientInfoRecipe]
[03апр.2025 21:12:43.703] [Render thread/DEBUG] [mezz.jei.library.recipes.RecipeManagerInternal/]: Adding recipes: RecipeType[uid=jei:information, recipeClass=interface mezz.jei.api.recipe.vanilla.IJeiIngredientInfoRecipe]
[03апр.2025 21:12:43.703] [Render thread/DEBUG] [mezz.jei.library.recipes.RecipeManagerInternal/]: Adding recipes: RecipeType[uid=jei:information, recipeClass=interface mezz.jei.api.recipe.vanilla.IJeiIngredientInfoRecipe]
[03апр.2025 21:12:43.704] [Render thread/DEBUG] [mezz.jei.library.recipes.RecipeManagerInternal/]: Adding recipes: RecipeType[uid=jei:information, recipeClass=interface mezz.jei.api.recipe.vanilla.IJeiIngredientInfoRecipe]
[03апр.2025 21:12:43.704] [Render thread/DEBUG] [mezz.jei.library.recipes.RecipeManagerInternal/]: Adding recipes: RecipeType[uid=jei:information, recipeClass=interface mezz.jei.api.recipe.vanilla.IJeiIngredientInfoRecipe]
[03апр.2025 21:12:43.704] [Render thread/DEBUG] [mezz.jei.library.recipes.RecipeManagerInternal/]: Adding recipes: RecipeType[uid=jei:information, recipeClass=interface mezz.jei.api.recipe.vanilla.IJeiIngredientInfoRecipe]
[03апр.2025 21:12:43.704] [Render thread/DEBUG] [mezz.jei.library.recipes.RecipeManagerInternal/]: Adding recipes: RecipeType[uid=jei:information, recipeClass=interface mezz.jei.api.recipe.vanilla.IJeiIngredientInfoRecipe]
[03апр.2025 21:12:43.704] [Render thread/DEBUG] [mezz.jei.library.recipes.RecipeManagerInternal/]: Adding recipes: RecipeType[uid=jei:information, recipeClass=interface mezz.jei.api.recipe.vanilla.IJeiIngredientInfoRecipe]
[03апр.2025 21:12:43.704] [Render thread/INFO] [mezz.jei.library.load.PluginCallerTimerRunnable/]: Registering recipes: farmersdelight:jei_plugin took 44.00 milliseconds
[03апр.2025 21:12:43.704] [Render thread/DEBUG] [mezz.jei.library.load.PluginCallerTimerRunnable/]: Registering recipes: jei:neoforge_gui...
[03апр.2025 21:12:43.704] [Render thread/DEBUG] [mezz.jei.library.load.PluginCallerTimerRunnable/]: Registering recipes: jei:debug...
[03апр.2025 21:12:43.704] [Render thread/DEBUG] [mezz.jei.library.load.PluginCallerTimerRunnable/]: Registering recipes: jei:gui...
[03апр.2025 21:12:43.704] [Render thread/DEBUG] [mezz.jei.library.load.PluginCallerTimerRunnable/]: Registering recipes: jei:internal...
[03апр.2025 21:12:43.708] [Render thread/DEBUG] [mezz.jei.library.plugins.jei.tags.TagInfoRecipeMaker/]: No valid ingredients found for minecraft:item tag: Candies (c:foods/candy)
[03апр.2025 21:12:43.708] [Render thread/DEBUG] [mezz.jei.library.plugins.jei.tags.TagInfoRecipeMaker/]: No valid ingredients found for minecraft:item tag: Wrenches (c:tools/wrench)
[03апр.2025 21:12:43.708] [Render thread/DEBUG] [mezz.jei.library.plugins.jei.tags.TagInfoRecipeMaker/]: No valid ingredients found for minecraft:item tag: Ropes (c:ropes)
[03апр.2025 21:12:43.709] [Render thread/DEBUG] [mezz.jei.library.recipes.RecipeManagerInternal/]: Adding recipes: RecipeType[uid=minecraft:tag_recipes/item, recipeClass=interface mezz.jei.library.plugins.jei.tags.ITagInfoRecipe]
[03апр.2025 21:12:43.728] [Render thread/DEBUG] [mezz.jei.library.plugins.jei.tags.TagInfoRecipeMaker/]: No valid ingredients found for minecraft:fluid tag: Gaseous (c:gaseous)
[03апр.2025 21:12:43.729] [Render thread/DEBUG] [mezz.jei.library.plugins.jei.tags.TagInfoRecipeMaker/]: No valid ingredients found for minecraft:fluid tag: Experience (c:experience)
[03апр.2025 21:12:43.729] [Render thread/DEBUG] [mezz.jei.library.plugins.jei.tags.TagInfoRecipeMaker/]: No valid ingredients found for minecraft:fluid tag: Milk (c:milk)
[03апр.2025 21:12:43.729] [Render thread/DEBUG] [mezz.jei.library.plugins.jei.tags.TagInfoRecipeMaker/]: No valid ingredients found for minecraft:fluid tag: Beetroot Soup (c:beetroot_soup)
[03апр.2025 21:12:43.729] [Render thread/DEBUG] [mezz.jei.library.plugins.jei.tags.TagInfoRecipeMaker/]: No valid ingredients found for minecraft:fluid tag: Potion (c:potion)
[03апр.2025 21:12:43.729] [Render thread/DEBUG] [mezz.jei.library.plugins.jei.tags.TagInfoRecipeMaker/]: No valid ingredients found for minecraft:fluid tag: Honey (c:honey)
[03апр.2025 21:12:43.729] [Render thread/DEBUG] [mezz.jei.library.plugins.jei.tags.TagInfoRecipeMaker/]: No valid ingredients found for minecraft:fluid tag: Rabbit Stew (c:rabbit_stew)
[03апр.2025 21:12:43.729] [Render thread/DEBUG] [mezz.jei.library.plugins.jei.tags.TagInfoRecipeMaker/]: No valid ingredients found for minecraft:fluid tag: Suspicious Stew (c:suspicious_stew)
[03апр.2025 21:12:43.729] [Render thread/DEBUG] [mezz.jei.library.plugins.jei.tags.TagInfoRecipeMaker/]: No valid ingredients found for minecraft:fluid tag: Mushroom Stew (c:mushroom_stew)
[03апр.2025 21:12:43.729] [Render thread/DEBUG] [mezz.jei.library.recipes.RecipeManagerInternal/]: Adding recipes: RecipeType[uid=minecraft:tag_recipes/fluid, recipeClass=interface mezz.jei.library.plugins.jei.tags.ITagInfoRecipe]
[03апр.2025 21:12:43.730] [Render thread/DEBUG] [mezz.jei.library.plugins.jei.tags.TagInfoRecipeMaker/]: No valid ingredients found for minecraft:block tag: #minecraft:incorrect_for_diamond_tool (minecraft:incorrect_for_diamond_tool)
[03апр.2025 21:12:43.730] [Render thread/DEBUG] [mezz.jei.library.plugins.jei.tags.TagInfoRecipeMaker/]: No valid ingredients found for minecraft:block tag: #minecraft:air (minecraft:air)
[03апр.2025 21:12:43.730] [Render thread/DEBUG] [mezz.jei.library.plugins.jei.tags.TagInfoRecipeMaker/]: No valid ingredients found for minecraft:block tag: Enderman Place On Blacklist (neoforge:enderman_place_on_blacklist)
[03апр.2025 21:12:43.730] [Render thread/DEBUG] [mezz.jei.library.plugins.jei.tags.TagInfoRecipeMaker/]: No valid ingredients found for minecraft:block tag: #minecraft:invalid_spawn_inside (minecraft:invalid_spawn_inside)
[03апр.2025 21:12:43.731] [Render thread/DEBUG] [mezz.jei.library.plugins.jei.tags.TagInfoRecipeMaker/]: No valid ingredients found for minecraft:block tag: Ropes (c:ropes)
[03апр.2025 21:12:43.731] [Render thread/DEBUG] [mezz.jei.library.plugins.jei.tags.TagInfoRecipeMaker/]: No valid ingredients found for minecraft:block tag: #c:mineable/knife (c:mineable/knife)
[03апр.2025 21:12:43.731] [Render thread/DEBUG] [mezz.jei.library.plugins.jei.tags.TagInfoRecipeMaker/]: No valid ingredients found for minecraft:block tag: Needs Netherite Tools (neoforge:needs_netherite_tool)
[03апр.2025 21:12:43.731] [Render thread/DEBUG] [mezz.jei.library.plugins.jei.tags.TagInfoRecipeMaker/]: No valid ingredients found for minecraft:block tag: #minecraft:incorrect_for_netherite_tool (minecraft:incorrect_for_netherite_tool)
[03апр.2025 21:12:43.731] [Render thread/DEBUG] [mezz.jei.library.plugins.jei.tags.TagInfoRecipeMaker/]: No valid ingredients found for minecraft:block tag: #minecraft:candle_cakes (minecraft:candle_cakes)
[03апр.2025 21:12:43.732] [Render thread/DEBUG] [mezz.jei.library.plugins.jei.tags.TagInfoRecipeMaker/]: No valid ingredients found for minecraft:block tag: Relocation Not Supported (c:relocation_not_supported)
[03апр.2025 21:12:43.732] [Render thread/DEBUG] [mezz.jei.library.plugins.jei.tags.TagInfoRecipeMaker/]: No valid ingredients found for minecraft:block tag: #farmersdelight:drops_cake_slice (farmersdelight:drops_cake_slice)
[03апр.2025 21:12:43.732] [Render thread/DEBUG] [mezz.jei.library.plugins.jei.tags.TagInfoRecipeMaker/]: No valid ingredients found for minecraft:block tag: #minecraft:cauldron (minecraft:cauldron)
[03апр.2025 21:12:43.732] [Render thread/DEBUG] [mezz.jei.library.plugins.jei.tags.TagInfoRecipeMaker/]: No valid ingredients found for minecraft:block tag: #minecraft:portals (minecraft:portals)
[03апр.2025 21:12:43.732] [Render thread/DEBUG] [mezz.jei.library.plugins.jei.tags.TagInfoRecipeMaker/]: No valid ingredients found for minecraft:block tag: #nomansland:firebomb_explode (nomansland:firebomb_explode)
[03апр.2025 21:12:43.733] [Render thread/DEBUG] [mezz.jei.library.plugins.jei.tags.TagInfoRecipeMaker/]: No valid ingredients found for minecraft:block tag: #minecraft:strider_warm_blocks (minecraft:strider_warm_blocks)
[03апр.2025 21:12:43.735] [Render thread/DEBUG] [mezz.jei.library.plugins.jei.tags.TagInfoRecipeMaker/]: No valid ingredients found for minecraft:block tag: #minecraft:fire (minecraft:fire)
[03апр.2025 21:12:43.735] [Render thread/DEBUG] [mezz.jei.library.recipes.RecipeManagerInternal/]: Adding recipes: RecipeType[uid=minecraft:tag_recipes/block, recipeClass=interface mezz.jei.library.plugins.jei.tags.ITagInfoRecipe]
[03апр.2025 21:12:43.748] [Render thread/INFO] [mezz.jei.library.load.PluginCallerTimerRunnable/]: Registering recipes: jei:internal took 43.59 milliseconds
[03апр.2025 21:12:43.748] [Render thread/INFO] [mezz.jei.library.load.PluginCaller/]: Registering recipes took 247.6 ms
[03апр.2025 21:12:43.760] [Render thread/INFO] [mezz.jei.library.load.PluginCaller/]: Registering recipes transfer handlers...
[03апр.2025 21:12:43.761] [Render thread/DEBUG] [mezz.jei.library.load.PluginCallerTimerRunnable/]: Registering recipes transfer handlers: jei:minecraft...
[03апр.2025 21:12:43.764] [Render thread/DEBUG] [mezz.jei.library.load.PluginCallerTimerRunnable/]: Registering recipes transfer handlers: farmersdelight:jei_plugin...
[03апр.2025 21:12:43.764] [Render thread/DEBUG] [mezz.jei.library.load.PluginCallerTimerRunnable/]: Registering recipes transfer handlers: jei:neoforge_gui...
[03апр.2025 21:12:43.764] [Render thread/DEBUG] [mezz.jei.library.load.PluginCallerTimerRunnable/]: Registering recipes transfer handlers: jei:debug...
[03апр.2025 21:12:43.764] [Render thread/DEBUG] [mezz.jei.library.load.PluginCallerTimerRunnable/]: Registering recipes transfer handlers: jei:gui...
[03апр.2025 21:12:43.764] [Render thread/DEBUG] [mezz.jei.library.load.PluginCallerTimerRunnable/]: Registering recipes transfer handlers: jei:internal...
[03апр.2025 21:12:43.764] [Render thread/INFO] [mezz.jei.library.load.PluginCaller/]: Registering recipes transfer handlers took 3.895 ms
[03апр.2025 21:12:43.769] [Render thread/INFO] [mezz.jei.core.util.LoggedTimer/]: Building runtime...
[03апр.2025 21:12:43.774] [Render thread/INFO] [mezz.jei.library.load.PluginCaller/]: Registering gui handlers...
[03апр.2025 21:12:43.775] [Render thread/DEBUG] [mezz.jei.library.load.PluginCallerTimerRunnable/]: Registering gui handlers: jei:minecraft...
[03апр.2025 21:12:43.778] [Render thread/DEBUG] [mezz.jei.library.load.PluginCallerTimerRunnable/]: Registering gui handlers: farmersdelight:jei_plugin...
[03апр.2025 21:12:43.778] [Render thread/DEBUG] [mezz.jei.library.load.PluginCallerTimerRunnable/]: Registering gui handlers: jei:neoforge_gui...
[03апр.2025 21:12:43.778] [Render thread/DEBUG] [mezz.jei.library.load.PluginCallerTimerRunnable/]: Registering gui handlers: jei:debug...
[03апр.2025 21:12:43.778] [Render thread/DEBUG] [mezz.jei.library.load.PluginCallerTimerRunnable/]: Registering gui handlers: jei:gui...
[03апр.2025 21:12:43.787] [Render thread/DEBUG] [mezz.jei.library.load.PluginCallerTimerRunnable/]: Registering gui handlers: jei:internal...
[03апр.2025 21:12:43.787] [Render thread/INFO] [mezz.jei.library.load.PluginCaller/]: Registering gui handlers took 12.55 ms
[03апр.2025 21:12:43.791] [Render thread/INFO] [mezz.jei.library.load.PluginCaller/]: Registering Runtime...
[03апр.2025 21:12:43.792] [Render thread/DEBUG] [mezz.jei.library.load.PluginCallerTimerRunnable/]: Registering Runtime: jei:minecraft...
[03апр.2025 21:12:43.792] [Render thread/DEBUG] [mezz.jei.library.load.PluginCallerTimerRunnable/]: Registering Runtime: farmersdelight:jei_plugin...
[03апр.2025 21:12:43.792] [Render thread/DEBUG] [mezz.jei.library.load.PluginCallerTimerRunnable/]: Registering Runtime: jei:neoforge_gui...
[03апр.2025 21:12:43.793] [Render thread/INFO] [mezz.jei.gui.startup.JeiGuiStarter/]: Starting JEI GUI
[03апр.2025 21:12:43.794] [Render thread/INFO] [mezz.jei.core.util.LoggedTimer/]: Building ingredient list...
[03апр.2025 21:12:43.796] [Render thread/DEBUG] [mezz.jei.gui.ingredients.IngredientListElementFactory/]: Registering ingredients: ItemStack
[03апр.2025 21:12:43.817] [Render thread/DEBUG] [mezz.jei.gui.ingredients.IngredientListElementFactory/]: Registering ingredients: FluidStack
[03апр.2025 21:12:43.818] [Render thread/INFO] [mezz.jei.core.util.LoggedTimer/]: Building ingredient list took 23.18 ms
[03апр.2025 21:12:43.818] [Render thread/INFO] [mezz.jei.core.util.LoggedTimer/]: Building ingredient filter...
[03апр.2025 21:12:43.861] [Render thread/INFO] [mezz.jei.gui.ingredients.IngredientFilter/]: Adding 2153 ingredients
[03апр.2025 21:12:44.113] [Render thread/INFO] [mezz.jei.gui.ingredients.IngredientFilter/]: Added 2153 ingredients
[03апр.2025 21:12:44.114] [Render thread/INFO] [mezz.jei.core.util.LoggedTimer/]: Building ingredient filter took 296.4 ms
[03апр.2025 21:12:44.187] [Render thread/INFO] [mezz.jei.library.load.PluginCallerTimerRunnable/]: Registering Runtime: jei:neoforge_gui took 395.3 milliseconds
[03апр.2025 21:12:44.188] [Render thread/DEBUG] [mezz.jei.library.load.PluginCallerTimerRunnable/]: Registering Runtime: jei:debug...
[03апр.2025 21:12:44.188] [Render thread/DEBUG] [mezz.jei.library.load.PluginCallerTimerRunnable/]: Registering Runtime: jei:gui...
[03апр.2025 21:12:44.188] [Render thread/DEBUG] [mezz.jei.library.load.PluginCallerTimerRunnable/]: Registering Runtime: jei:internal...
[03апр.2025 21:12:44.188] [Render thread/INFO] [mezz.jei.library.load.PluginCaller/]: Registering Runtime took 396.4 ms
[03апр.2025 21:12:44.189] [Render thread/INFO] [mezz.jei.core.util.LoggedTimer/]: Building runtime took 419.8 ms
[03апр.2025 21:12:44.189] [Render thread/INFO] [mezz.jei.library.load.PluginCaller/]: Sending Runtime...
[03апр.2025 21:12:44.190] [Render thread/DEBUG] [mezz.jei.library.load.PluginCallerTimerRunnable/]: Sending Runtime: jei:minecraft...
[03апр.2025 21:12:44.190] [Render thread/DEBUG] [mezz.jei.library.load.PluginCallerTimerRunnable/]: Sending Runtime: farmersdelight:jei_plugin...
[03апр.2025 21:12:44.190] [Render thread/DEBUG] [mezz.jei.library.load.PluginCallerTimerRunnable/]: Sending Runtime: jei:neoforge_gui...
[03апр.2025 21:12:44.190] [Render thread/DEBUG] [mezz.jei.library.load.PluginCallerTimerRunnable/]: Sending Runtime: jei:debug...
[03апр.2025 21:12:44.190] [Render thread/DEBUG] [mezz.jei.library.load.PluginCallerTimerRunnable/]: Sending Runtime: jei:gui...
[03апр.2025 21:12:44.190] [Render thread/DEBUG] [mezz.jei.library.load.PluginCallerTimerRunnable/]: Sending Runtime: jei:internal...
[03апр.2025 21:12:44.190] [Render thread/INFO] [mezz.jei.library.load.PluginCaller/]: Sending Runtime took 837.5 μs
[03апр.2025 21:12:44.190] [Render thread/INFO] [mezz.jei.core.util.LoggedTimer/]: Starting JEI took 944.6 ms
[03апр.2025 21:12:44.210] [Render thread/INFO] [net.minecraft.advancements.AdvancementTree/]: Loaded 167 advancements
[03апр.2025 21:12:44.882] [Server thread/INFO] [net.minecraft.client.server.IntegratedServer/]: Saving and pausing game...
[03апр.2025 21:12:45.067] [Server thread/INFO] [net.minecraft.server.MinecraftServer/]: Saving chunks for level 'ServerLevel[New World]'/minecraft:overworld
[03апр.2025 21:12:45.081] [Server thread/DEBUG] [biolith/]: biolith_overworld_state: Describing biome replacemnts NBT:
[["minecraft:forest", "biolith:vanilla", "nomansland:maple_forest", "nomansland:autumnal_forest"], ["minecraft:grove", "biolith:vanilla", "nomansland:maple_grove"], ["minecraft:jungle", "nomansland:bayou", "biolith:vanilla"], ["minecraft:swamp", "nomansland:bog", "biolith:vanilla"], ["minecraft:mangrove_swamp", "nomansland:bog", "biolith:vanilla", "nomansland:bayou"], ["minecraft:old_growth_birch_forest", "biolith:vanilla", "nomansland:old_growth_forest"], ["minecraft:dark_forest", "nomansland:old_growth_forest", "nomansland:dark_swamp", "biolith:vanilla"]]
[03апр.2025 21:12:45.131] [Server thread/INFO] [net.minecraft.server.MinecraftServer/]: Saving chunks for level 'ServerLevel[New World]'/minecraft:the_nether
[03апр.2025 21:12:45.132] [Server thread/INFO] [net.minecraft.server.MinecraftServer/]: Saving chunks for level 'ServerLevel[New World]'/minecraft:the_end
[03апр.2025 21:12:45.132] [Server thread/DEBUG] [net.neoforged.neoforge.common.CommonHooks/WP]: Gathered mod list to write to world save New World
[03апр.2025 21:12:45.248] [JEI Config Save Delay/DEBUG] [mezz.jei.common.config.file.ConfigSerializer/]: Saving config file: C:\Users\admin\Desktop\No-Man-s-Delight\run\config\jei\jei-debug.ini
[03апр.2025 21:12:45.248] [JEI Config Save Delay/DEBUG] [mezz.jei.common.config.file.ConfigSerializer/]: Saving config file: C:\Users\admin\Desktop\No-Man-s-Delight\run\config\jei\jei-colors.ini
[03апр.2025 21:12:45.248] [JEI Config Save Delay/DEBUG] [mezz.jei.common.config.file.ConfigSerializer/]: Saving config file: C:\Users\admin\Desktop\No-Man-s-Delight\run\config\jei\jei-mod-id-format.ini
[03апр.2025 21:12:45.250] [JEI Config Save Delay/DEBUG] [mezz.jei.common.config.file.ConfigSerializer/]: Saving config file: C:\Users\admin\Desktop\No-Man-s-Delight\run\config\jei\jei-client.ini
[03апр.2025 21:12:45.760] [JEI Config File Watcher/DEBUG] [mezz.jei.common.config.file.FileWatcherThread/]: Detected changes in files:
C:\Users\admin\Desktop\No-Man-s-Delight\run\config\jei\jei-colors.ini
C:\Users\admin\Desktop\No-Man-s-Delight\run\config\jei\jei-client.ini
C:\Users\admin\Desktop\No-Man-s-Delight\run\config\jei\jei-mod-id-format.ini
C:\Users\admin\Desktop\No-Man-s-Delight\run\config\jei\jei-debug.ini
[03апр.2025 21:12:45.777] [Render thread/DEBUG] [mezz.jei.common.config.file.ConfigSerializer/]: Skipping loading config file, it was just saved by us: C:\Users\admin\Desktop\No-Man-s-Delight\run\config\jei\jei-debug.ini
[03апр.2025 21:12:49.116] [Render thread/DEBUG] [mezz.jei.common.config.file.ConfigSerializer/]: Skipping loading config file, it was just saved by us: C:\Users\admin\Desktop\No-Man-s-Delight\run\config\jei\jei-client.ini
[03апр.2025 21:12:52.265] [Server thread/INFO] [net.minecraft.client.server.IntegratedServer/]: Saving and pausing game...
[03апр.2025 21:12:52.282] [Server thread/INFO] [net.minecraft.server.MinecraftServer/]: Saving chunks for level 'ServerLevel[New World]'/minecraft:overworld
[03апр.2025 21:12:52.306] [Server thread/INFO] [net.minecraft.server.MinecraftServer/]: Saving chunks for level 'ServerLevel[New World]'/minecraft:the_nether
[03апр.2025 21:12:52.306] [Server thread/INFO] [net.minecraft.server.MinecraftServer/]: Saving chunks for level 'ServerLevel[New World]'/minecraft:the_end
[03апр.2025 21:12:52.307] [Server thread/DEBUG] [net.neoforged.neoforge.common.CommonHooks/WP]: Gathered mod list to write to world save New World
[03апр.2025 21:12:53.099] [Render thread/INFO] [mezz.jei.neoforge.startup.StartEventObserver/]: JEI StartEventObserver received class net.neoforged.neoforge.client.event.ClientPlayerNetworkEvent$LoggingOut
[03апр.2025 21:12:53.099] [Render thread/INFO] [mezz.jei.neoforge.startup.StartEventObserver/]: JEI StartEventObserver transitioning state from JEI_STARTED to LISTENING
[03апр.2025 21:12:53.099] [Render thread/INFO] [mezz.jei.library.startup.JeiStarter/]: Stopping JEI
[03апр.2025 21:12:53.100] [Render thread/INFO] [mezz.jei.library.load.PluginCaller/]: Sending Runtime Unavailable...
[03апр.2025 21:12:53.100] [Render thread/DEBUG] [mezz.jei.library.load.PluginCallerTimerRunnable/]: Sending Runtime Unavailable: jei:minecraft...
[03апр.2025 21:12:53.100] [Render thread/DEBUG] [mezz.jei.library.load.PluginCallerTimerRunnable/]: Sending Runtime Unavailable: farmersdelight:jei_plugin...
[03апр.2025 21:12:53.100] [Render thread/DEBUG] [mezz.jei.library.load.PluginCallerTimerRunnable/]: Sending Runtime Unavailable: jei:neoforge_gui...
[03апр.2025 21:12:53.100] [Render thread/INFO] [mezz.jei.neoforge.plugins.neoforge.NeoForgeGuiPlugin/]: Stopping JEI GUI
[03апр.2025 21:12:53.101] [Render thread/DEBUG] [mezz.jei.library.load.PluginCallerTimerRunnable/]: Sending Runtime Unavailable: jei:debug...
[03апр.2025 21:12:53.101] [Render thread/DEBUG] [mezz.jei.library.load.PluginCallerTimerRunnable/]: Sending Runtime Unavailable: jei:gui...
[03апр.2025 21:12:53.101] [Render thread/DEBUG] [mezz.jei.library.load.PluginCallerTimerRunnable/]: Sending Runtime Unavailable: jei:internal...
[03апр.2025 21:12:53.101] [Render thread/INFO] [mezz.jei.library.load.PluginCaller/]: Sending Runtime Unavailable took 1.673 ms
[03апр.2025 21:12:53.120] [Server thread/INFO] [net.minecraft.server.network.ServerGamePacketListenerImpl/]: Dev lost connection: Disconnected
[03апр.2025 21:12:53.121] [Server thread/INFO] [net.minecraft.server.MinecraftServer/]: Dev left the game
[03апр.2025 21:12:53.140] [Server thread/INFO] [net.minecraft.server.network.ServerCommonPacketListenerImpl/]: Stopping singleplayer server as player logged out
[03апр.2025 21:12:53.174] [Server thread/INFO] [net.minecraft.server.MinecraftServer/]: Stopping server
[03апр.2025 21:12:53.174] [Server thread/INFO] [net.minecraft.server.MinecraftServer/]: Saving players
[03апр.2025 21:12:53.175] [Server thread/INFO] [net.minecraft.server.MinecraftServer/]: Saving worlds
[03апр.2025 21:12:53.331] [Server thread/INFO] [net.minecraft.server.MinecraftServer/]: Saving chunks for level 'ServerLevel[New World]'/minecraft:overworld
[03апр.2025 21:12:53.419] [Server thread/INFO] [net.minecraft.server.MinecraftServer/]: Saving chunks for level 'ServerLevel[New World]'/minecraft:the_nether
[03апр.2025 21:12:53.424] [Server thread/INFO] [net.minecraft.server.MinecraftServer/]: Saving chunks for level 'ServerLevel[New World]'/minecraft:the_end
[03апр.2025 21:12:53.431] [Server thread/DEBUG] [net.neoforged.neoforge.common.CommonHooks/WP]: Gathered mod list to write to world save New World
[03апр.2025 21:12:53.440] [Server thread/INFO] [net.minecraft.server.MinecraftServer/]: ThreadedAnvilChunkStorage (New World): All chunks are saved
[03апр.2025 21:12:53.440] [Server thread/INFO] [net.minecraft.server.MinecraftServer/]: ThreadedAnvilChunkStorage (DIM-1): All chunks are saved
[03апр.2025 21:12:53.440] [Server thread/INFO] [net.minecraft.server.MinecraftServer/]: ThreadedAnvilChunkStorage (DIM1): All chunks are saved
[03апр.2025 21:12:53.440] [Server thread/INFO] [net.minecraft.server.MinecraftServer/]: ThreadedAnvilChunkStorage: All dimensions are saved
[03апр.2025 21:12:53.453] [Server thread/DEBUG] [net.neoforged.fml.config.ConfigTracker/CONFIG]: Unloading configs type SERVER
[03апр.2025 21:12:54.381] [Render thread/INFO] [net.minecraft.client.Minecraft/]: Stopping!
